ccdc_id,csd_density,csd_packing_coefficient,csd_void_percent,csd_hbonds_inter_count,csd_contacts_inter_total,csd_contacts_under_cutoff,csd_min_contact_distance
ABISOV,1.407693147709519,0.7005622689769766,0.7494793510465602,1,25,23,2.389959944570226
ABISOV02,1.482595736376014,0.7300347222222222,0.0,1,53,51,2.0294194728672528
ABITEM,1.3388282191896757,0.6898634771052313,0.0,1,15,14,2.414456650078871
ABITEM01,1.4096950813180322,0.7120218579234973,0.0,1,26,23,2.255537013578216
ABITUC01,1.3259992722150888,0.6797132616487456,0.0,1,14,14,2.368560779180763
ABITUC,1.4020234033540286,0.7296077904421645,0.0,1,28,26,2.4295005689677747
ABIVAK,1.4533365232890751,0.7061121669820325,0.0,0,42,41,2.5690780941552345
ABIVAK01,1.5356427546856806,0.7308392794221282,0.0,0,77,69,2.502703833578364
EBOTOG,1.5171228402011527,0.7197733602227985,0.0,0,34,31,2.622173591096117
EBOTOG01,1.564525757965345,0.7400931590656284,0.0,0,48,44,2.5592451586210414
EBOVAU,1.4300325424774818,0.7354237955162455,0.0,0,33,33,2.376886811303318
LUWSUS01,1.2006733438099235,0.5947504144409652,21.925462024927857,0,12,12,2.603647036288871
LUWSUS,1.2655893232347508,0.6168517436197156,19.955191895577634,0,20,18,2.5529487221283698
LUWSUS03,1.4055179542458422,0.6971204551023235,0.0,0,27,26,2.516596318814429
LUWSUS02,1.4755140365655774,0.7255057258132146,0.0,0,47,43,2.3722077170215945
LUWSUS06,1.405020119359768,0.695537450816954,2.3980712179469945,0,26,22,2.6767325285648944
LUWSUS05,1.4496328953348474,0.7116203262681591,0.0,0,32,31,2.65131377341172
LUWSUS04,1.4695073308029716,0.7127114692332084,0.3443194747542573,0,33,31,2.649548366849026
LUWSUS09,1.359959961988239,0.674151813633521,6.380941213258288,0,19,17,2.701461587150628
LUWSUS07,1.4547600619501917,0.7066247582205029,4.422492401215806,0,42,36,2.6630598700751413
LUWTED02,1.390631888980966,0.6898080376079171,0.6601796836878211,1,23,21,2.560743399098646
LUWTED01,1.4241799385050455,0.7049841772151899,0.0,1,28,25,2.3784703290001787
LUWTED,1.4946276229755855,0.7297230106279392,0.0,1,46,44,2.2528036316540088
ABIWAK,1.6119409633174138,0.7288812654850391,1.323422908328569,0,41,41,2.355484099194339
ABUFOV,1.3863207169697382,0.7465891794658918,4.965506335369349,0,9,9,2.601393483265635
ABUGAI,1.2910967427883762,0.7540575955210101,8.630766252717473,0,11,11,1.6290290816125157
GAPSIA,1.4547880252098484,0.7476300821571519,0.0,0,29,29,2.300249585190018
ADIYUH,1.5078293824299491,0.779688061848256,0.0,0,31,31,2.312277503486186
GAPSOG,1.625485262678867,0.770982066972633,0.0,0,31,24,2.355024189849529
OZOGIV,2.322014450861771,0.6758090740428403,1.63238320121437,0,64,49,2.6664193380608983
ECELAA,3.4612469515346134,0.7109315408085431,2.072845156369184,0,26,20,2.8283964501878813
ECELEE01,1.3339839856216822,0.7211404472780721,0.9879140567264874,0,105,95,2.101577406567614
XENBEX06,1.5526714494839111,0.736620019830539,0.0,0,34,34,2.334893390330491
XENBEX07,1.6336775525438032,0.7206162005617683,0.0,0,51,51,2.25946008575732
ADIYOB,1.59445174053708,0.7502464592394334,2.588491134158581,0,114,113,2.2194570350010654
LUXMOH,1.6064625537505155,0.728772278142026,0.0,0,61,46,2.312985915207655
LUXMOH01,1.6277306435316534,0.7311974155161995,1.045879235810905,0,72,54,2.360328973825957
ECELII,1.9388424444199377,0.7248493336728631,2.9466938290467706,0,39,34,2.340630513400843
AFANEB02,1.530887443952556,0.7120203946650228,3.606953193730053,0,38,37,2.30307451513354
AFANEB,1.5871421329433637,0.7278685067288808,2.5159819157209324,0,42,42,2.302578760320746
AFANIF02,1.542710642763498,0.7284671904646691,0.0,0,34,32,2.3853727549247807
AFOYUS02,1.5750776604496537,0.6790808823529412,0.0,0,13,13,2.580028612321574
AFOYUS,1.6838850765081068,0.7120976670685752,0.0,0,30,30,2.3878837786209632
AFUJOD01,1.5680689405686146,0.6360157583057312,8.802569507176553,0,8,8,2.841744494117443
AFOYOM,1.7255886256672284,0.7104567535485931,0.0,0,35,35,2.462937046498018
AJAXEP,1.4256811229179729,0.7180666505285241,1.4478939724037765,1,43,40,2.2757596272697453
AKEMUY,1.6129244998559282,0.6889214522731126,0.0,0,2,2,2.901026964798161
AKENAF,1.337562126343813,0.6890894175553732,0.0,0,5,4,2.353645947150972
AKENAF01,1.3970199587594083,0.7165164742326106,0.0,0,8,7,2.375381947790689
APAFEH,1.474378788778104,0.7307520799092867,0.0,7,42,41,1.7251662830192898
APAFEM01,1.3423381431656576,0.7003032963001782,1.0353343465045592,6,31,30,2.272413316294642
APAFEM05,1.3903962380400916,0.7090874792063248,0.0,7,33,33,2.217418240173416
FEPICC36,1.3267760870933056,0.691189622224105,0.0,7,24,23,2.320195102140844
FEPICC37,1.4171970300655536,0.7218939517002383,0.0,7,34,34,2.318326876140187
IBIXEX,1.3503314826609836,0.7365829779622883,0.0,6,28,27,2.2961151861429108
IBIWUM,1.3496767326784855,0.7297390784073593,2.180111623210897,7,33,32,2.170720810348965
IBIXAT10,1.3708090153304655,0.7158512575902305,0.0,7,25,25,2.3075604977017874
IBIXAT14,1.4259808904620717,0.7326025000160835,0.0,7,33,33,2.2960838032020003
IBIXIB,1.3176443922080625,0.710196790580639,0.6088876228457485,13,64,62,2.1755939955989976
DIXLUR10,1.5136870308430022,0.6787714026288482,1.4381918021445863,7,21,21,2.196227648196739
PUTGOC01,1.4841685511587142,0.7549551534513941,0.0,11,68,66,1.934212698988602
PUTGOC,1.493063692249362,0.7373895315584583,0.416505230530802,11,75,74,1.9301016706022809
PUTHAP01,1.4628244845371108,0.7182977785444579,0.0,11,46,46,2.1055439237522013
PUTHAP,1.5357838846381575,0.7461332359030569,0.0,11,60,60,2.0981335372168046
PUTHIX01,1.5589116234846034,0.666445623342175,0.0,6,14,14,2.1148784840620944
PUTHIX,1.696412216334355,0.7195035945035945,0.0,7,42,42,2.151794416993724
ATAVAU,1.5513368575504705,0.733642723880597,5.611473880597015,2,19,19,2.3029608258873324
ATAVEY01,1.5133188354212437,0.725421089488427,0.8831822202565237,2,10,9,2.3709135356006805
ATAVEY,1.5250646906214371,0.7198460820895523,1.94589552238806,2,14,13,2.499118517624233
DUSMAH,1.4881332617583511,0.6932195898161244,0.0,0,21,21,2.4091550451169432
DUSMAH03,1.5604171487897336,0.727284179665132,0.0,0,64,64,2.240647576338937
DUSMUB,1.5118768123297806,0.7269970161977835,0.0,0,40,40,2.2562758015567943
AWUKEK01,1.4692570053835772,0.7229059464076012,0.0,0,35,34,2.3115989527245357
IZADEU,1.4805459278939246,0.71984375,1.9177989130434785,0,34,32,2.1877631354136198
IZADEU01,1.544821293914777,0.7353209109730849,0.0,0,73,72,2.273627865778462
IZADOE,1.4902941860409475,0.6751851314069987,1.2742282207198432,0,32,32,2.2445283123505977
IZADUK01,1.157314982341184,0.6456585527968939,7.892582415355559,0,32,32,2.223025411659429
IZADUK,1.2070348475757848,0.6737811572653755,7.331773248093287,0,44,44,2.280817104182141
BAXXAB01,1.50545968558304,0.7526219022710205,0.0,2,21,18,2.517964061141251
BAYZEH01,1.540879521472855,0.7573063973063973,0.0,0,34,32,2.2244091925082885
BAYZEH,1.5834146691749054,0.7668418418418418,0.0,0,37,34,2.1432838851278606
BOCYOK02,1.4761416281898243,0.7153252453288821,0.0,0,7,7,2.6938619139121824
BOCYOK,1.5564368400030446,0.7400329139459574,0.0,0,16,14,2.190425551819441
BOCZEB03,1.6649159694189584,0.685449672424062,0.0,0,5,5,2.7379709180881635
BOCZEB,1.7611480606366257,0.7101074589127686,0.0,0,10,10,2.2155852460132155
BUNSIN,1.5154193691009925,0.71046237018068,0.0,0,16,16,2.2119357452034416
BUNSIN01,1.6016667976956709,0.759345976976947,0.0,0,39,39,2.168284867263341
ETUHIM,1.3390516621472228,0.7230112044817927,0.0,6,33,33,1.9684574436767883
ETUHIM02,1.40190385269262,0.7516558386256904,0.0,6,43,43,1.8885076783366812
ETUJEK,1.4332039313690397,0.7292375283446711,0.0,4,31,28,1.968196361782072
CATWUS,1.7248614570149674,0.7211165364583333,3.343098958333333,0,38,38,2.3814588554736376
CECVUD,1.39148005623162,0.6967931688804554,5.9095509171410505,0,18,17,2.6620403535731065
CERDEJ01,1.4009980399628017,0.750708898944193,0.0,0,7,7,2.313126740005192
COLJAO,1.583048292246939,0.7098259931522912,0.0,1,40,39,1.905199189124773
COMQUR,1.3378452018147198,0.7074787664488239,0.0,0,20,19,2.743920585858714
COMQUR01,1.393170944557121,0.7293830152958976,0.0,0,36,35,2.3412505974680693
COMRAY,1.8412822309952197,0.7125,0.0,0,21,18,2.391688659546167
COMREC,1.6333025782946882,0.7489762267159528,0.0,2,19,19,2.191514053611232
DEDNOQ,1.6564826615315928,0.7731499356499356,0.0,0,27,24,2.3959529097918844
JAFCEZ,1.5735815986132125,0.7890756302521008,0.0,0,58,56,2.118668112122755
JAFCEZ01,1.6524498913756978,0.8176795092457743,0.0,0,77,76,2.247473074486503
EMIPIZ01,1.6318046423732937,0.6923819825388241,0.0,0,41,41,1.3786474818880816
DEVDUD,1.5962445955599704,0.7213144016227181,0.6977687626774848,0,9,4,3.163525491303332
DOMQED,1.5358371969085274,0.7407397901895993,8.542555580507523,1,43,41,1.8329114722392876
DOMQIH,1.5816946685527813,0.7332224556489262,0.0,2,56,56,1.974770926970153
DOMQON,1.356211322477603,0.7091273442226256,6.609195402298851,0,21,20,1.973772984072369
DOMQUT02,1.4880452207918835,0.741696862231131,0.0,0,32,32,2.160162391974348
DOMQUT01,1.531059331243814,0.757262996941896,0.0,0,36,35,2.233969416363415
DOMQUT,1.5650675836673034,0.7411910267331954,0.0,0,38,37,2.166533054675775
DOQRAC,1.1462212570959505,0.6693168241555338,0.0,0,29,29,2.686312452897519
DOQRAC01,1.1810309346132437,0.6874460877562796,0.0,0,29,29,2.3391514727552205
DUCFOW,3.97155210920569,0.7358235294117647,0.0,0,14,14,2.418388498616615
DUKJAW01,1.4721136987509686,0.7193212669683258,2.357013574660633,2,13,12,2.3888499679531496
DUKJAW,1.5596961910039018,0.7512018140589569,0.0,2,20,19,2.5010355653503744
DUKJIE,1.5518813171271904,0.7618641659562375,0.0,0,27,24,2.5407978324907745
DULBUK02,1.5954628832759503,0.7416014361709149,0.0,0,32,30,2.318250342965594
DULBUK,1.491139382617687,0.6887140206557969,0.0,0,15,14,2.411885826486096
DULCIZ,1.6793090721188548,0.665041986824165,11.514201613211512,0,26,26,2.2639490329303578
DULCOF,1.2883880309870983,0.7104476060096695,2.022400517557084,0,53,53,2.255224800634778
DULDAS,1.656378811067031,0.7326747944110656,0.0,0,79,76,2.09082923529377
DUWHIO03,1.4858712602948143,0.7097674240831693,0.7109140596632714,1,7,7,2.5667448292624893
DUWHIO,1.6330059374404016,0.8558668813741277,0.0,1,30,29,2.336552454558636
EBUQAU01,1.732601115072637,0.7430243445692883,0.0,2,45,45,0.0140463937976983
EBUQAU,1.572368834164701,0.7962924784967133,0.0,2,42,42,1.7739801487300326
EGIPOC,1.14238454070451,0.6912972085385879,0.0,0,63,63,2.104218331503257
ENUBAR,1.6565075205406288,0.7370218579234973,0.0,0,43,43,1.941547495766809
ENUBAR02,1.5531922918908043,0.7094848231690337,0.0,0,27,26,1.9696850757458733
EYIJEB,1.7295409353983158,0.7605803694513372,0.0,8,48,48,2.026308394150207
FADVUC,1.438318747479486,0.7417780471466394,0.0,0,8,8,2.395052004218613
FEBPYC04,1.5592327941712767,0.7598083290140368,0.0,0,5,5,2.9132765468114785
FEBPYC02,1.5549184597055137,0.759908831908832,0.0,0,10,9,2.6242518887583457
QAHPIY02,2.5284555501530392,0.7758728014409833,1.8489086670904853,0,13,13,2.28396386791322
QAHPIY01,1.573451839610227,0.7451113248236871,0.8604359736550679,0,59,57,2.2712295844959773
FEISXC01,2.479187131395383,0.6754390495867768,0.5320247933884298,0,4,4,2.421995407426506
FEKYEA,1.4697520115381175,0.7228354430379746,0.0,0,6,6,2.6411942314680177
FENFOW,1.671787990126495,0.737028740490279,0.8021978021978022,3,81,81,2.2802230883929724
FETPYR,1.381255004219658,0.7302464991932539,0.0,0,8,8,2.862037397254734
FIJTIC,1.3486984034064893,0.7025373064068163,0.0,0,10,10,2.8282163082289555
FIWXEP,1.288658092575208,0.6933293491562083,0.0,0,8,8,2.369565058679272
FIWXIT,1.1756519271217922,0.6936833119931711,2.4907017864764343,0,4,4,2.78443461608038
FIWXOZ02,2.583326624872092,0.687925675526922,0.0,0,10,10,2.368050069275538
FIWXOZ,2.7091552004652084,0.7158573216520651,0.0,0,20,20,2.311338909379697
FIWXOZ01,2.663953924488144,0.7097238727140688,0.0,0,16,16,2.2918925999226967
FOSBOG,1.4170805850608723,0.712785304687568,0.9223727604180264,8,129,128,1.8406271198998327
FOSCAT,1.1966891303109723,0.6318545743437899,26.196114672981768,6,88,88,1.8127017767469875
FOSCEX,1.1799098177032263,0.6077204208530569,19.210100140741712,7,47,47,1.8853816839455424
FOSCEX01,1.2698908448425408,0.6287988204850454,12.535140432775384,10,75,75,1.8491129606483296
FOSCOH,1.1593834256589532,0.5831068818364644,23.778224685665705,2,70,69,1.9147511314978465
FOYYAU,1.6457990269638851,0.7759470924273969,0.0,0,70,64,2.265735726267742
FOYYAU06,1.5877636193310258,0.7569900904207401,0.0,0,40,35,2.265191834972703
FOYYAU02,1.669743482893786,0.7446858886667368,0.0,0,65,64,2.286383925575009
GAKKOS03,1.5252431980389518,0.6991641617887465,2.5760691873648685,0,16,15,2.897516483022971
GAKKOS05,1.6045961510321611,0.71607219181293,2.9560589557280537,0,23,19,2.8227867110740306
GAKKOS04,1.6464948081915802,0.7613495211764234,0.0,0,15,14,2.553518985918904
GAPSUM,1.4711894772332466,0.7365554799183118,1.0726953530865966,0,46,45,2.171492078666279
GAPSUM01,1.2613618196431369,0.7385374806189285,0.6662517974735169,0,8,8,2.4186172496467924
GAPTAT,1.408919751444908,0.7069692655145327,1.1165390154490704,0,134,134,2.101840382896238
GAPTEX,1.5575121069172395,0.7517927234299517,0.0,0,50,49,2.31047894354032
GAPTIB,1.6556715891258484,0.8224597399498986,0.0,1,43,42,1.937986013612088
GAZQUT,1.5256825419356028,0.6918793593721639,2.1594827958755043,0,40,40,2.2198853379933854
NEMSAZ,1.4255528073539168,0.6920655428407366,0.0,4,39,39,1.7078297370195237
NEMSED,1.6476973402703443,0.6945736434108527,0.0,2,33,33,1.808899554938304
UJEDOC01,1.6024153275982531,0.7180566544529028,0.0,4,10,10,1.8400471632119852
UJEDOC,2.7295574302507006,0.7285767049201952,0.0,6,48,48,1.795707853503113
ILACON,1.5877614323756588,0.6897362816255308,0.7659821240498363,8,78,78,1.8527112522118383
LAQYIM,1.6187662767412174,0.7373310833984992,0.0,17,152,152,1.7347918177795656
HECCOJ01,1.4161322720896912,0.70386494818313,3.3675499584590494,16,78,78,1.8780193401673293
HECCOJ,1.4750202941795676,0.7418523429590341,2.8034664611571998,16,119,119,1.8399606880532124
NERDIA01,1.4253090274900229,0.6942528418496855,0.0,4,43,43,1.727820682161611
NERDIA,1.4790092133365174,0.7115105498796799,0.0,4,68,68,1.7115404560556955
SOJKUY,2.009400744163185,0.7326088726088726,0.0,4,60,54,1.943119547957568
VEVQOE,1.2691478279932693,0.7100481286450371,0.0,1,67,67,1.945265620645592
GIVZIV,1.450259065211335,0.7203390221189574,4.9643183138328775,5,99,99,1.88325188694388
GIVZAN,1.6289825834773115,0.7318094363548909,0.0,5,85,85,1.8814500492209316
GIVZER,1.6254164427076534,0.7346271153089335,0.362663430845249,11,164,164,1.7727208639703518
HOMXIT,1.453405143553254,0.7170342884628599,0.0,4,31,30,2.0134162977207306
HOMXIT01,1.4696448793856665,0.7221535078677935,0.0,4,40,39,1.797767321269223
HOMXIT02,1.5050839720935034,0.716821920405793,0.0,4,51,51,1.863649991482036
GOGDUB,1.8710437482584856,0.7409814119124709,12.625459249481992,2,29,29,1.8499754739094387
HAPDOU,1.4525439449813822,0.7304508742914947,0.0,0,36,35,2.086536749705416
HAXHIY,1.4898417966982191,0.7065070627336933,0.0,0,22,22,2.3203655981584688
HECBUO,1.54442106826504,0.7205424866300815,0.0,10,65,65,1.789601484428726
HECCEZ,1.3584974389883586,0.6499293606612686,7.2347334682861,8,45,43,1.8650606031342905
HECCID,1.379864029009694,0.6795339412360689,3.997421018697615,7,55,54,1.8155831154367652
ITINOP,1.5045374182556537,0.7481133721564265,0.0,10,63,63,1.883109694417756
ITINOP03,1.519771480160243,0.7311718903356671,0.0,9,84,84,1.8839572042069568
VISCAD,1.493917841622599,0.7617677695840861,0.5955288808244353,9,61,61,1.9027166686781865
HIXDOK01,1.056300444868408,0.5727477067006864,28.810245704723563,0,12,12,1.9963373289409885
HIXDOK,1.106196530471347,0.5935960591133005,28.706589368095347,0,29,28,1.9510036186200617
HIXFOK,1.3732814991535456,0.6929847502412366,1.996025984410556,0,63,63,2.2570273939766268
HIXFUQ01,1.2454400856200245,0.6502665755297334,5.432946001367054,0,15,15,2.248079140636614
HIXFUQ,1.3697077730101097,0.7144281914893617,2.221403584435499,0,42,42,2.1188825561117928
HMPBFE,1.258687315176294,0.6817822095599874,0.0,0,6,6,2.169367694442894
HOLSIN,1.411714777492855,0.7322202561892232,0.0,0,13,12,2.6285784710940767
HOLTEK,1.2483205271151556,0.7022046276704662,0.0,0,4,2,3.398015898588699
HOLSOT,1.3277951463449624,0.7396078518452724,0.0,0,12,9,2.732586664475314
HOLSUZ,1.3569302403916537,0.7139138035877166,0.0,0,7,7,2.7073087600702865
HOLTUA,1.3851931815808902,0.7296641975308642,0.0,0,24,23,2.7254656567163305
HOLTAG,3.219769244728458,0.7255980861244019,0.0,0,13,13,2.556502352055958
HOLTOU,1.5780115699149897,0.7166559312936125,0.0,0,12,11,2.763177403140477
HOQFID,1.3212714296534906,0.7049910873440285,0.0,0,3,3,2.3078124291613986
HPZBFE,2.8573183463196807,0.6928995369120001,0.0,0,8,8,2.1544353445587223
IGEDUU,2.0810703955727314,0.7176172631530695,1.251418159315158,0,57,53,2.1842893322479995
ILAWUP,1.4559335356838914,0.7441201633188355,0.0,9,61,61,1.850124077073008
IMAHIO01,1.232943400678275,0.7074208608174453,0.9169603325201048,0,41,41,2.289958019337344
IMAHIO,1.288177192006749,0.7336899253218491,0.6578244070799163,0,68,68,2.232930544753494
IQIJAT02,1.5479374840538949,0.7350618610017107,0.0,4,25,25,2.128781273423117
IQIJAT,1.629791956069386,0.7454746623038846,0.0,7,36,36,2.2279712824406097
JIQDAP,1.602364743383913,0.7466049237431746,0.0,2,37,36,1.9621231852294772
ISULAJ,1.6438388677473332,0.7312465431415929,0.0,7,37,37,1.9662525905314625
JIQDET,1.5240494356964969,0.7723453570911198,0.0,5,41,41,2.062558070590708
JIQDET04,1.6122263259377063,0.7601628707627118,0.0,4,51,51,1.9435569698439288
IYUFOX01,1.6022349273908691,0.7275943673143507,0.0,0,33,33,1.9771832894041657
IYUFOX,1.6878281446427783,0.7477970297029704,0.0,0,62,61,1.8867086153751205
NESVOX,1.610802790109248,0.7106750654152734,0.0,0,24,24,2.0752764416702227
NESVOX02,1.6974666869677233,0.7473930408359298,0.0,1,56,56,1.6348409265778046
IZAFEW03,1.5561233993979673,0.6661342103202569,4.282619476417926,0,22,22,2.343822793354092
IZAFEW,1.6873538822948222,0.7314319667260843,3.021814786520669,0,47,47,2.3203015748657374
IZAFIA,1.6178876530417776,0.7021632544888359,3.180282250049692,0,35,35,2.2576254545077283
IZAFOG01,1.61407497560263,0.6777638878750274,4.204230235783634,0,30,30,2.4485545542592497
IZAFOG,1.608511650494455,0.6740395967668695,3.956952138770321,0,41,41,2.404041529602718
IZAGAT02,1.474909816171215,0.696100179751234,0.0,0,18,18,2.3143256674689003
IZAGAT,1.5187073782463878,0.7171042509231581,0.6926433093019166,0,33,33,2.311724338867852
JAFBOI01,1.5475252745008137,0.7247932013663114,5.76566936910984,0,8,7,2.6232752385677616
JAFBOI03,1.649789112459764,0.7473577934352982,0.0,0,15,14,2.433647223765968
JAFBUO01,1.5598985913126868,0.7142439138576779,7.713014981273409,0,6,6,2.569082053464211
JAFBUO03,1.6562150020654318,0.7330982774367579,0.0,0,10,10,2.412666837586146
JANSAS,1.2458524189761733,0.6428553719008264,5.279752066115703,0,4,4,2.9389106149622117
JANSAS06,1.2840905201896462,0.7028120713305899,0.6455761316872427,0,12,12,2.1942181410683816
JUVGUC,1.2358663682412412,0.6815029790505478,2.9017874303286564,0,4,4,2.0761743722737878
NEFVID,1.5628848534212607,0.6997100663866684,0.0,0,11,11,2.2042826097088226
JAQQIB,1.601518563741056,0.7025191675794086,0.0,0,17,17,2.282797229944536
JAQVIG,1.7477501750749662,0.7086510263929618,3.2668621700879767,2,30,30,1.6827082551727333
JAQVOM,1.702519090281131,0.7010312976414671,13.247242399784772,0,15,15,2.395793364053345
JAQVUS,1.947950150517581,0.7403693528693529,0.0,1,32,31,1.832413723510242
JAQWAZ,1.27990584104692,0.7171318428380575,0.0,4,22,22,1.797202565356338
JOJQEE,1.4646539074596905,0.7085221435983543,0.0,0,28,28,2.3212147060191004
JUVHIR01,2.7828067797235394,0.7317208849004211,0.0,0,51,51,2.0331948679192284
JUVHIR03,2.908290772361984,0.7426973722040136,0.0,0,61,61,2.1357033003118326
JUVHEN,2.6952320770379217,0.6982539315448658,1.55527289546716,0,40,40,2.198304014714778
LAGJEK01,1.3480183945684865,0.7472856369599133,1.2544974050370936,0,22,22,2.2927767772350065
LAGJEK02,3.899053083277891,0.7287986687289449,0.4321393970093353,0,54,54,2.2575570987971414
KABYER,1.2808136668246732,0.7112421443981138,0.0,0,13,13,2.1580927935222105
KALWUR,2.3338787345525955,0.6927875618401395,0.0,4,24,24,1.8617330230628932
KALXAY01,1.1337689111100333,0.7782488888888889,0.0,0,16,16,2.0535542335332653
KALXAY,1.1900931324516877,0.756145613485018,0.0,0,17,17,1.981966562551456
KEKVIF,1.51243468382775,0.7627815589045536,0.0,0,10,10,2.251286319292445
KEKVIF01,1.5936346979673048,0.7850955037187288,0.0,0,13,13,2.141540949704873
KEZPIO01,2.187135226676796,0.7501832600293216,2.654771424763428,0,30,30,2.3209250445525105
KEZPIO,2.0047770489294345,0.7488194444444445,0.0,0,37,37,2.428078213556996
KEZPEK,1.5807919074879562,0.7052669220945083,0.0,0,16,16,2.346310747971533
KIFLOD,1.3305346158567035,0.7663450697034805,0.0,0,17,14,2.733767894456134
KIFMAQ01,1.5350155499438674,0.7398991004399308,0.0,0,20,20,2.3952401508958188
KIFMAQ,1.5425126509970764,0.7519541778975741,0.0,0,27,27,2.3024480950704977
KIFLUJ,1.4873809579030153,0.7530933370686838,0.0,6,71,71,2.166754646782697
KOKKUR,1.4720199424482456,0.7106847269182103,0.0,0,28,28,2.379835912477935
KOKKUR02,1.5578725771186528,0.7220635750579845,0.0,0,41,41,2.3175420236043043
KUHRUC,1.566581836910139,0.7784544507904453,0.0,2,32,31,2.5643059708972022
KULTAO04,1.5014668314147497,0.6922008547008547,1.177587844254511,2,13,13,2.431233557976188
KULTAO05,1.5865101777523205,0.7264052013422819,0.0,2,19,18,2.5940697262294177
LARZAF,1.3679683474846238,0.8321293159536042,19.45628519507325,1,10,10,2.175213301904013
LAYREJ01,1.4679898634956745,0.7130727196300967,3.4167016953902203,2,31,31,2.022248149311481
LAYQUY,1.385704092960408,0.6811702166795424,9.34898036763173,2,25,25,1.9221387034197084
LAYRAF,1.4337749618819535,0.725625,0.0,4,34,34,1.8482067994831748
LINRAC,1.445537727351594,0.6775389863547758,5.78849902534113,0,26,26,2.48856675799207
LOQPAI,1.3865376276555388,0.6828246810265182,0.0,0,6,3,3.224124328369873
MALJEP,1.806480438532861,0.7203133405056482,0.0,0,10,8,2.2307981121224016
MALJIT,1.6872194462873238,0.728584546766365,0.0,0,5,5,2.3994538912651784
MALJIT01,1.6126585881709896,0.7055681133212779,0.0,0,5,5,2.8812751644870995
MALJIT03,1.7160978158900837,0.7243493819128172,0.0,0,13,12,2.34658492165978
MALJOZ,1.5506809748399928,0.7173654186973859,0.0,0,12,10,2.204065612228872
MALJOZ01,1.6012050954757548,0.7315496575342466,0.0,0,16,14,2.178599048255871
MEGDEH,1.554310398345273,0.720931929423292,0.0,0,44,44,2.308403113158496
MELLOF02,1.4887755353025154,0.7394172300888718,0.0,0,24,24,2.096540640222458
MELLOF01,1.573132222356275,0.7584138084138085,0.0,0,36,36,2.108225859624492
MELLOF,1.5824544543915715,0.7470366621682412,0.0,0,41,41,2.316606164286328
MEQXIS01,1.3957989167773486,0.738218336483932,0.0,0,13,12,2.3595925617078013
MEQXIS,1.6939684968042723,0.7405903697165833,0.0,0,38,33,2.343045116755331
MEQVEM02,1.5898647836246818,0.7104531501610306,0.0,0,20,18,2.4157285328383664
MEQVEM,1.6720045186649026,0.73991355099175,0.0,0,31,30,2.4034647532075284
OCEVEA01,2.272632153688047,0.7310007483353634,1.2482725470167635,0,50,31,2.9209491069109084
OCEVEA,2.3832804679876167,0.7607352936975234,0.7983441750443524,0,64,44,2.777964924109662
MIFRIF,1.6012994886671137,0.7509352787130565,0.0,2,10,10,2.640284424300273
MIFROL01,1.815278367281576,0.7064255625803288,0.0,0,6,6,2.7465232352576168
MIFROL,1.9344441513586337,0.734487138774214,0.0,0,8,8,2.5847384028689
MIFSAY,1.4717161524683935,0.7336888138714133,0.0,0,10,9,2.290024110210144
MIFSEC,1.3965982707672202,0.710139705882353,0.0,0,7,6,2.120038332049764
MIWJUZ,1.536430085433597,0.772821729745673,0.0,0,26,21,2.2809400180333683
MOFREE,1.1940991619889394,0.6743859482102056,4.410224676313785,0,10,10,2.811478282990329
MOFRAA,1.3633625740911908,0.6818198536172717,0.0,0,8,7,2.928561449834969
XEFDER02,1.2751468714419465,0.7051053521641757,2.0826667885491417,0,14,14,2.38750073701972
XEFDER06,2.6147991573343923,0.7212017898998508,1.636479863626678,0,35,35,2.312200867378509
ZEQMEP02,1.3101041910388764,0.7469501931677914,0.0,0,20,20,2.428671278498637
ULODUV,1.6054953567937431,0.7022405660377359,0.0,4,27,27,1.9273106866539813
ULOFAD,1.6783230149710957,0.6983780205230057,0.0,4,24,24,1.924563841511525
ULOFEH,1.762304114773441,0.7106909825203509,0.0,4,32,31,1.909964621935585
NAVYEP,2.6933232999661896,0.6879479594389745,2.934640234300264,3,18,16,2.2020215189440457
YELWOC,1.4534413039448526,0.6551694009292381,2.768183874018338,3,16,16,2.124214680194362
YELWOC01,1.536709853940998,0.693464820619993,0.7817942354580285,6,49,49,2.1047522522488844
YELWUI,1.5732086829623702,0.6955714166457968,0.5133984472827448,3,18,18,2.1136067733890456
YELWUI02,1.6706512198517287,0.7055102520218799,0.0,3,28,28,2.0650657490777
YELXET,1.6470120648321644,0.7055219768923975,0.0,3,16,15,2.177966965620822
YELXET01,2.2043350542206923,0.7393819662138628,0.0,3,27,26,2.1791663956325937
YELXAP,1.436459259064396,0.6634968891402715,5.266746121525533,3,19,19,2.174810039458139
ULODIJ,1.5231787750740893,0.6619040035189103,5.344092300614039,3,18,18,2.31373125089826
ULODIJ01,1.6305838841348734,0.6998959834440315,2.03319861744661,3,24,24,2.294165558567607
NAVYEP01,2.7976432085102654,0.695224305106658,3.2248222365869426,3,19,17,2.1581799153837613
NEFSIA01,1.460267016188814,0.7249876298861949,0.0,2,11,10,2.358580659067892
NEFSIA02,1.5628075527265388,0.7553773500846476,0.0,2,28,27,2.275366864333872
NESVUD,1.2450497454881204,0.7216242283950617,0.0,0,8,8,2.4473824502007018
NESVUD01,1.5749130933892466,0.7057215743440233,0.0,0,43,43,2.329077810187033
NESWAK,1.7457985752988965,0.7433007693982389,0.0,0,45,43,2.153500694818472
NETBUJ,1.5382013767920577,0.665174456879526,8.166922683051716,0,16,16,2.895989261390901
NICSEA,1.41768343575352,0.6703227507029054,13.651739690721648,4,65,65,1.6912189508643365
NIGXUY01,1.218605771773931,0.7020745798319328,7.134416266506603,0,13,13,2.0120023953830226
NIGXUY02,1.2588434868127616,0.7305873231246366,4.389416553595658,0,17,14,2.2096332156699394
NIQFUP11,1.4960799047336857,0.7003170676640065,0.0,0,17,17,2.4891279310122805
NIQFUP,1.6226900376128712,0.7542677158582731,0.0,0,40,40,2.3117903039603207
NIXWEZ,1.3871350076970728,0.710276405966539,2.537542834106027,3,75,75,1.824606163823476
NIXXAW,1.386269111898815,0.7433400556996063,0.0,2,80,80,1.6964218419372905
NIXXEA,1.3235006669778522,0.7104621903764125,0.0,1,63,63,1.9051766678873
NOWBIK01,1.2788559927113563,0.6949805689572517,5.366843807056376,0,27,27,1.955131110377565
NOWBIK,1.366845181250206,0.7237435115039281,4.808501683501683,0,17,17,2.251875860451015
NOZJAN,1.7645431503625002,0.7637610473431369,0.0,0,36,36,2.322662705627329
NUMBEC01,1.447678384317738,0.745842922899885,0.0,1,17,17,2.290534390434386
NUMBEC,1.397280540630624,0.7042455242966752,3.78743961352657,1,21,20,2.3964425893860883
NUMBEC02,1.4134917030929302,0.7202265596160945,0.0,2,13,12,2.3508074482230565
OBUJAW,1.808937746098829,0.7008411319073083,0.0,0,3,3,2.653914846636706
OCOPAA,1.226947600971323,0.5692584726198172,28.020508902861845,0,23,23,2.7261394346321777
OJIVOS,1.4650447376148612,0.667795070718609,20.75113237032277,0,31,31,1.8984170517126335
OLAYAC,1.65639926313141,0.7360283108751872,0.0,6,33,32,2.210791938841031
OLAYAC01,1.5447245109303367,0.7166210849982231,0.0,6,24,24,2.093005165131082
PAGXAW,1.408596171905459,0.712786641929499,5.273964131106988,0,11,11,2.8124381977431905
PASDOD01,1.5035302874891865,0.6820230062335325,3.034766403187456,4,18,18,2.101954431975161
PASDOD,1.6145172583370413,0.7384926994301995,1.8874643874643875,4,38,38,2.129249443272584
PASGOF,1.5576742892999578,0.6945294915795355,0.0,0,6,3,3.351288372078874
PASGOF01,1.6408839539490665,0.7184944684944685,0.0,0,9,3,3.2750419560186312
RAKZIM,1.345278262683557,0.6539437055366533,11.477471904320034,0,37,36,1.9140007595824704
RAKZIM01,1.4453113598676466,0.6817817599067599,6.542832167832168,0,31,31,1.9121332218750124
PEJQIF,1.3643225463216182,0.6660480461903289,7.393889404405953,0,35,35,1.8802052890202083
PEJQIF01,1.459290241623819,0.6832193688174399,6.396984581553198,0,33,33,1.476041046385935
PIVFEG,1.2483050055863318,0.691726062009791,0.0,0,11,11,0.0108175000000008
POGMED,1.4005274669831966,0.7212523563642325,0.0,2,14,14,2.5603260952205456
POGXOA,1.6019289937750372,0.7577527127355796,0.0,2,14,13,2.5340062323832635
POGXUG,1.8191560385996943,0.7205675907690754,0.0,0,8,8,2.6165133812472585
POHLON,1.525291218516004,0.7537978028090669,0.0,0,45,44,2.507501436087899
POHLON01,1.6022316346338414,0.7761063596746755,0.0,0,51,47,1.8686842353435016
POWSID,1.470928770579322,0.7127734387927326,0.0,0,14,12,3.4070627172649037
POWSID01,1.390597683332222,0.7441837376311348,13.645464473640669,0,6,6,2.7288589329131008
PUBBOD,2.2434731991708854,0.7423731743150981,0.0,0,22,22,2.0886883769175246
QAHVIE,1.5002532091776624,0.7395090199797401,0.0,2,17,16,2.7027570418533653
QAHVOK,1.6854969431714,0.7169833178869324,0.0,0,10,10,2.820407561435854
QALMAR,1.133162275375733,0.5442152755398002,30.354764206681708,0,14,14,2.7555107863426422
QALMAR01,1.1636009475785294,0.5499247393649225,30.334757083108848,0,16,16,2.7376261078410025
ZOKBOQ,1.4631523908827777,0.7190252972804286,0.0,6,13,13,1.709244122380024
QERDOH,1.5194153009490452,0.7103957219251337,0.0,6,14,12,1.933081345163001
QERDIB,1.3379971740870358,0.6689248251748252,2.283078763341921,6,7,7,2.2848730061702964
QERDIB01,1.4327260128474308,0.7076222018082483,1.7925349320698158,6,13,13,2.293624830921092
QIDJET,1.66445231315594,0.7875824964631928,0.0,0,16,16,2.446488896454629
QIDJET01,1.7129589717578726,0.7915040099608159,0.0,0,16,16,2.4502122021947708
QIDJIX,1.6077081625526142,0.7495798319327731,0.0,0,24,24,2.4227690349167696
QIDJOD,2.796740287868178,0.7221218527772439,0.0,0,34,34,2.264568661684091
QIDJUJ,1.54586131782187,0.720633431085044,0.0,0,30,30,2.4898340053757213
QIDKAQ,1.6307839828152326,0.7230373914584441,2.1407052986000354,0,42,42,2.3153336549492827
QIDKEU,1.5523373136677103,0.7291492704826038,2.5041526374859706,0,28,28,2.267632218379279
QIDKIY,1.1778366854527935,0.6424009770401397,3.92069418818516,0,21,21,1.5276030103443428
QIDKOE,1.468570545790284,0.678538902783819,0.3605507829491083,0,26,26,2.4440225123506427
QIDKUK,1.4363026364652938,0.6758154579502894,0.9809329247531494,0,27,26,2.453147236883094
QIDLAR,1.2725232223600949,0.6966710611103557,0.0,0,18,18,2.4964520290427643
QIDLEV,1.2785682549616038,0.6967138585555048,0.0,0,19,19,2.456918740158414
QIDLIZ,1.2697160582678335,0.6631412421599464,1.034105398431774,0,20,20,2.158414202662302
QIDLOF,1.2727560260779134,0.6734451518839251,1.289264360923473,0,19,19,2.4665284414211244
QIDLUL,1.232401253296479,0.6376290299773756,4.564656391402715,0,29,29,2.4721616948653944
QIDLUL01,1.2682865480357353,0.6634115507017185,3.5737066912126867,0,74,74,2.368831550625388
QOMDAY,1.5383790820274494,0.741104797979798,0.0,2,15,13,2.583805786105326
QOMDAY01,1.5964199875755554,0.7576780864934675,0.0,3,41,39,2.4959265749989825
QOMDAY02,1.6134570504597776,0.7595071263501717,0.0,2,28,26,2.482183041899958
QOSVOJ,1.4087445366504012,0.7133283363154247,0.0,4,36,36,1.2283715466469782
QOZNOL,1.463006116757942,0.7216247475909312,1.0786493878281318,1,48,48,2.071859715355833
QUHWAT,1.6638958280811973,0.6970721709852145,0.0,0,10,10,2.820131349603193
QUHWAT01,1.7027358804479955,0.7135045839165689,0.0,0,28,28,2.698891038670798
QUHWAT02,1.7234379270748708,0.7267770204479065,0.0,0,6,6,2.77188651775394
QUNYAA,1.7117840169974412,0.7705290750548334,0.0,0,37,31,2.565381560840443
QUNYEE01,1.7067597158104797,0.773696026764939,0.0,0,38,34,2.5767989825901547
QUNYEE,1.5818536004867088,0.7344019937432881,0.0,0,20,19,2.771109367599879
RESWES,1.2504303653054056,0.7013021550618784,0.0,0,5,5,2.3677349007796047
RESWIW,2.5328579349912723,0.693673550662798,2.495875291574216,2,21,21,2.006147231680662
RESWIW01,2.658835305795263,0.7324809991273338,0.0,2,43,43,2.001477122486751
REWPOZ,1.7817473161732993,0.7848310330465754,0.0,0,16,15,2.283517195777218
REWPUF,1.4744591713524462,0.7758221583652618,0.0,0,17,16,2.2565985439700103
REWPUF02,1.7066542482187426,0.7263439430357833,0.0,0,56,53,2.1921340298383685
RIZSOI,1.734789326305288,0.7129390495867769,0.0,3,37,37,1.7958698901140735
RONPIT41,1.3172617462085243,0.6888302708527427,0.0,0,10,9,2.836503890967102
RONPIT39,1.3842773656046106,0.7130415829574315,0.0,0,18,18,2.7395243151619453
RONPIT26,1.3166477975040547,0.6857489224137931,0.4281772466039707,0,17,16,2.6539114279401965
RONPIT34,1.3694428442664162,0.7049077610311669,0.9385869194571372,0,26,26,2.6508048261854267
RUCJEF,1.344406440219828,0.7471012285511219,0.0,0,14,14,2.3110832825266376
SIXJUE,1.667839426806075,0.8078587278106509,21.922152366863905,0,2,2,2.87079324701834
TEKHAU,1.4123489523463608,0.7251439920556108,1.9285004965243295,0,15,15,2.743114429317899
TEKHEY,1.4044342598656263,0.7459543626803138,0.0,0,34,34,2.289432333732928
TEKHIC,1.4429885445530268,0.736511996102789,0.0,0,19,18,2.270932136840648
TEKHOI,1.3816037489781214,0.7036785768129051,4.594631460303102,0,13,11,2.702944346412309
TEKHUO,1.3920587766894768,0.7143722290781114,0.0,0,16,15,2.286095931001429
TESMAF,1.9331106732804284,0.7418796663451577,1.1478316007573324,0,31,31,2.279714977922868
TESLUY,1.766637626249406,0.7285940397051508,1.5954415954415957,0,34,34,2.304397891557436
TETXAR,1.551249695883663,0.7408376845313782,0.0,2,14,14,1.7634248105673456
TIHTAF01,1.5999260931983252,0.7064506962205171,0.0,12,46,46,2.199415967944147
TIHTAF,1.695773167007513,0.7407226508604038,0.0,13,73,73,2.1403558360282813
TISWIC,1.3644532357729933,0.7151737274027068,0.0,0,23,23,2.1490818828117373
TISWIC01,1.4403091466762408,0.741758522147377,0.0,1,35,34,2.150695840128106
TULHEQ,1.3132544012503558,0.7162902802265821,0.0,4,61,61,1.5944526783448918
TULHIU,1.3106207319121863,0.7104233526800956,3.2240810287925346,10,95,95,1.4842271242160128
TUNBIN,1.348474319086871,0.7057232285394642,4.802333035837743,0,36,36,2.1685914102623283
UCIGUJ,1.4940587886964831,0.7233765128018002,0.0,0,26,24,2.5508711700873343
UFIPIJ01,1.3013421738305813,0.6667412359195705,2.4313962873284907,0,5,5,2.621519131079929
UFIPIJ,1.3854936252526735,0.7047959869876507,2.0697144459414822,0,15,14,2.5238848202001902
ULAHIY,1.344888827082032,0.7292613646168767,0.0,12,9,9,2.0756249597336414
UZAXUQ,1.4197807540180438,0.7200170782039422,0.0,0,11,11,2.6643276296065377
UZELAN,1.3220565877399162,0.6778259849906192,0.0,0,16,16,1.962021052956964
VASYOF,1.523429997160712,0.7536207989493643,0.0,2,16,16,2.646150660810516
VASYUL01,1.471159994074856,0.7277790153709066,0.0,0,13,12,2.6906256455363824
VASYUL,1.5271333850418891,0.7427968989877756,1.3899771309903746,0,20,20,2.566142630799776
VASZEW,1.5488268315270342,0.749257865422249,0.0,2,20,20,2.37283074500952
VASZEW01,1.4908766057818716,0.727007215007215,0.0,0,14,14,2.737596637184617
VEWVEY,1.7363867213374615,0.6913674222286662,29.100816780242617,0,1,1,3.2303587460348178
VEYTIC,1.1459087532760273,0.6870912488321396,18.3106681892107,2,12,12,2.4647626796992457
VEYTEY,1.4488808522392045,0.6640758205456095,18.249480498721223,6,34,34,1.9687545622618627
VIFNAC,1.227630620226045,0.662724076526186,6.080087667229807,0,5,5,2.269066875876881
VIFNAC01,1.5586026402075766,0.7088501584427342,0.0,0,128,128,2.223516587178568
VILZAT,1.1515464285138035,0.8448557573765102,12.762390071504887,0,4,4,2.3513693313817434
VILZEX,1.4117568463753496,0.713482057848255,1.479037394530352,0,28,28,2.322443366420788
VILZOH,1.5185624047883175,0.7272725586089692,7.214524783115274,0,13,13,2.358776066735117
VIMBAW,1.6190852875939123,0.7067841768248094,0.0,0,21,21,2.20698345358162
VOJPAM,1.1117132137023793,0.6509508481948674,7.306481078729883,0,7,7,2.087099622191112
VUJRIC,1.1849980494174932,0.7053831030376873,0.0,0,12,12,2.273452559413332
WAHKEX01,1.3978167485275217,0.6972776893725511,1.84726998956248,0,10,10,2.7326997487391624
WAHKEX,1.5171298407674787,0.744361212803905,0.0,0,22,20,2.7586744476394864
WATJEJ,1.4085575248702158,0.6579984302992493,6.225272182085287,0,8,8,2.354438982420783
WATJEJ01,1.4760266587334834,0.6809641210326142,5.38983878024974,0,5,5,2.884371678616411
WEKJED,1.6409855439044434,0.7554298865691271,0.0,4,35,35,2.259341519708085
WEKJIH,1.0544900661642274,0.5508633106424179,27.345641013381467,0,5,5,2.829532397005302
WIDGEW,1.4343727439111067,0.7903706305532789,0.0,0,24,23,2.6088040362053477
WIDGIA,1.4194075330108715,0.7391571035051915,4.676190794829759,0,20,19,2.615039587424226
WIDGOG,1.455319034794536,0.7641594246329038,0.0,0,16,16,2.3475876133865223
WIFZUG,1.22866525632217,0.6969444220375898,0.0,0,37,36,2.318032193688431
WIGBAP,1.2406055912420626,0.7050083351453215,1.2328108218519178,0,18,18,2.274237150987168
XADFEN,2.159643634920824,0.7350072620232816,0.0,0,31,31,2.116827990455207
XAMNII,1.4863622973631654,0.744202626641651,0.0,0,17,17,2.1984471081375547
XAMNII01,1.4256446111937295,0.7340202217049507,0.0,0,12,12,2.07127404861419
XEVYUS,1.44187890059303,0.7220055130805638,0.0,0,15,14,2.2144996975828914
XECMIB01,1.3202126459262764,0.7144934840521275,5.8427532579739365,0,6,5,2.750801161960036
XECMIB02,1.4005210633509837,0.7557233704292527,5.027254144901204,0,17,15,2.272973194651445
XECNAU01,1.309403759123151,0.6800754242614707,5.328906017400509,0,13,12,2.817913728034552
XECNAU,1.371692064687484,0.7067234057365637,4.994691590086327,0,31,29,2.3388911009634707
XOCFIF,1.6104572832040671,0.7451520553124831,0.0,0,73,73,2.241954091338079
XODCEB,1.0833729634374596,0.536255780954383,33.74763506411604,2,50,50,1.9317349291067811
XUGGEO,1.5752701566439795,0.6631683864915572,0.3455936001667709,0,12,11,2.7143771431406893
XUGGEO02,1.6585291778960596,0.6835679442508711,0.8142857142857143,0,30,29,2.279578025466953
XUGGEO01,1.607608177571755,0.6813703852327447,0.0,0,12,12,2.546133406449772
XUGGEO03,1.693765372283787,0.700372130182491,0.0,0,15,15,2.3949998390771463
XUGGUE,1.6495038214746365,0.7002834846313107,0.7058448797579232,0,11,11,2.186857437505914
XUGGIS01,1.6079211047998454,0.681925494917068,0.0,0,12,12,2.545802379977797
XUGGIS,1.6940123273505223,0.7005788691727637,0.0,0,15,15,2.3989653145801477
XUGHAL,1.578421957883941,0.6652053775439715,0.0,0,15,14,2.697043570729724
XUGGIS02,1.6562044424322415,0.6830871080139372,0.8491289198606271,0,30,29,2.2808347640898643
YAGYIP01,1.720439790825122,0.6500304321363359,4.636386133647241,0,25,25,1.5505831752562669
YAGYIP,1.829690565357332,0.6815669515669516,0.0,0,31,31,1.5213275853809414
YAGYUB01,2.0335320695584733,0.6775412087912088,5.729802604802605,0,30,28,2.270036106812398
YAGYUB,2.166224470292474,0.6853043555567713,4.554562426911582,0,24,22,2.183778073557679
YAMXAL,1.5135460737304238,0.7018543095185431,0.0,0,17,17,2.50317445232314
YECMAW,1.2998470355932468,0.7387630100396058,0.0,0,15,15,2.248374492272171
YEQKIR,1.2536085554793106,0.6915680810417653,0.0,0,23,23,2.242940734430166
YIMYEZ,1.5648230492200852,0.7235657154142392,0.0,0,35,34,2.1378992901211435
YIMYEZ02,1.4752707154772182,0.6906585949498196,3.239401407193114,0,26,26,2.19761478189939
YIMYEZ01,1.5227364993329378,0.7081279059765213,0.0,0,34,33,2.1343000764253106
YIMYID04,1.4314507873272413,0.7356985359573798,0.0,0,36,35,2.212624854157305
YIMYID02,1.4709761468754874,0.7376273344651952,0.0,0,63,63,2.187542411944225
YIMYOJ,1.4993162295028477,0.7297856845609655,0.0,0,50,47,2.360346502738654
YIVSEB,1.8247349696541,0.739585489368161,2.8779327823083256,0,32,32,2.198372262575307
YUJBUB01,1.28330235526738,0.7315045498718968,0.0,0,15,15,2.2652275343960406
YUJBUB,1.348121910955845,0.7519644221324894,0.0,0,19,18,2.1798077275003327
YUYHOR01,1.0246418590903754,0.7116720085470085,0.0,0,4,4,2.168820961224428
YUYHOR,1.2957731894985465,0.6974025974025974,0.0,0,12,12,2.24116363731559
YUZTOD,1.7798007333187609,0.7765118727336531,0.0,0,61,61,2.264467673052083
YUZTIX,1.8560053137167576,0.7710376904384942,0.0,0,50,50,2.0656731304321028
YUZTUJ,1.563284805698543,0.7425613452235239,2.327402809348954,2,75,73,1.63842838335672
ZIKKUC04,1.4310459069552013,0.6756676531957431,2.534128376825006,15,126,125,1.6348151373644242
ZIKKUC,1.4951940307670346,0.7131109577486389,0.6435089333640058,13,117,117,1.9624147356937889
ZIKMAK09,1.3880885928017836,0.6437420356229221,7.659215682517175,13,53,53,1.9311219345896344
ZIKMAK05,1.4882809679116682,0.6901679701816623,5.381062036249473,12,100,100,1.9869016444069587
ZIMMAJ,1.6085167439699652,0.7567637877211238,0.0,8,28,28,1.690532779826062
ZOYKUV01,1.2335013070815048,0.7057988165680473,0.0,0,19,19,2.490756733207668
ZOYKUV,1.2841877788965603,0.7140643239544339,0.0,0,21,20,2.370987554370501
ZUBNAO01,1.343130808509638,0.6909596202525495,6.743076103345463,4,24,23,1.9397493633501437
ZUBNAO,1.3725786937820936,0.7028375149342891,6.848533120934556,4,27,26,1.9239632499334864
ZUBNES,1.3039444958611532,0.7059982208666921,7.03604862964375,4,26,26,1.8983168689235537
ZUBNIW01,1.3546048885075717,0.7288962681846932,6.533839342188489,4,35,35,1.850238927819529
ZUBNOC,1.4220815283721018,0.7196707465662384,4.120860101905184,0,30,30,2.283839665515765
ZUCROE01,1.4986525643817832,0.7809746053534661,0.0,2,42,42,2.4875692913232266
ZUCROE,1.5523561458519617,0.8032573336275564,0.0,2,52,52,2.3458910224187903
