Unnamed: 0,smi,chg,coord_no,memo
GAPSIA_ligands0.mol2,c1cc(nc(c1)n2cccn2)n3cccn3,0,3,
ADIYUH_ligands0.mol2,c1cc(nc(c1)n2cccn2)n3cccn3,0,3,
GAPSOG_ligands0.mol2,c1cc(nc(c1)n2cccn2)n3cccn3,0,3,
OZOGIV_ligands0.mol2,c1cc(nc(c1)n2cccn2)n3cccn3,0,3,
ECELAA_ligands0.mol2,c1cc(nc(c1)n2cccn2)n3cccn3,0,3,
ECELEE01_ligands0.mol2,c1cc(nc(c1)n2cccn2)n3cccn3,0,3,
ECELII_ligands0.mol2,Cc1ccn(n1)c2cccc(n2)n3ccc(n3)C,0,3,
GAPTAT_ligands0.mol2,CC(C)c1ccn(n1)c2cccc(n2)n3ccc(n3)C(C)C,0,3,
GAPTEX_ligands0.mol2,CCOC(=O)c1ccn(n1)c2cccc(n2)n3ccc(n3)C(=O)OCC,0,3,
GAPSUM_ligands0.mol2,c1ccc(cc1)c2ccn(n2)c3cccc(n3)n4ccc(n4)c5ccccc5,0,3,
GAPSUM01_ligands0.mol2,c1ccc(cc1)c2ccn(n2)c3cccc(n3)n4ccc(n4)c5ccccc5,0,3,
GAPTIB_ligands0.mol2,c1cc(nc(c1)n2ccc(n2)CO)n3ccc(n3)CO,0,3,
FOYYAU_ligands0.mol2,c1cnn(c1)c2cc(cc(n2)n3cccn3)CSC#N,0,3,
DEDNOQ_ligands0.mol2,c1cnn(c1)c2cncc(n2)n3cccn3,0,3,
XENBEX06_ligands0.mol2,c1cc(nc(c1)n2cccn2)n3cccn3,0,3,
XENBEX07_ligands0.mol2,c1cc(nc(c1)n2cccn2)n3cccn3,0,3,
ADIYOB_ligands0.mol2,c1cc(nc(c1)n2cccn2)n3cccn3,0,3,
LUXMOH_ligands0.mol2,c1cc(nc(c1)n2cccn2)n3cccn3,0,3,
LUXMOH01_ligands0.mol2,c1cc(nc(c1)n2cccn2)n3cccn3,0,3,
AFANEB02_ligands0.mol2,Cc1ccn(n1)c2cccc(n2)n3ccc(n3)C,0,3,
AFANEB_ligands0.mol2,Cc1ccn(n1)c2cccc(n2)n3ccc(n3)C,0,3,
AFANIF02_ligands0.mol2,Cc1ccn(n1)c2cccc(n2)n3ccc(n3)C,0,3,
NESVUD_ligands0.mol2,Cc1cnn(c1)c2cccc(n2)n3cc(cn3)C,0,3,
NESVUD01_ligands0.mol2,Cc1cnn(c1)c2cccc(n2)n3cc(cn3)C,0,3,
REWPUF_ligands0.mol2,c1cc(nc(c1)n2cc(cn2)Cl)n3cc(cn3)Cl,0,3,
REWPUF02_ligands0.mol2,c1cc(nc(c1)n2cc(cn2)Cl)n3cc(cn3)Cl,0,3,
REWPOZ_ligands0.mol2,c1cc(nc(c1)n2cc(cn2)Br)n3cc(cn3)Br,0,3,
IYUFOX01_ligands0.mol2,c1cnn(c1)c2cc(cc(n2)n3cccn3)CO,0,3,
IYUFOX_ligands0.mol2,c1cnn(c1)c2cc(cc(n2)n3cccn3)CO,0,3,
NESVOX_ligands0.mol2,c1cnn(c1)c2cc(cc(n2)n3cccn3)CO,0,3,
NESVOX02_ligands0.mol2,c1cnn(c1)c2cc(cc(n2)n3cccn3)CO,0,3,
FOYYAU06_ligands0.mol2,c1cnn(c1)c2cc(cc(n2)n3cccn3)CSC#N,0,3,
FOYYAU02_ligands0.mol2,c1cnn(c1)c2cc(cc(n2)n3cccn3)CSC#N,0,3,
COMRAY_ligands0.mol2,c1cnn(c1)c2cc(cc(n2)n3cccn3)I,0,3,
XOCFIF_ligands0.mol2,CC(=O)Sc1ccc(cc1)C#Cc2cc(nc(c2)n3cccn3)n4cccn4,0,3,
COMREC_ligands0.mol2,c1cnn(c1)c2cc(cc(n2)n3cccn3)c4ccc(cc4)O,0,3,
YUZTOD_ligands0.mol2,c1cc(cnc1)c2cc(nc(c2)n3cccn3)n4cccn4,0,3,
YUZTIX_ligands0.mol2,c1cc(cnc1)c2cc(nc(c2)n3cccn3)n4cccn4,0,3,
JAFCEZ_ligands0.mol2,c1cnn(c1)c2cncc(n2)n3cccn3,0,3,
JAFCEZ01_ligands0.mol2,c1cnn(c1)c2cncc(n2)n3cccn3,0,3,
JAFBOI01_ligands0.mol2,Cc1ccn(n1)c2cncc(n2)n3ccc(n3)C,0,3,
JAFBOI03_ligands0.mol2,Cc1ccn(n1)c2cncc(n2)n3ccc(n3)C,0,3,
JAFBUO01_ligands0.mol2,Cc1ccn(n1)c2cncc(n2)n3ccc(n3)C,0,3,
JAFBUO03_ligands0.mol2,Cc1ccn(n1)c2cncc(n2)n3ccc(n3)C,0,3,
IGEDUU_ligands0.mol2,c1cc(nc(c1)n2cc(cn2)I)n3cc(cn3)I,0,3,
RESWES_ligands0.mol2,[BH-](n1c(c(c(n1)C)C)C)(n2c(c(c(n2)C)C)C)n3c(c(c(n3)C)C)C,-1,3,
OBUJAW_ligands0.mol2,[BH-](n1ccc(n1)C(F)(F)F)(n2ccc(n2)C(F)(F)F)n3ccc(n3)C(F)(F)F,-1,3,
OBUJAW_ligands1.mol2,[BH-](n1ccc(n1)C(F)(F)F)(n2ccc(n2)C(F)(F)F)n3ccc(n3)C(F)(F)F,-1,3,
CERDEJ01_ligands0.mol2,[B-](c1ccccc1)(n2ccc(n2)C)(n3ccc(n3)C)n4ccc(n4)C,-1,3,
MALJIT_ligands0.mol2,[B-](c1ccc(cc1)I)(n2ccc(n2)C)(n3ccc(n3)C)n4ccc(n4)C,-1,3,
HMPBFE_ligands0.mol2,[BH-](n1c(cc(n1)C)C)(n2c(cc(n2)C)C)n3c(cc(n3)C)C,-1,3,
FIWXIT_ligands0.mol2,[B-](c1ccc(cc1)C#C[Si](C)(C)C)(n2ccc(n2)C)(n3ccc(n3)C)n4ccc(n4)C,-1,3,
FIWXEP_ligands0.mol2,[B-](c1ccc(cc1)C#Cc2ccccc2)(n3ccc(n3)C)(n4ccc(n4)C)n5ccc(n5)C,-1,3,
RESWIW_ligands0.mol2,[B-](n1ccc(n1)C2CC2)(n3ccc(n3)C4CC4)(n5ccc(n5)C6CC6)n7ccc(n7)C8CC8,-1,3,
RESWIW01_ligands0.mol2,[B-](n1ccc(n1)C2CC2)(n3ccc(n3)C4CC4)(n5ccc(n5)C6CC6)n7ccc(n7)C8CC8,-1,3,
MALJIT01_ligands0.mol2,[B-](c1ccc(cc1)I)(n2ccc(n2)C)(n3ccc(n3)C)n4ccc(n4)C,-1,3,
MALJIT03_ligands0.mol2,[B-](c1ccc(cc1)I)(n2ccc(n2)C)(n3ccc(n3)C)n4ccc(n4)C,-1,3,
MALJOZ_ligands0.mol2,[B-](c1ccc(cc1)I)(n2ccc(n2)C)(n3ccc(n3)C)n4ccc(n4)C,-1,3,
MALJOZ01_ligands0.mol2,[B-](c1ccc(cc1)I)(n2ccc(n2)C)(n3ccc(n3)C)n4ccc(n4)C,-1,3,
FIWXOZ02_ligands0.mol2,[B-](c1ccc(cc1)C#C)(n2ccc(n2)C)(n3ccc(n3)C)n4ccc(n4)C,-1,3,
FIWXOZ_ligands0.mol2,[B-](c1ccc(cc1)C#C)(n2ccc(n2)C)(n3ccc(n3)C)n4ccc(n4)C,-1,3,
HPZBFE_ligands0.mol2,[BH-](n1cccn1)(n2cccn2)n3cccn3,-1,3,
HPZBFE_ligands1.mol2,[BH-](n1cccn1)(n2cccn2)n3cccn3,-1,3,
HOQFID_ligands0.mol2,[B-](C(C)(C)C)(n1ccc(n1)C)(n2ccc(n2)C)n3ccc(n3)C,-1,3,
MALJEP_ligands0.mol2,[B-](c1ccc(cc1)I)(n2cccn2)(n3cccn3)n4cccn4,-1,3,
MOFREE_ligands1.mol2,Cc1cc(n(n1)C(n2c(cc(n2)C)C)n3c(cc(n3)C)C)C,0,3,
MOFREE_ligands0.mol2,Cc1cc(n(n1)C(n2c(cc(n2)C)C)n3c(cc(n3)C)C)C,0,3,
MOFRAA_ligands0.mol2,Cc1cc(n(n1)C(n2c(cc(n2)C)C)n3c(cc(n3)C)C)C,0,3,
MOFRAA_ligands1.mol2,Cc1cc(n(n1)C(n2c(cc(n2)C)C)n3c(cc(n3)C)C)C,0,3,
VUJRIC_ligands0.mol2,Cc1cc(n(n1)[C-](n2c(cc(n2)C)C)n3c(cc(n3)C)C)C,-1,3,生成されたSMILESはCc1cc(n(n1)[C+](n2c(cc(n2)C)C)n3c(cc(n3)C)C)C
YUJBUB01_ligands0.mol2,Cc1ccn(n1)C(n2ccc(n2)C)n3c(ccn3)C,0,3,
YUJBUB_ligands0.mol2,Cc1ccn(n1)C(n2ccc(n2)C)n3c(ccn3)C,0,3,
YIMYEZ_ligands1.mol2,Cc1cc(n(n1)C(n2c(cc(n2)C)C)n3c(cc(n3)C)C)C,0,3,
YIMYEZ_ligands0.mol2,c1cnn(c1)C(n2cccn2)n3cccn3,0,3,
YIMYEZ02_ligands0.mol2,Cc1cc(n(n1)C(n2c(cc(n2)C)C)n3c(cc(n3)C)C)C,0,3,
YIMYEZ02_ligands1.mol2,c1cnn(c1)C(n2cccn2)n3cccn3,0,3,
YIMYEZ01_ligands1.mol2,c1cnn(c1)C(n2cccn2)n3cccn3,0,3,
YIMYEZ01_ligands0.mol2,Cc1cc(n(n1)C(n2c(cc(n2)C)C)n3c(cc(n3)C)C)C,0,3,
YIMYID04_ligands0.mol2,Cc1cc(n(n1)C(n2c(cc(n2)C)C)n3c(cc(n3)C)C)C,0,3,
YIMYID04_ligands1.mol2,Cc1cnn(c1)C(n2cc(cn2)C)n3cc(cn3)C,0,3,
YIMYID02_ligands1.mol2,Cc1cnn(c1)C(n2cc(cn2)C)n3cc(cn3)C,0,3,
YIMYID02_ligands0.mol2,Cc1cc(n(n1)C(n2c(cc(n2)C)C)n3c(cc(n3)C)C)C,0,3,
YIMYOJ_ligands0.mol2,c1cnn(c1)C(CO)(n2cccn2)n3cccn3,0,3,
YIMYOJ_ligands1.mol2,Cc1cc(n(n1)C(n2c(cc(n2)C)C)n3c(cc(n3)C)C)C,0,3,
XAMNII_ligands0.mol2,c1cnn(c1)C(n2cccn2)n3cccn3,0,3,
XAMNII_ligands1.mol2,c1cnn(c1)C(n2cccn2)n3cccn3,0,3,
XAMNII01_ligands1.mol2,c1cnn(c1)C(n2cccn2)n3cccn3,0,3,
XAMNII01_ligands0.mol2,c1cnn(c1)C(n2cccn2)n3cccn3,0,3,
XEVYUS_ligands1.mol2,c1cnn(c1)C(n2cccn2)n3cccn3,0,3,
XEVYUS_ligands0.mol2,c1cnn(c1)C(n2cccn2)n3cccn3,0,3,
JIQDAP_ligands0.mol2,c1c(n[nH]c1)/C=N/CCN(CC/N=C/c2n[nH]cc2)CC/N=C/c3n[nH]cc3,0,6,
ISULAJ_ligands0.mol2,c1c(n[nH]c1)/C=N/CCN(CC/N=C/c2n[nH]cc2)CC/N=C/c3n[nH]cc3,0,6,
GAZQUT_ligands0.mol2,c1ccc(cc1)C(n2cnc(c2)/C=N/CCN(CC/N=C/c3ncn(c3)C(c4ccccc4)(c5ccccc5)c6ccccc6)CC/N=C/c7ncn(c7)C(c8ccccc8)(c9ccccc9)c1ccccc1)(c1ccccc1)c1ccccc1,0,6,
QOSVOJ_ligands0.mol2,c1ccc(cc1)c2nc(c[nH]2)/C=N/CCN(CC/N=C/c3nc([nH]c3)c4ccccc4)CC/N=C/c5nc([nH]c5)c6ccccc6,0,6,
ULODUV_ligands0.mol2,Cc1nc(c[nH]1)/C=N/CCN(CC/N=C/c2nc([nH]c2)C)CC/N=C/c3nc([nH]c3)C,0,6,
ULOFAD_ligands0.mol2,Cc1nc(c[nH]1)/C=N/CCN(CC/N=C/c2nc([nH]c2)C)CC/N=C/c3nc([nH]c3)C,0,6,
ULOFEH_ligands0.mol2,Cc1nc(c[nH]1)/C=N/CCN(CC/N=C/c2nc([nH]c2)C)CC/N=C/c3nc([nH]c3)C,0,6,
NIQFUP11_ligands0.mol2,Cc1nc(ccc1)/C=N/CCN(CC/N=C/c2nc(ccc2)C)CC/N=C/c3nc(ccc3)C,0,6,
NIQFUP_ligands0.mol2,Cc1nc(ccc1)/C=N/CCN(CC/N=C/c2nc(ccc2)C)CC/N=C/c3nc(ccc3)C,0,6,
HIXFUQ01_ligands0.mol2,CCCCCCOc1c(nc(cc1)/C=N/CCN(CC/N=C/c2nc(c(cc2)OCCCCCC)C)CC/N=C/c3nc(c(cc3)OCCCCCC)C)C,0,6,
HIXFUQ_ligands0.mol2,CCCCCCOc1c(nc(cc1)/C=N/CCN(CC/N=C/c2nc(c(cc2)OCCCCCC)C)CC/N=C/c3nc(c(cc3)OCCCCCC)C)C,0,6,
JIQDET_ligands0.mol2,c1c(n[nH]c1)/C=N/CCN(CC/N=C/c2n[nH]cc2)CC/N=C/c3n[nH]cc3,0,6,
JIQDET04_ligands0.mol2,c1c(n[nH]c1)/C=N/CCN(CC/N=C/c2n[nH]cc2)CC/N=C/c3n[nH]cc3,0,6,
EBUQAU01_ligands0.mol2,c1[nH]cnc1/C=N/CCN(CC/N=C/c2nc[nH]c2)CC/N=C/c3nc[nH]c3,0,6,
EBUQAU_ligands0.mol2,c1[nH]cnc1/C=N/CCN(CC/N=C/c2nc[nH]c2)CC/N=C/c3nc[nH]c3,0,6,
NAVYEP_ligands0.mol2,Cc1nc(c[nH]1)/C=N/CCN(CC/N=C/c2nc([nH]c2)C)CC/N=C/c3nc([nH]c3)C,0,6,
YELWOC_ligands0.mol2,Cc1nc(c[nH]1)/C=N/CCN(CC/N=C/c2nc([nH]c2)C)CC/N=C/c3nc([nH]c3)C,0,6,
YELWOC01_ligands0.mol2,Cc1nc(c[nH]1)/C=N/CCN(CC/N=C/c2nc([nH]c2)C)CC/N=C/c3nc([nH]c3)C,0,6,
YELWUI_ligands0.mol2,Cc1nc(c[nH]1)/C=N/CCN(CC/N=C/c2nc([nH]c2)C)CC/N=C/c3nc([nH]c3)C,0,6,
YELWUI02_ligands0.mol2,Cc1nc(c[nH]1)/C=N/CCN(CC/N=C/c2nc([nH]c2)C)CC/N=C/c3nc([nH]c3)C,0,6,
YELXET_ligands0.mol2,Cc1nc(c[nH]1)/C=N/CCN(CC/N=C/c2nc([nH]c2)C)CC/N=C/c3nc([nH]c3)C,0,6,
YELXET01_ligands0.mol2,Cc1nc(c[nH]1)/C=N/CCN(CC/N=C/c2nc([nH]c2)C)CC/N=C/c3nc([nH]c3)C,0,6,
YELXAP_ligands0.mol2,Cc1nc(c[nH]1)/C=N/CCN(CC/N=C/c2nc([nH]c2)C)CC/N=C/c3nc([nH]c3)C,0,6,
ULODIJ_ligands0.mol2,Cc1nc(c[nH]1)/C=N/CCN(CC/N=C/c2nc([nH]c2)C)CC/N=C/c3nc([nH]c3)C,0,6,
ULODIJ01_ligands0.mol2,Cc1nc(c[nH]1)/C=N/CCN(CC/N=C/c2nc([nH]c2)C)CC/N=C/c3nc([nH]c3)C,0,6,
PASDOD01_ligands0.mol2,Cc1[nH]cnc1/C=N/CCN(CC/N=C/c2nc[nH]c2C)CC/N=C/c3nc[nH]c3C,0,6,
ENUBAR_ligands0.mol2,c1[nH]c(nc1)/C=N/CCN(CC/N=C/c2ncc[nH]2)CC/N=C/c3ncc[nH]3,0,6,
ENUBAR02_ligands0.mol2,c1[nH]c(nc1)/C=N/CCN(CC/N=C/c2ncc[nH]2)CC/N=C/c3ncc[nH]3,0,6,
EYIJEB_ligands0.mol2,c1[nH]c(nc1)/C=N/CCN(CC/N=C/c2ncc[nH]2)CC/N=C/c3ncc[nH]3,0,6,
HIXFOK_ligands0.mol2,CCCCCCOc1cnc(cc1)/C=N/CCN(CC/N=C/c2ncc(cc2)OCCCCCC)CC/N=C/c3ncc(cc3)OCCCCCC,0,6,
FETPYR_ligands1.mol2,C(=[N-])=S,-1,1,
FETPYR_ligands0.mol2,c1ccncc1,0,1,
WIGBAP_ligands1.mol2,c1ccc(cc1)/C=C\c2ccncc2,0,1,
WIGBAP_ligands0.mol2,C(=[N-])=S,-1,1,
WIFZUG_ligands1.mol2,c1ccc(cc1)/C=C/c2ccncc2,0,1,
WIFZUG_ligands0.mol2,C(=[N-])=S,-1,1,
ULAHIY_ligands0.mol2,c1cnc[nH]1,0,1,
QAHPIY02_ligands0.mol2,c1cnoc1,0,1,
QAHPIY01_ligands0.mol2,c1cnoc1,0,1,
FEISXC01_ligands0.mol2,c1cnoc1,0,1,
JUVHIR01_ligands0.mol2,Cn1cnnn1,0,1,
JUVHIR03_ligands0.mol2,Cn1cnnn1,0,1,
JUVHEN_ligands0.mol2,Cn1cnnn1,0,1,
LAGJEK01_ligands0.mol2,Cn1cnnn1,0,1,
LAGJEK02_ligands0.mol2,Cn1cnnn1,0,1,
TUNBIN_ligands0.mol2,CCn1cnnn1,0,1,
RAKZIM_ligands0.mol2,c1nnnn1CCCl,0,1,
RAKZIM01_ligands0.mol2,c1nnnn1CCCl,0,1,
PEJQIF_ligands0.mol2,c1nnnn1CCCl,0,1,
PEJQIF01_ligands0.mol2,c1nnnn1CCCl,0,1,
YAGYIP01_ligands0.mol2,c1nnnn1CCBr,0,1,
YAGYIP_ligands0.mol2,c1nnnn1CCBr,0,1,
YAGYUB01_ligands0.mol2,c1nnnn1CCI,0,1,
YAGYUB_ligands0.mol2,c1nnnn1CCI,0,1,
JANSAS_ligands0.mol2,CCCn1cnnn1,0,1,
JANSAS06_ligands0.mol2,CCCn1cnnn1,0,1,
JUVGUC_ligands0.mol2,CCCn1cnnn1,0,1,
NEFVID_ligands0.mol2,CCCn1cnnn1,0,1,
YEQKIR_ligands0.mol2,CC(C)n1cnnn1,0,1,
APAFEH_ligands0.mol2,c1ccnc(c1)CN,0,2,
APAFEM01_ligands0.mol2,c1ccnc(c1)CN,0,2,
APAFEM05_ligands0.mol2,c1ccnc(c1)CN,0,2,
FEPICC36_ligands0.mol2,c1ccnc(c1)CN,0,2,
FEPICC37_ligands0.mol2,c1ccnc(c1)CN,0,2,
IBIXEX_ligands0.mol2,c1ccnc(c1)CN,0,2,
IBIWUM_ligands0.mol2,c1ccnc(c1)CN,0,2,
IBIXAT10_ligands0.mol2,c1ccnc(c1)CN,0,2,
IBIXAT14_ligands0.mol2,c1ccnc(c1)CN,0,2,
IBIXIB_ligands0.mol2,c1ccnc(c1)CN,0,2,
DIXLUR10_ligands0.mol2,c1ccnc(c1)CN,0,2,
PUTGOC01_ligands0.mol2,c1ccnc(c1)CN,0,2,
PUTGOC_ligands0.mol2,c1ccnc(c1)CN,0,2,
PUTHAP01_ligands0.mol2,c1ccnc(c1)CN,0,2,
PUTHAP_ligands0.mol2,c1ccnc(c1)CN,0,2,
PUTHIX01_ligands0.mol2,c1ccnc(c1)CN,0,2,
PUTHIX_ligands0.mol2,c1ccnc(c1)CN,0,2,
AKENAF_ligands0.mol2,C(=[N-])=S,-1,1,
AKENAF_ligands1.mol2,CC(C)/N=C/c1ccccn1,0,2,
AKENAF01_ligands0.mol2,C(=[N-])=S,-1,1,
AKENAF01_ligands1.mol2,CC(C)/N=C/c1ccccn1,0,2,
AKEMUY_ligands0.mol2,C(=[N-])=[Se],-1,1,
AKEMUY_ligands1.mol2,CC(C)/N=C/c1ccccn1,0,2,
RONPIT41_ligands1.mol2,c1ccc(cc1)c2ccc(cc2)/N=C/c3ccccn3,0,2,
RONPIT41_ligands0.mol2,C(=[N-])=S,-1,1,
RONPIT39_ligands1.mol2,c1ccc(cc1)c2ccc(cc2)/N=C/c3ccccn3,0,2,
RONPIT39_ligands0.mol2,C(=[N-])=S,-1,1,
RONPIT26_ligands0.mol2,C(=[N-])=S,-1,1,
RONPIT26_ligands1.mol2,c1ccc(cc1)c2ccc(cc2)/N=C/c3ccccn3,0,2,
RONPIT34_ligands1.mol2,c1ccc(cc1)c2ccc(cc2)/N=C/c3ccccn3,0,2,
RONPIT34_ligands0.mol2,C(=[N-])=S,-1,1,
NOWBIK01_ligands0.mol2,C(=[N-])=S,-1,1,
NOWBIK01_ligands1.mol2,c1ccc(cc1)C#Cc2ccc(cc2)/N=C/c3ccccn3,0,2,
NOWBIK_ligands1.mol2,c1ccc(cc1)C#Cc2ccc(cc2)/N=C/c3ccccn3,0,2,
NOWBIK_ligands0.mol2,C(=[N-])=S,-1,1,
WATJEJ_ligands0.mol2,C(=[N-])=[Se],-1,1,
WATJEJ_ligands1.mol2,c1ccc(cc1)C#Cc2ccc(cc2)/N=C/c3ccccn3,0,2,
WATJEJ01_ligands1.mol2,c1ccc(cc1)C#Cc2ccc(cc2)/N=C/c3ccccn3,0,2,
WATJEJ01_ligands0.mol2,C(=[N-])=[Se],-1,1,
XECNAU01_ligands1.mol2,c1ccc(cc1)/N=N/c2ccc(cc2)/N=C/c3ccccn3,0,2,
XECNAU01_ligands0.mol2,C(=[N-])=S,-1,1,
XECNAU_ligands0.mol2,C(=[N-])=S,-1,1,
XECNAU_ligands1.mol2,c1ccc(cc1)/N=N/c2ccc(cc2)/N=C/c3ccccn3,0,2,
XECMIB01_ligands0.mol2,C(=[N-])=S,-1,1,
XECMIB01_ligands1.mol2,c1ccc(cc1)c2ccc(cc2)c3ccc(cc3)/N=C/c4ccccn4,0,2,
XECMIB02_ligands1.mol2,c1ccc(cc1)c2ccc(cc2)c3ccc(cc3)/N=C/c4ccccn4,0,2,
XECMIB02_ligands0.mol2,C(=[N-])=S,-1,1,
COMQUR_ligands0.mol2,c1ccc2c(c1)cccc2C#Cc3ccc(cc3)/N=C/c4ccccn4,0,2,
COMQUR_ligands1.mol2,C(=[N-])=S,-1,1,
COMQUR01_ligands1.mol2,c1ccc2c(c1)cccc2C#Cc3ccc(cc3)/N=C/c4ccccn4,0,2,
COMQUR01_ligands0.mol2,C(=[N-])=S,-1,1,
UFIPIJ01_ligands1.mol2,c1ccc(cc1)N=C(c2ccccn2)c3ccccn3,0,2,
UFIPIJ01_ligands0.mol2,C(=[N-])=S,-1,1,
UFIPIJ_ligands1.mol2,c1ccc(cc1)N=C(c2ccccn2)c3ccccn3,0,2,
UFIPIJ_ligands0.mol2,C(=[N-])=S,-1,1,
VEWVEY_ligands0.mol2,Cc1cccc(n1)c2ccccn2,0,2,
CATWUS_ligands0.mol2,c1cc2c(nc1)-c3c(cccn3)C2=O,0,2,
KABYER_ligands0.mol2,Cc1cccnc1c2c(cccn2)C,0,2,
SIXJUE_ligands0.mol2,c1cc(nnc1)c2cccnn2,0,2,
QALMAR_ligands0.mol2,c1ccnc(c1)c2nc[nH]n2,0,2,
QALMAR01_ligands0.mol2,c1ccnc(c1)c2nc[nH]n2,0,2,
YIVSEB_ligands0.mol2,Cc1nc(nn1C)c2ccccn2,0,2,
OJIVOS_ligands1.mol2,c1ccnc(c1)c2c3ccccn3nn2,0,2,
OJIVOS_ligands0.mol2,c1ccnc(c1)c2c3ccccn3nn2,0,2,
ABIWAK_ligands0.mol2,Cn1cnc(n1)c2cnccn2,0,2,
DEVDUD_ligands0.mol2,c1c(ncs1)c2cscn2,0,2,
ZIMMAJ_ligands0.mol2,c1cnc([nH]1)c2[nH]ccn2,0,2,
VEYTIC_ligands0.mol2,c1ccc2c(c1)[nH]c(n2)c3[nH]c4ccccc4n3,0,2,
VEYTEY_ligands0.mol2,c1ccc2c(c1)[nH]c(n2)c3[nH]c4ccccc4n3,0,2,
NICSEA_ligands0.mol2,c1cnn(c1)c2cc(ccn2)C(=O)O,0,2,
POGXOA_ligands0.mol2,c1ccnc(c1)c2csc(n2)N,0,2,
POGXOA_ligands1.mol2,C(=[N-])=S,-1,1,
POGXUG_ligands1.mol2,C(=[N-])=[Se],-1,1,
POGXUG_ligands0.mol2,c1ccnc(c1)c2csc(n2)N,0,2,
OLAYAC_ligands1.mol2,c1ccnc(c1)CN,0,2,
OLAYAC_ligands0.mol2,C1CNC(=NC1)C2=NCCCN2,0,2,
OLAYAC01_ligands1.mol2,c1ccnc(c1)CN,0,2,
OLAYAC01_ligands0.mol2,C1CNC(=NC1)C2=NCCCN2,0,2,
IMAHIO01_ligands1.mol2,Cc1cccc(n1)c2ccccn2,0,2,
IMAHIO01_ligands0.mol2,C1CNC(=NC1)C2=NCCCN2,0,2,
IMAHIO_ligands0.mol2,C1CNC(=NC1)C2=NCCCN2,0,2,
IMAHIO_ligands1.mol2,Cc1cccc(n1)c2ccccn2,0,2,
FEBPYC04_ligands0.mol2,C(=[N-])=S,-1,1,
FEBPYC04_ligands1.mol2,c1ccnc(c1)c2ccccn2,0,2,
FEBPYC02_ligands0.mol2,C(=[N-])=S,-1,1,
FEBPYC02_ligands1.mol2,c1ccnc(c1)c2ccccn2,0,2,
KEKVIF_ligands1.mol2,C(=[N-])=S,-1,1,
KEKVIF_ligands0.mol2,c1cc2ccc3cccnc3c2nc1,0,2,
KEKVIF01_ligands0.mol2,c1cc2ccc3cccnc3c2nc1,0,2,
KEKVIF01_ligands1.mol2,C(=[N-])=S,-1,1,
PAGXAW_ligands0.mol2,C(=[N-])=S,-1,1,
PAGXAW_ligands1.mol2,Cc1ccc2ccc3ccc(nc3c2n1)C,0,2,
POHLON_ligands0.mol2,c1cc2c(c3c1nccn3)nccn2,0,2,
POHLON_ligands1.mol2,C(=[N-])=S,-1,1,
POHLON01_ligands1.mol2,C(=[N-])=S,-1,1,
POHLON01_ligands0.mol2,c1cc2c(c3c1nccn3)nccn2,0,2,
POWSID_ligands0.mol2,C(=[N-])=S,-1,1,
POWSID_ligands1.mol2,c1ccc2c(c1)nc3c4cccnc4c5c(c3n2)cccn5,0,2,
LAYREJ01_ligands0.mol2,C(=[N-])=S,-1,1,
LAYREJ01_ligands1.mol2,c1ccnc(c1)c2cc[nH]n2,0,2,
LAYQUY_ligands0.mol2,C(=[N-])=S,-1,1,
LAYQUY_ligands1.mol2,c1ccnc(c1)c2cc[nH]n2,0,2,
LAYRAF_ligands1.mol2,c1ccnc(c1)c2[nH]ccn2,0,2,
LAYRAF_ligands0.mol2,C(=[N-])=S,-1,1,
LOQPAI_ligands1.mol2,c1ccc2c(c1)nc(c(n2)c3ccccn3)c4ccccn4,0,2,
LOQPAI_ligands0.mol2,C(=[N-])=S,-1,1,
QAHVIE_ligands1.mol2,c1ccnc(c1)c2nnc(n2N)c3ccccn3,0,2,
QAHVIE_ligands0.mol2,C(=[N-])=S,-1,1,
QAHVOK_ligands1.mol2,c1ccnc(c1)c2nnc(n2N)c3ccccn3,0,2,
QAHVOK_ligands0.mol2,C(=[N-])=[Se],-1,1,
ZUCROE01_ligands0.mol2,c1ccnc(c1)c2nnc(n2N)c3ccccn3,0,2,
ZUCROE01_ligands1.mol2,c1cc(=C(C#N)C#N)ccc1=C(C#N)C#N,-1,1,アニオンラジカルなのでSMILES表現むずし
ZUCROE_ligands1.mol2,c1cc(=C(C#N)C#N)ccc1=C(C#N)C#N,-1,1,アニオンラジカルなのでSMILES表現むずし
ZUCROE_ligands0.mol2,c1ccnc(c1)c2nnc(n2N)c3ccccn3,0,2,
FADVUC_ligands0.mol2,C(=[N-])=S,-1,1,
FADVUC_ligands1.mol2,Cc1ccc(cc1)n2c(nnc2c3ccccn3)c4ccccn4,0,2,
GAKKOS03_ligands1.mol2,C(=[N-])=S,-1,1,
GAKKOS03_ligands0.mol2,C1CSC(=N1)C2=NCCS2,0,2,
GAKKOS05_ligands0.mol2,C1CSC(=N1)C2=NCCS2,0,2,
GAKKOS05_ligands1.mol2,C(=[N-])=S,-1,1,
GAKKOS04_ligands0.mol2,C1CSC(=N1)C2=NCCS2,0,2,
GAKKOS04_ligands1.mol2,C(=[N-])=S,-1,1,
PASGOF_ligands1.mol2,C(=[N-])=S,-1,1,
PASGOF_ligands0.mol2,C1CN=C(SC1)C2=NCCCS2,0,2,
PASGOF01_ligands1.mol2,C(=[N-])=S,-1,1,
PASGOF01_ligands0.mol2,C1CN=C(SC1)C2=NCCCS2,0,2,
BAYZEH01_ligands0.mol2,c1ccnc(c1)C(=C2SC=CS2)c3ccccn3,0,2,
BAYZEH01_ligands1.mol2,C(=[N-])=S,-1,1,
BAYZEH_ligands1.mol2,C(=[N-])=S,-1,1,
BAYZEH_ligands0.mol2,c1ccnc(c1)C(=C2SC=CS2)c3ccccn3,0,2,
POGMED_ligands1.mol2,Cc1ccccc1/N=C/c2[nH]ccn2,0,2,
POGMED_ligands0.mol2,C(=[N-])=S,-1,1,
FIJTIC_ligands1.mol2,CCn1ccnc1/N=N/c2ccc(cc2)C,0,2,
FIJTIC_ligands0.mol2,C(=[N-])=S,-1,1,
QOMDAY_ligands0.mol2,c1ccnc(c1)Nc2cccc(n2)c3cccc(n3)Nc4ccccn4,0,4,
QOMDAY_ligands1.mol2,C(=[N-])=S,-1,1,
QOMDAY01_ligands0.mol2,C(=[N-])=S,-1,1,
QOMDAY01_ligands1.mol2,c1ccnc(c1)Nc2cccc(n2)c3cccc(n3)Nc4ccccn4,0,4,
QOMDAY02_ligands1.mol2,c1ccnc(c1)Nc2cccc(n2)c3cccc(n3)Nc4ccccn4,0,4,
QOMDAY02_ligands0.mol2,C(=[N-])=S,-1,1,
QUNYAA_ligands1.mol2,C(=[N-])=S,-1,1,
QUNYAA_ligands0.mol2,c1cc2c(c3c(cccn3)c4c2nsn4)nc1,0,2,
QUNYEE01_ligands1.mol2,C(=[N-])=S,-1,1,
QUNYEE01_ligands0.mol2,c1cc2c(c3c(cccn3)c4c2nsn4)nc1,0,2,
QUNYEE_ligands0.mol2,c1cc2c(c3c(cccn3)c4c2nsn4)nc1,0,2,
QUNYEE_ligands1.mol2,C(=[N-])=S,-1,1,
VASYOF_ligands1.mol2,Cc1ccnc(c1)Nc2cccc(n2)c3cccc(n3)Nc4cc(ccn4)C,0,4,
VASYOF_ligands0.mol2,C(=[N-])=S,-1,1,
VASYUL01_ligands1.mol2,Cc1cccnc1Nc2cccc(n2)c3cccc(n3)Nc4c(cccn4)C,0,4,
VASYUL01_ligands0.mol2,C(=[N-])=S,-1,1,
VASYUL_ligands1.mol2,Cc1cccnc1Nc2cccc(n2)c3cccc(n3)Nc4c(cccn4)C,0,4,
VASYUL_ligands0.mol2,C(=[N-])=S,-1,1,
VASZEW_ligands1.mol2,c1ccc2c(c1)ccnc2Nc3cccc(n3)c4cccc(n4)Nc5c6ccccc6ccn5,0,4,
VASZEW_ligands0.mol2,C(=[N-])=S,-1,1,
VASZEW01_ligands1.mol2,c1ccc2c(c1)ccnc2Nc3cccc(n3)c4cccc(n4)Nc5c6ccccc6ccn5,0,4,
VASZEW01_ligands0.mol2,C(=[N-])=S,-1,1,
MIWJUZ_ligands1.mol2,C(=[N-])=S,-1,1,
MIWJUZ_ligands0.mol2,c1ccnc(c1)c2cccc(n2)CCc3cccc(n3)c4ccccn4,0,4,
KUHRUC_ligands0.mol2,C(=[N-])=S,-1,1,
KUHRUC_ligands1.mol2,Cc1ccc(nc1)Nc2cccc(n2)c3cccc(n3)Nc4ccc(cn4)C,0,4,
DUWHIO03_ligands0.mol2,C(=[N-])=S,-1,1,
DUWHIO03_ligands1.mol2,c1ccnc(c1)c2cccc(n2)Nc3cccc(n3)c4ccccn4,0,4,
DUWHIO_ligands0.mol2,C(=[N-])=S,-1,1,
DUWHIO_ligands1.mol2,c1ccnc(c1)c2cccc(n2)Nc3cccc(n3)c4ccccn4,0,4,
WIDGEW_ligands0.mol2,c1cc(nc(c1)c2cccc(n2)Cn3cccn3)Cn4cccn4,0,4,
WIDGEW_ligands1.mol2,C(=[N-])=S,-1,1,
WIDGIA_ligands0.mol2,C(=[N-])=S,-1,1,
WIDGIA_ligands1.mol2,Cc1cc(n(n1)Cc2cccc(n2)c3cccc(n3)Cn4c(cc(n4)C)C)C,0,4,
WIDGOG_ligands0.mol2,Cc1cc(n(n1)Cc2cccc(n2)c3cccc(n3)Cn4c(cc(n4)C)C)C,0,4,
WIDGOG_ligands1.mol2,C(#N)[N-]C#N,-1,1,基はC(#N)NC#Nで出力
ZUBNAO01_ligands0.mol2,C(=[N-])=S,-1,1,
ZUBNAO01_ligands1.mol2,c1ccc2c(c1)cc3ccccc3c2c4[nH]c5c6cccnc6c7c(c5n4)cccn7,0,2,
ZUBNAO_ligands1.mol2,c1ccc2c(c1)cc3ccccc3c2c4[nH]c5c6cccnc6c7c(c5n4)cccn7,0,2,
ZUBNAO_ligands0.mol2,C(=[N-])=S,-1,1,
ZUBNES_ligands1.mol2,c1ccc2c(c1)cc3ccccc3c2c4[nH]c5c6cccnc6c7c(c5n4)cccn7,0,2,
ZUBNES_ligands0.mol2,C(=[N-])=S,-1,1,
ZUBNIW01_ligands0.mol2,C(=[N-])=S,-1,1,
ZUBNIW01_ligands1.mol2,c1ccc2c(c1)cc3ccccc3c2c4[nH]c5c6cccnc6c7c(c5n4)cccn7,0,2,
ZUBNOC_ligands0.mol2,C(=[N-])=S,-1,1,
ZUBNOC_ligands1.mol2,c1ccc2c(c1)cc3ccccc3c2c4[nH]c5c6cccnc6c7c(c5n4)cccn7,0,2,
ATAVAU_ligands0.mol2,c1cc2c3c(c4cccnc4c2nc1)nc([nH]3)c5ccsc5,0,2,
ATAVAU_ligands1.mol2,C(=[N-])=S,-1,1,
ATAVEY01_ligands0.mol2,c1cc2c3c(c4cccnc4c2nc1)nc([nH]3)c5cccs5,0,2,
ATAVEY01_ligands1.mol2,C(=[N-])=S,-1,1,
ATAVEY_ligands0.mol2,c1cc2c3c(c4cccnc4c2nc1)nc([nH]3)c5cccs5,0,2,
ATAVEY_ligands1.mol2,C(=[N-])=S,-1,1,
DUKJAW01_ligands1.mol2,c1cc(cnc1)c2[nH]c3c4cccnc4c5c(c3n2)cccn5,0,2,
DUKJAW01_ligands0.mol2,C(=[N-])=S,-1,1,
DUKJAW_ligands1.mol2,C(=[N-])=S,-1,1,
DUKJAW_ligands0.mol2,c1cc(cnc1)c2[nH]c3c4cccnc4c5c(c3n2)cccn5,0,2,
DUKJIE_ligands0.mol2,c1cc2c3c(c4cccnc4c2nc1)nc([nH]3)c5ccncc5,0,2,
DUKJIE_ligands1.mol2,C(=[N-])=S,-1,1,
HAPDOU_ligands1.mol2,C(=[N-])=S,-1,1,
HAPDOU_ligands0.mol2,COc1ccc2c(c1c3c(ccc4c3-c5c(cc6ccc7cccnc7c6n5)CC4)OC)-c8c(cc9ccc1cccnc1c9n8)CC2,0,4,
KULTAO04_ligands1.mol2,c1ccc(c(c1)c2[nH]c3c4cccnc4c5c(c3n2)cccn5)C(F)(F)F,0,2,
KULTAO04_ligands0.mol2,C(=[N-])=S,-1,1,
KULTAO05_ligands1.mol2,C(=[N-])=S,-1,1,
KULTAO05_ligands0.mol2,c1ccc(c(c1)c2[nH]c3c4cccnc4c5c(c3n2)cccn5)C(F)(F)F,0,2,
POWSID01_ligands0.mol2,C(=[N-])=S,-1,1,
POWSID01_ligands1.mol2,c1ccc2c(c1)nc3c4cccnc4c5c(c3n2)cccn5,0,2,
TISWIC_ligands0.mol2,Cc1cnc2c3cccnc3c4c(c2n1)cccn4,0,2,
TISWIC_ligands2.mol2,c1ccncc1,0,1,
TISWIC_ligands1.mol2,C(=[N-])=S,-1,1,
TISWIC01_ligands0.mol2,Cc1cnc2c3cccnc3c4c(c2n1)cccn4,0,2,
TISWIC01_ligands1.mol2,C(=[N-])=S,-1,1,
TISWIC01_ligands2.mol2,c1ccncc1,0,1,
BOCYOK02_ligands0.mol2,C(=[N-])=S,-1,1,
BOCYOK02_ligands1.mol2,Cn1ccnc1C(=O)c2nccn2C,0,2,
BOCYOK_ligands0.mol2,C(=[N-])=S,-1,1,
BOCYOK_ligands1.mol2,Cn1ccnc1C(=O)c2nccn2C,0,2,
BOCZEB03_ligands1.mol2,Cn1ccnc1C(=O)c2nccn2C,0,2,
BOCZEB03_ligands0.mol2,C(=[N-])=[Se],-1,1,
BOCZEB_ligands1.mol2,Cn1ccnc1C(=O)c2nccn2C,0,2,
BOCZEB_ligands0.mol2,C(=[N-])=[Se],-1,1,
UZAXUQ_ligands0.mol2,C(=[N-])=S,-1,1,
UZAXUQ_ligands1.mol2,c1ccc2c(c1)cccc2/C=N/n3c(nnc3c4ccccn4)c5ccccn5,0,2,
ZOYKUV01_ligands0.mol2,CCCCCCCCCCCCCCCC(=O)Nn1c(nnc1c2ccccn2)c3ccccn3,0,2,
ZOYKUV01_ligands1.mol2,C(=[N-])=S,-1,1,
ZOYKUV_ligands1.mol2,C(=[N-])=S,-1,1,
ZOYKUV_ligands0.mol2,CCCCCCCCCCCCCCCC(=O)Nn1c(nnc1c2ccccn2)c3ccccn3,0,2,
AJAXEP_ligands0.mol2,C(=[N-])=S,-1,1,
AJAXEP_ligands1.mol2,c1ccnc(c1)C(=C2SC(=C(S2)SCCC#N)SCCC#N)c3ccccn3,0,2,
FIWXOZ01_ligands0.mol2,[B-](c1ccc(cc1)C#C)(n2ccc(n2)C)(n3ccc(n3)C)n4ccc(n4)C,-1,3,
XEFDER02_ligands0.mol2,Cc1cc(n(n1)C(n2c(cc(n2)C)C)n3c(cc(n3)C)C)C,0,3,
XEFDER02_ligands1.mol2,Cc1cc(n(n1)C(n2c(cc(n2)C)C)n3c(cc(n3)C)C)C,0,3,
XEFDER06_ligands1.mol2,Cc1cc(n(n1)C(n2c(cc(n2)C)C)n3c(cc(n3)C)C)C,0,3,
XEFDER06_ligands0.mol2,Cc1cc(n(n1)C(n2c(cc(n2)C)C)n3c(cc(n3)C)C)C,0,3,
ZEQMEP02_ligands0.mol2,Cc1cc(n(n1)C(n2c(cc(n2)C)C)n3c(cc(n3)C)C)C,0,3,
JOJQEE_ligands0.mol2,c1ccc(cc1)c2cc(nc(c2)c3cccc(n3)c4ccccn4)c5ccccc5,0,3,
GOGDUB_ligands0.mol2,c1ccnc(c1)Nc2ccc3ccc4cccnc4c3n2,0,3,
EMIPIZ01_ligands0.mol2,c1cnn(c1)c2cncc(n2)n3cccn3,0,3,
NEMSAZ_ligands0.mol2,c1cc(nc(c1)c2cc[nH]n2)c3cc[nH]n3,0,3,
NEMSED_ligands0.mol2,c1cc(nc(c1)c2cc[nH]n2)c3cc[nH]n3,0,3,
UJEDOC01_ligands0.mol2,c1cc(nc(c1)c2cc[nH]n2)c3cc[nH]n3,0,3,
UJEDOC_ligands0.mol2,c1cc(nc(c1)c2cc[nH]n2)c3cc[nH]n3,0,3,
ILACON_ligands0.mol2,c1cc(nc(c1)c2cc[nH]n2)c3cc[nH]n3,0,3,
LAQYIM_ligands0.mol2,c1cc(nc(c1)c2cc[nH]n2)c3cc[nH]n3,0,3,
HECCOJ01_ligands0.mol2,c1cc(nc(c1)c2cc[nH]n2)c3cc[nH]n3,0,3,
HECCOJ_ligands0.mol2,c1cc(nc(c1)c2cc[nH]n2)c3cc[nH]n3,0,3,
NERDIA01_ligands0.mol2,c1cc(nc(c1)c2cc[nH]n2)c3cc[nH]n3,0,3,
NERDIA_ligands0.mol2,c1cc(nc(c1)c2cc[nH]n2)c3cc[nH]n3,0,3,
SOJKUY_ligands0.mol2,c1cc(nc(c1)c2cc[nH]n2)c3cc[nH]n3,0,3,
VEVQOE_ligands0.mol2,c1cc(nc(c1)c2cc[nH]n2)c3cc[nH]n3,0,3,
NETBUJ_ligands0.mol2,c1ccc2c(c1)[nH]c(n2)c3cccc(n3)c4[nH]c5ccccc5n4,0,3,
FEKYEA_ligands0.mol2,c1ccc2c(c1)[nH]c(n2)c3cccc(n3)c4[n-]c5ccccc5n4,-1,3,
FEKYEA_ligands1.mol2,c1ccc2c(c1)[nH]c(n2)c3cccc(n3)c4[n-]c5ccccc5n4,-1,3,
MEQXIS_ligands0.mol2,Cc1nc(cs1)c2cccc(n2)c3csc(n3)C,0,3,
MEQXIS01_ligands0.mol2,Cc1nc(cs1)c2cccc(n2)c3csc(n3)C,0,3,
UCIGUJ_ligands0.mol2,c1ccnc(c1)c2c(c(c([n-]2)c3ccccn3)SC#N)SC#N,-1,3,
COLJAO_ligands0.mol2,c1ccnc(c1)c2csc(n2)Nc3ccccn3,0,3,
RIZSOI_ligands0.mol2,c1ccnc(c1)c2csc(n2)Nc3cnccn3,0,3,
KOKKUR_ligands0.mol2,c1ccnc(c1)Cn2ccc(n2)c3ccccn3,0,3,
KOKKUR02_ligands0.mol2,c1ccnc(c1)Cn2ccc(n2)c3ccccn3,0,3,
PUBBOD_ligands0.mol2,Cc1csc(n1)c2cccc(n2)c3ccccn3,0,3,
TETXAR_ligands0.mol2,Cc1[nH]nc(n1)c2ccc3ccc4cccnc4c3n2,0,3,
TESMAF_ligands0.mol2,Cc1nc(nn1C)c2ccc3ccc4cccnc4c3n2,0,3,
TESLUY_ligands0.mol2,Cc1nc(nn1C)c2ccc3ccc4cccnc4c3n2,0,3,
ZOKBOQ_ligands0.mol2,c1cnc([nH]1)Cc2[nH]cc(n2)Cc3c[nH]cn3,0,3,
QERDOH_ligands0.mol2,c1cnc([nH]1)Cc2[nH]cc(n2)Cc3c[nH]cn3,0,3,
EGIPOC_ligands0.mol2,CCCCCCCCCCCCCCCCn1c2ccccc2nc1c3cc(cc(n3)c4nc5ccccc5n4CCCCCCCCCCCCCCCC)OCCCCCCCCCCCCCCCC,0,3,
ABUFOV_ligands0.mol2,Cn1c2ccccc2nc1c3cccc(n3)c4[n-]c5ccccc5n4,-1,3,
ABUGAI_ligands0.mol2,CCn1c2ccccc2nc1c3cccc(n3)c4[n-]c5ccccc5n4,-1,3,
ILAWUP_ligands0.mol2,c1ccc(c(c1)c2cc(n[nH]2)c3cccc(n3)c4cc([nH]n4)c5ccccc5O)O,0,3,
ILAWUP_ligands1.mol2,c1ccc2c(c1)[nH]c(n2)c3cccc(n3)c4[nH]c5ccccc5n4,0,3,
ZIKKUC04_ligands0.mol2,COc1ccccc1c2cc(n[nH]2)c3cccc(n3)c4cc([nH]n4)c5ccccc5OC,0,3,
ZIKKUC04_ligands1.mol2,c1ccc2c(c1)[nH]c(n2)c3cccc(n3)c4[nH]c5ccccc5n4,0,3,
ZIKKUC_ligands0.mol2,COc1ccccc1c2cc(n[nH]2)c3cccc(n3)c4cc([nH]n4)c5ccccc5OC,0,3,
ZIKKUC_ligands1.mol2,c1ccc2c(c1)[nH]c(n2)c3cccc(n3)c4[nH]c5ccccc5n4,0,3,
ZIKMAK09_ligands0.mol2,COc1ccccc1c2cc(n[nH]2)c3cccc(n3)c4cc([nH]n4)c5ccccc5OC,0,3,
ZIKMAK09_ligands1.mol2,c1ccc2c(c1)[nH]c(n2)c3cccc(n3)c4[nH]c5ccccc5n4,0,3,
ZIKMAK05_ligands1.mol2,c1ccc2c(c1)[nH]c(n2)c3cccc(n3)c4[nH]c5ccccc5n4,0,3,
ZIKMAK05_ligands0.mol2,COc1ccccc1c2cc(n[nH]2)c3cccc(n3)c4cc([nH]n4)c5ccccc5OC,0,3,
MEQVEM02_ligands0.mol2,Cc1nc(cs1)c2cccc(n2)c3csc(n3)C,0,3,
MEQVEM_ligands0.mol2,Cc1nc(cs1)c2cccc(n2)c3csc(n3)C,0,3,
OCEVEA01_ligands0.mol2,Cc1nc(cs1)c2cccc(n2)c3csc(n3)C,0,3,
OCEVEA_ligands0.mol2,Cc1nc(cs1)c2cccc(n2)c3csc(n3)C,0,3,
LARZAF_ligands0.mol2,c1cc(nc(c1)c2nc[nH]n2)c3nc[nH]n3,0,3,
DOMQED_ligands0.mol2,c1ccc2c(c1)[nH]c(n2)c3ccc4ccc5cccnc5c4n3,0,3,
DOMQIH_ligands0.mol2,c1ccc2c(c1)[n-]c(n2)c3ccc4ccc5cccnc5c4n3,-1,3,
DOMQON_ligands0.mol2,Cc1ccc2ccc3ccc(nc3c2n1)c4[nH]c5ccccc5n4,0,3,
DOMQUT02_ligands0.mol2,Cc1ccc2ccc3ccc(nc3c2n1)c4[n-]c5ccccc5n4,-1,3,
DOMQUT01_ligands0.mol2,Cc1ccc2ccc3ccc(nc3c2n1)c4[n-]c5ccccc5n4,-1,3,
DOMQUT_ligands0.mol2,Cc1ccc2ccc3ccc(nc3c2n1)c4[n-]c5ccccc5n4,-1,3,
JAQVIG_ligands0.mol2,c1ccnc(c1)c2cccc(n2)c3nc[nH]n3,0,3,
JAQVOM_ligands0.mol2,Cn1cnc(n1)c2cccc(n2)c3ccccn3,0,3,
JAQVUS_ligands0.mol2,Cc1[nH]nc(n1)c2cccc(n2)c3ccccn3,0,3,
JAQWAZ_ligands0.mol2,Cc1nc(nn1C)c2cccc(n2)c3ccccn3,0,3,
XADFEN_ligands0.mol2,Cc1nc(no1)c2cccc(n2)c3ccccn3,0,3,
QERDIB_ligands0.mol2,c1cnc([nH]1)Cc2[nH]cc(n2)Cc3c[nH]cn3,0,3,
QERDIB01_ligands0.mol2,c1cnc([nH]1)Cc2[nH]cc(n2)Cc3c[nH]cn3,0,3,
QIDJET_ligands0.mol2,c1cc2ccc3ccc(nc3c2nc1)c4[n-]nnn4,-1,3,
QIDJET01_ligands0.mol2,c1cc2ccc3ccc(nc3c2nc1)c4[n-]nnn4,-1,3,
QIDJIX_ligands0.mol2,c1cc2ccc3ccc(nc3c2nc1)c4[n-]nnn4,-1,3,
QIDJOD_ligands0.mol2,Cn1nc(nn1)c2ccc3ccc4cccnc4c3n2,0,3,
QIDJUJ_ligands0.mol2,Cn1nc(nn1)c2ccc3ccc4cccnc4c3n2,0,3,
QIDKAQ_ligands0.mol2,CCn1nc(nn1)c2ccc3ccc4cccnc4c3n2,0,3,
QIDKEU_ligands0.mol2,CCn1nc(nn1)c2ccc3ccc4cccnc4c3n2,0,3,
QIDKOE_ligands0.mol2,CCCCCn1nc(nn1)c2ccc3ccc4cccnc4c3n2,0,3,
QIDKUK_ligands0.mol2,CCCCCn1nc(nn1)c2ccc3ccc4cccnc4c3n2,0,3,
QIDLUL_ligands0.mol2,CCCCCCCCCCCCCCCCn1nc(nn1)c2ccc3ccc4cccnc4c3n2,0,3,
QIDLUL01_ligands0.mol2,CCCCCCCCCCCCCCCCn1nc(nn1)c2ccc3ccc4cccnc4c3n2,0,3,
DUSMAH_ligands0.mol2,CC1(COC(=N1)c2cccc(n2)C3=NC(CO3)(C)C)C,0,3,
DUSMAH03_ligands0.mol2,CC1(COC(=N1)c2cccc(n2)C3=NC(CO3)(C)C)C,0,3,
DUSMUB_ligands0.mol2,CC1(COC(=N1)c2cccc(n2)C3=NC(CO3)(C)C)C,0,3,
QOZNOL_ligands0.mol2,c1ccc(cc1)C[C@@H]2COC(=N2)c3cccc(n3)C4=N[C@@H](CO4)Cc5ccccc5,0,3,
AWUKEK01_ligands0.mol2,CC1(COC(=N1)c2cccc(n2)C3=NC(CO3)(C)C)C,0,3,
FOSBOG_ligands0.mol2,c1ccc2cc(ccc2c1)c3cc(n[nH]3)c4cccc(n4)c5cc([nH]n5)c6ccc7ccccc7c6,0,3,
FOSCAT_ligands0.mol2,c1ccc2cc(ccc2c1)c3cc(n[nH]3)c4cccc(n4)c5cc([nH]n5)c6ccc7ccccc7c6,0,3,
FOSCEX_ligands0.mol2,c1ccc2cc(ccc2c1)c3cc(n[nH]3)c4cccc(n4)c5cc([nH]n5)c6ccc7ccccc7c6,0,3,
FOSCEX01_ligands0.mol2,c1ccc2cc(ccc2c1)c3cc(n[nH]3)c4cccc(n4)c5cc([nH]n5)c6ccc7ccccc7c6,0,3,
FOSCOH_ligands0.mol2,c1ccc2cc(ccc2c1)c3cc(n[nH]3)c4cccc(n4)c5cc([nH]n5)c6ccc7ccccc7c6,0,3,
GIVZIV_ligands0.mol2,c1cc(nc(c1)c2cc[nH]n2)c3cc[nH]n3,0,3,
GIVZAN_ligands0.mol2,c1cc(nc(c1)c2cc[nH]n2)c3cc[nH]n3,0,3,
GIVZER_ligands0.mol2,c1cc(nc(c1)c2cc[nH]n2)c3cc[nH]n3,0,3,
HECBUO_ligands0.mol2,c1ccc(c(c1)c2cc(n[nH]2)c3cccc(n3)c4cc([nH]n4)c5ccccc5O)O,0,3,
HECCEZ_ligands0.mol2,c1ccc(c(c1)c2cc(n[nH]2)c3cccc(n3)c4cc([nH]n4)c5ccccc5O)O,0,3,
HECCID_ligands0.mol2,c1ccc(c(c1)c2cc(n[nH]2)c3cccc(n3)c4cc([nH]n4)c5ccccc5O)O,0,3,
HIXDOK01_ligands0.mol2,c1ccc(cc1)c2cc(n[nH]2)c3cccc(n3)c4[nH]c5ccccc5n4,0,3,
HIXDOK_ligands0.mol2,c1ccc(cc1)c2cc(n[nH]2)c3cccc(n3)c4[nH]c5ccccc5n4,0,3,
HOMXIT_ligands0.mol2,c1cc(nc(c1)c2cc[nH]n2)c3cc[nH]n3,0,3,
HOMXIT01_ligands0.mol2,c1cc(nc(c1)c2cc[nH]n2)c3cc[nH]n3,0,3,
HOMXIT02_ligands0.mol2,c1cc(nc(c1)c2cc[nH]n2)c3cc[nH]n3,0,3,
ITINOP_ligands0.mol2,c1ccc(c(c1)c2cc(n[nH]2)c3cccc(n3)c4cc([nH]n4)c5ccccc5O)O,0,3,
ITINOP03_ligands0.mol2,c1ccc(c(c1)c2cc(n[nH]2)c3cccc(n3)c4cc([nH]n4)c5ccccc5O)O,0,3,
IZADEU_ligands0.mol2,CC1(COC(=N1)c2cccc(n2)C3=NC(CO3)(C)C)C,0,3,
IZADEU01_ligands0.mol2,CC1(COC(=N1)c2cccc(n2)C3=NC(CO3)(C)C)C,0,3,
IZADOE_ligands0.mol2,CC1(COC(=N1)c2cccc(n2)C3=NC(CO3)(C)C)C,0,3,
IZADUK01_ligands0.mol2,CC1(COC(=N1)c2cccc(n2)C3=NC(CO3)(C)C)C,0,3,
IZADUK_ligands0.mol2,CC1(COC(=N1)c2cccc(n2)C3=NC(CO3)(C)C)C,0,3,
IZAFEW03_ligands0.mol2,c1cc(nc(c1)C2=NCCO2)C3=NCCO3,0,3,
IZAFEW_ligands0.mol2,c1cc(nc(c1)C2=NCCO2)C3=NCCO3,0,3,
IZAFIA_ligands0.mol2,c1cc(nc(c1)C2=NCCO2)C3=NCCO3,0,3,
IZAFOG01_ligands0.mol2,c1cc(nc(c1)C2=NCCO2)C3=NCCO3,0,3,
IZAFOG_ligands0.mol2,c1cc(nc(c1)C2=NCCO2)C3=NCCO3,0,3,
IZAGAT02_ligands0.mol2,c1cc(nc(c1)C2=NCCO2)C3=NCCO3,0,3,
IZAGAT_ligands0.mol2,c1cc(nc(c1)C2=NCCO2)C3=NCCO3,0,3,
KALWUR_ligands0.mol2,Cc1cc(n[nH]1)c2cccc(n2)c3cc([nH]n3)C,0,3,
KALXAY01_ligands0.mol2,Cc1cc(n[nH]1)c2cccc(n2)c3cc([nH]n3)C,0,3,
KALXAY_ligands0.mol2,Cc1cc(n[nH]1)c2cccc(n2)c3cc([nH]n3)C,0,3,
MEGDEH_ligands0.mol2,C/C(=N\c1ccc(cc1)OC)/c2nc(ccc2)/C(=N/c3ccc(cc3)OC)/C,0,3,
NIXWEZ_ligands0.mol2,Cc1ccc(cc1)c2cc(n[nH]2)c3cccc(n3)c4[nH]c5ccccc5n4,0,3,
NIXXAW_ligands0.mol2,Cc1cc(c(c(c1)C)c2cc(n[nH]2)c3cccc(n3)c4[nH]c5ccccc5n4)C,0,3,
NIXXEA_ligands0.mol2,Cc1c(c(c(c(c1C)C)c2cc(n[nH]2)c3cccc(n3)c4[nH]c5ccccc5n4)C)C,0,3,
VILZAT_ligands0.mol2,C=CCn1ccc(n1)c2cccc(n2)c3ccn(n3)CC=C,0,3,
VILZEX_ligands0.mol2,c1ccc(cc1)Cn2ccc(n2)c3cccc(n3)c4ccn(n4)Cc5ccccc5,0,3,
VILZOH_ligands0.mol2,Cn1ccc(n1)c2cccc(n2)c3ccn(n3)C,0,3,
VIMBAW_ligands0.mol2,Cn1ccc(n1)c2cccc(n2)c3ccn(n3)C,0,3,
VISCAD_ligands0.mol2,c1ccc(c(c1)c2cc(n[nH]2)c3cccc(n3)c4cc([nH]n4)c5ccccc5O)O,0,3,
XODCEB_ligands0.mol2,c1ccc(cc1)c2cc(n[nH]2)c3cccc(n3)c4[n-]c5ccccc5n4,-1,3,
TULHEQ_ligands0.mol2,CCc1cccc(c1n2c(cc(n2)c3cccc(n3)c4cc(n(n4)c5c(cccc5CC)CC)O)O)CC,0,3,
TULHIU_ligands0.mol2,c1cc(c(c(c1)F)n2c(cc(n2)c3cccc(n3)c4cc(n(n4)c5c(cccc5F)F)O)O)F,0,3,
DULBUK02_ligands0.mol2,CC1(CSC(=N1)c2cccc(n2)C3=NC(CS3)(C)C)C,0,3,
DULBUK_ligands0.mol2,CC1(CSC(=N1)c2cccc(n2)C3=NC(CS3)(C)C)C,0,3,
DULCIZ_ligands0.mol2,CC1(CSC(=N1)c2cccc(n2)C3=NC(CS3)(C)C)C,0,3,
DULCOF_ligands0.mol2,CC1(CSC(=N1)c2cccc(n2)C3=NC(CS3)(C)C)C,0,3,
DULDAS_ligands0.mol2,c1cc(nc(c1)C2=NCCS2)C3=NCCS3,0,3,
DOQRAC_ligands1.mol2,CC#N,0,1,
DOQRAC_ligands0.mol2,CN1CCN(CCN(CC1)C)C,0,3,
DOQRAC01_ligands1.mol2,CC#N,0,1,
DOQRAC01_ligands0.mol2,CN1CCN(CCN(CC1)C)C,0,3,
WEKJED_ligands0.mol2,C/C(=N\CCN)/c1ccccn1,0,3,
WEKJIH_ligands0.mol2,C/C(=N\CCNC)/c1ccccn1,0,3,
NEFSIA01_ligands0.mol2,C(=[N-])=S,-1,1,
NEFSIA01_ligands1.mol2,c1ccnc(c1)CN(CCN)Cc2ccccn2,0,4,
NEFSIA02_ligands1.mol2,c1ccnc(c1)CN(CCN)Cc2ccccn2,0,4,
NEFSIA02_ligands0.mol2,C(=[N-])=S,-1,1,
NUMBEC01_ligands1.mol2,c1ccnc(c1)CN(CCCN)Cc2ccccn2,0,4,
NUMBEC01_ligands0.mol2,C(=[N-])=S,-1,1,
NUMBEC_ligands0.mol2,C(=[N-])=S,-1,1,
NUMBEC_ligands1.mol2,c1ccnc(c1)CN(CCCN)Cc2ccccn2,0,4,
NUMBEC02_ligands0.mol2,C(=[N-])=S,-1,1,
NUMBEC02_ligands1.mol2,c1ccnc(c1)CN(CCCN)Cc2ccccn2,0,4,
UZELAN_ligands0.mol2,C(=[N-])=S,-1,1,
UZELAN_ligands1.mol2,Cc1cc(n(n1)CN(Cn2c(cc(n2)C)C)Cn3c(cc(n3)C)C)C,0,4,
TIHTAF01_ligands0.mol2,c1cnc([nH]1)c2[nH]ccn2,0,2,
TIHTAF01_ligands1.mol2,c1ccnc(c1)CN(CCN)Cc2ccccn2,0,4,
TIHTAF_ligands0.mol2,c1cnc([nH]1)c2[nH]ccn2,0,2,
TIHTAF_ligands1.mol2,c1ccnc(c1)CN(CCN)Cc2ccccn2,0,4,
IQIJAT02_ligands1.mol2,c1ccnc(c1)c2nnc(n2N)c3ccccn3,0,2,
IQIJAT02_ligands0.mol2,c1ccnc(c1)CN(CCCN)CCCN,0,4,
IQIJAT_ligands0.mol2,c1ccnc(c1)CN(CCCN)CCCN,0,4,
IQIJAT_ligands1.mol2,c1ccnc(c1)c2nnc(n2N)c3ccccn3,0,2,
BAXXAB01_ligands1.mol2,c1ccnc(c1)CNCCNCc2ccccn2,0,4,
BAXXAB01_ligands0.mol2,C(=[N-])=S,-1,1,
YUYHOR01_ligands1.mol2,c1ccnc(c1)CNCCNCc2ccccn2,0,4,
YUYHOR01_ligands0.mol2,[BH3-]C#N,-1,1,
YUYHOR_ligands0.mol2,[BH3-]C#N,-1,1,
YUYHOR_ligands1.mol2,c1ccnc(c1)CNCCNCc2ccccn2,0,4,
ABISOV_ligands1.mol2,c1ccnc(c1)CN(Cc2ccccn2)Cc3ccccn3,0,4,
ABISOV_ligands0.mol2,C(=[N-])=S,-1,1,
ABISOV02_ligands1.mol2,c1ccnc(c1)CN(Cc2ccccn2)Cc3ccccn3,0,4,
ABISOV02_ligands0.mol2,C(=[N-])=S,-1,1,
ABITEM_ligands0.mol2,C(=[N-])=S,-1,1,
ABITEM_ligands1.mol2,c1ccnc(c1)CN(Cc2ccccn2)Cc3ccccn3,0,4,
ABITEM01_ligands1.mol2,c1ccnc(c1)CN(Cc2ccccn2)Cc3ccccn3,0,4,
ABITEM01_ligands0.mol2,C(=[N-])=S,-1,1,
ABITUC01_ligands1.mol2,c1ccnc(c1)CN(Cc2ccccn2)Cc3ccccn3,0,4,
ABITUC01_ligands0.mol2,C(=[N-])=S,-1,1,
ABITUC_ligands0.mol2,C(=[N-])=S,-1,1,
ABITUC_ligands1.mol2,c1ccnc(c1)CN(Cc2ccccn2)Cc3ccccn3,0,4,
ABIVAK_ligands0.mol2,C(=[N-])=S,-1,1,
ABIVAK_ligands1.mol2,c1ccnc(c1)CN(Cc2ccccn2)Cc3ccccn3,0,4,
ABIVAK01_ligands1.mol2,c1ccnc(c1)CN(Cc2ccccn2)Cc3ccccn3,0,4,
ABIVAK01_ligands0.mol2,C(=[N-])=S,-1,1,
CECVUD_ligands1.mol2,c1ccc2c(c1)ccc(n2)CN(Cc3ccccn3)Cc4ccccn4,0,4,
CECVUD_ligands0.mol2,C(=[N-])=S,-1,1,
EBOTOG_ligands1.mol2,c1ccnc(c1)CN(Cc2ccccn2)Cc3ccccn3,0,4,
EBOTOG_ligands0.mol2,C(=[N-])=S,-1,1,
EBOTOG01_ligands0.mol2,C(=[N-])=S,-1,1,
EBOTOG01_ligands1.mol2,c1ccnc(c1)CN(Cc2ccccn2)Cc3ccccn3,0,4,
EBOVAU_ligands0.mol2,C(=[N-])=S,-1,1,
EBOVAU_ligands1.mol2,c1ccnc(c1)CN(Cc2ccccn2)Cc3ccccn3,0,4,
LUWSUS01_ligands1.mol2,c1ccnc(c1)CN(Cc2ccccn2)Cc3ccccn3,0,4,
LUWSUS01_ligands0.mol2,C(=[N-])=S,-1,1,
LUWSUS_ligands0.mol2,C(=[N-])=S,-1,1,
LUWSUS_ligands1.mol2,c1ccnc(c1)CN(Cc2ccccn2)Cc3ccccn3,0,4,
LUWSUS03_ligands0.mol2,C(=[N-])=S,-1,1,
LUWSUS03_ligands1.mol2,c1ccnc(c1)CN(Cc2ccccn2)Cc3ccccn3,0,4,
LUWSUS02_ligands1.mol2,c1ccnc(c1)CN(Cc2ccccn2)Cc3ccccn3,0,4,
LUWSUS02_ligands0.mol2,C(=[N-])=S,-1,1,
LUWSUS06_ligands1.mol2,c1ccnc(c1)CN(Cc2ccccn2)Cc3ccccn3,0,4,
LUWSUS06_ligands0.mol2,C(=[N-])=S,-1,1,
LUWSUS05_ligands1.mol2,c1ccnc(c1)CN(Cc2ccccn2)Cc3ccccn3,0,4,
LUWSUS05_ligands0.mol2,C(=[N-])=S,-1,1,
LUWSUS04_ligands1.mol2,c1ccnc(c1)CN(Cc2ccccn2)Cc3ccccn3,0,4,
LUWSUS04_ligands0.mol2,C(=[N-])=S,-1,1,
LUWSUS09_ligands0.mol2,C(=[N-])=S,-1,1,
LUWSUS09_ligands1.mol2,c1ccnc(c1)CN(Cc2ccccn2)Cc3ccccn3,0,4,
LUWSUS07_ligands0.mol2,C(=[N-])=S,-1,1,
LUWSUS07_ligands1.mol2,c1ccnc(c1)CN(Cc2ccccn2)Cc3ccccn3,0,4,
LUWTED02_ligands0.mol2,C(=[N-])=S,-1,1,
LUWTED02_ligands1.mol2,c1ccnc(c1)CN(Cc2ccccn2)Cc3ccccn3,0,4,
LUWTED01_ligands0.mol2,C(=[N-])=S,-1,1,
LUWTED01_ligands1.mol2,c1ccnc(c1)CN(Cc2ccccn2)Cc3ccccn3,0,4,
LUWTED_ligands1.mol2,c1ccnc(c1)CN(Cc2ccccn2)Cc3ccccn3,0,4,
LUWTED_ligands0.mol2,C(=[N-])=S,-1,1,
WAHKEX01_ligands1.mol2,c1ccnc(c1)CCN(Cc2ccccn2)Cc3ccccn3,0,4,
WAHKEX01_ligands0.mol2,C(=[N-])=S,-1,1,
WAHKEX_ligands0.mol2,C(=[N-])=S,-1,1,
WAHKEX_ligands1.mol2,c1ccnc(c1)CCN(Cc2ccccn2)Cc3ccccn3,0,4,
TEKHAU_ligands0.mol2,Cc1cccc(n1)CN(CCc2ccccn2)Cc3cccc(n3)C,0,4,
TEKHAU_ligands1.mol2,C(=[N-])=S,-1,1,
AFOYUS02_ligands1.mol2,c1ccnc(c1)CN(Cc2ccccn2)Cc3ccccn3,0,4,
AFOYUS02_ligands0.mol2,C(=[N-])=[Se],-1,1,
AFOYUS_ligands0.mol2,C(=[N-])=[Se],-1,1,
AFOYUS_ligands1.mol2,c1ccnc(c1)CN(Cc2ccccn2)Cc3ccccn3,0,4,
AFUJOD01_ligands0.mol2,C(=[N-])=[Se],-1,1,
AFUJOD01_ligands1.mol2,c1ccnc(c1)CN(Cc2ccccn2)Cc3ccccn3,0,4,
AFOYOM_ligands1.mol2,c1ccnc(c1)CN(Cc2ccccn2)Cc3ccccn3,0,4,
AFOYOM_ligands0.mol2,C(=[N-])=[Se],-1,1,
TEKHEY_ligands0.mol2,Cc1cccc(n1)CN(CCN(C)C)Cc2cccc(n2)C,0,4,
TEKHEY_ligands1.mol2,C(=[N-])=S,-1,1,
TEKHIC_ligands0.mol2,C(=[N-])=S,-1,1,
TEKHIC_ligands1.mol2,CN(C)CCN(Cc1ccccn1)Cc2ccccn2,0,4,
HOLSIN_ligands1.mol2,C[N@@](CC[N@](C)Cc1ccc2ccccc2n1)Cc3ccc4ccccc4n3,0,4,
HOLSIN_ligands0.mol2,C(=[N-])=S,-1,1,
HOLSUZ_ligands1.mol2,c1ccc(cc1)C[N@](CC[N@@](Cc2ccccc2)Cc3ccccn3)Cc4ccccn4,0,4,
HOLSUZ_ligands0.mol2,C(=[N-])=S,-1,1,
HOLTUA_ligands1.mol2,c1ccc(cc1)C[N@](CC[N@@](Cc2ccccc2)Cc3ccccn3)Cc4ccccn4,0,4,
HOLTUA_ligands0.mol2,C(=[N-])=S,-1,1,
JAQQIB_ligands0.mol2,C(=[N-])=S,-1,1,
JAQQIB_ligands1.mol2,c1ccnc(c1)C[N@@]2CCNCC[N@@](CC2)Cc3ccccn3,0,5,
LINRAC_ligands1.mol2,C(=[N-])=S,-1,1,
LINRAC_ligands0.mol2,c1ccc(cc1)C[N@@](CCN(Cc2ccccn2)Cc3ccccn3)Cc4ccccn4,0,5,
MIFRIF_ligands1.mol2,C(=[N-])=S,-1,1,
MIFRIF_ligands0.mol2,c1cnc(cc1Cl)CNCCNCc2cc(ccn2)Cl,0,4,
XUGGEO_ligands0.mol2,C(=[N-])=[Se],-1,1,
XUGGEO_ligands1.mol2,c1ccnc(c1)CN[C@@H]2CCCC[C@H]2NCc3ccccn3,0,4,
XUGGEO02_ligands1.mol2,c1ccnc(c1)CN[C@@H]2CCCC[C@H]2NCc3ccccn3,0,4,
XUGGEO02_ligands0.mol2,C(=[N-])=[Se],-1,1,
XUGGEO01_ligands1.mol2,c1ccnc(c1)CN[C@@H]2CCCC[C@H]2NCc3ccccn3,0,4,
XUGGEO01_ligands0.mol2,C(=[N-])=[Se],-1,1,
XUGGEO03_ligands1.mol2,c1ccnc(c1)CN[C@@H]2CCCC[C@H]2NCc3ccccn3,0,4,
XUGGEO03_ligands0.mol2,C(=[N-])=[Se],-1,1,
XUGGIS01_ligands1.mol2,c1ccnc(c1)CN[C@H]2CCCC[C@@H]2NCc3ccccn3,0,4,
XUGGIS01_ligands0.mol2,C(=[N-])=[Se],-1,1,
XUGGIS_ligands1.mol2,c1ccnc(c1)CN[C@H]2CCCC[C@@H]2NCc3ccccn3,0,4,
XUGGIS_ligands0.mol2,C(=[N-])=[Se],-1,1,
XUGHAL_ligands0.mol2,C(=[N-])=[Se],-1,1,
XUGHAL_ligands1.mol2,c1ccnc(c1)CN[C@H]2CCCC[C@@H]2NCc3ccccn3,0,4,
XUGGIS02_ligands1.mol2,c1ccnc(c1)CN[C@H]2CCCC[C@@H]2NCc3ccccn3,0,4,
XUGGIS02_ligands0.mol2,C(=[N-])=[Se],-1,1,
XUGGUE_ligands1.mol2,c1ccnc(c1)CN[C@@H]2CCCC[C@H]2NCc3ccccn3,0,4,
XUGGUE_ligands0.mol2,C(=[N-])=[Se],-1,1,
HOLTAG_ligands0.mol2,C(=[N-])=[Se],-1,1,
HOLTAG_ligands1.mol2,C[N@@](CC[N@](C)Cc1ccc2ccccc2n1)Cc3ccc4ccccc4n3,0,4,
HOLTOU_ligands1.mol2,c1ccc(cc1)C[N@](CC[N@@](Cc2ccccc2)Cc3ccccn3)Cc4ccccn4,0,4,
HOLTOU_ligands0.mol2,C(=[N-])=[Se],-1,1,
MIFROL01_ligands1.mol2,c1cnc(cc1Cl)CNCCNCc2cc(ccn2)Cl,0,4,
MIFROL01_ligands0.mol2,C(=[N-])=[Se],-1,1,
MIFROL_ligands0.mol2,C(=[N-])=[Se],-1,1,
MIFROL_ligands1.mol2,c1cnc(cc1Cl)CNCCNCc2cc(ccn2)Cl,0,4,
QUHWAT_ligands0.mol2,C(=[N-])=[Se],-1,1,
QUHWAT_ligands1.mol2,C[N@](CC[N@@](C)Cc1ccccn1)Cc2ccccn2,0,4,
QUHWAT01_ligands1.mol2,C[N@@](CC[N@](C)Cc1ccccn1)Cc2ccccn2,0,4,
QUHWAT01_ligands0.mol2,C(=[N-])=[Se],-1,1,
QUHWAT02_ligands1.mol2,C[N@@](CC[N@](C)Cc1ccccn1)Cc2ccccn2,0,4,
QUHWAT02_ligands0.mol2,C(=[N-])=[Se],-1,1,
HOLTEK_ligands0.mol2,c1ccc(cc1)C[N@](CC[N@@](Cc2ccccc2)Cc3ccccn3)Cc4ccccn4,0,4,
HOLTEK_ligands1.mol2,[BH3-]C#N,-1,1,
HOLSOT_ligands0.mol2,c1ccc(cc1)C[N@](CC[N@@](Cc2ccccc2)Cc3ccccn3)Cc4ccccn4,0,4,
HOLSOT_ligands1.mol2,[BH3-]C#N,-1,1,
MIFSEC_ligands1.mol2,[BH3-]C#N,-1,1,
MIFSEC_ligands0.mol2,c1cnc(cc1Cl)CNCCNCc2cc(ccn2)Cl,0,4,
MIFSAY_ligands1.mol2,[BH3-]C#N,-1,1,
MIFSAY_ligands0.mol2,c1cnc(cc1Cl)CNCCNCc2cc(ccn2)Cl,0,4,
BUNSIN_ligands0.mol2,c1ccnc(c1)C[N@]2CCCNCC[N@](CCCNCC2)Cc3ccccn3,0,6,
BUNSIN01_ligands0.mol2,c1ccnc(c1)C[N@]2CCCNCC[N@](CCCNCC2)Cc3ccccn3,0,6,
ETUHIM_ligands0.mol2,c1ccnc(c1)C[N@]2CCCNCC[N@](CCCNCC2)Cc3ccccn3,0,6,
ETUHIM02_ligands0.mol2,c1ccnc(c1)C[N@]2CCCNCC[N@](CCCNCC2)Cc3ccccn3,0,6,
ETUJEK_ligands0.mol2,c1ccnc(c1)C[N@]2CCCNCC[N@](CCCNCC2)Cc3ccccn3,0,6,
KIFLOD_ligands0.mol2,c1ccnc(c1)C[N@@]2CCC[N@]3CC[N@](CCC[N@](CC3)Cc4ccccn4)CC2,0,6,
KIFLUJ_ligands0.mol2,c1ccnc(c1)C[N@]2CCC[N@@]3CC[N@@](CCC[N@@](CC3)Cc4ccccn4)CC2,0,6,
KIFMAQ01_ligands0.mol2,c1ccnc(c1)C[N@@]2CCC[N@]3CC[N@](CCC[N@](CC3)Cc4ccccn4)CC2,0,6,
KIFMAQ_ligands0.mol2,c1ccnc(c1)C[N@@]2CCC[N@]3CC[N@](CCC[N@](CC3)Cc4ccccn4)CC2,0,6,
HAXHIY_ligands0.mol2,c1ccc(cc1)C[N@@](CCN(Cc2ccccn2)Cc3ccccn3)Cc4ccccn4,0,5,
HAXHIY_ligands1.mol2,C(#N)[N-]C#N,-1,1,基はC(#N)NC#Nで出力
KEZPIO01_ligands0.mol2,c1ccnc(c1)CN(CCN(Cc2ccccn2)Cc3ccccn3)Cc4ccccn4,0,6,
KEZPIO_ligands0.mol2,c1ccnc(c1)CN(CCN(Cc2ccccn2)Cc3ccccn3)Cc4ccccn4,0,6,
KEZPEK_ligands0.mol2,c1ccnc(c1)CN(CCN(Cc2ccccn2)Cc3ccccn3)Cc4ccccn4,0,6,
YAMXAL_ligands0.mol2,c1ccnc(c1)CN(Cc2ccccn2)[C@@H]3CCCC[C@H]3N(Cc4ccccn4)Cc5ccccn5,0,6,
MELLOF02_ligands0.mol2,c1ccnc(c1)CNCCCN(CCCNCc2ccccn2)Cc3ccccn3,0,6,
MELLOF01_ligands0.mol2,c1ccnc(c1)CNCCCN(CCCNCc2ccccn2)Cc3ccccn3,0,6,
MELLOF_ligands0.mol2,c1ccnc(c1)CNCCCN(CCCNCc2ccccn2)Cc3ccccn3,0,6,
NAVYEP01_ligands0.mol2,Cc1nc(c[nH]1)/C=N/CCN(CC/N=C/c2nc([nH]c2)C)CC/N=C/c3nc([nH]c3)C,0,6,
NOZJAN_ligands0.mol2,c1cc\2nc(c1)/C=N/CCN3CC/N=C/c4nc(ccc4)/C=N/CCN(CC/N=C2)CC/N=C/c5nc(ccc5)/C=N/CC3,0,6,
PASDOD_ligands0.mol2,Cc1[nH]cnc1/C=N/CCN(CC/N=C/c2nc[nH]c2C)CC/N=C/c3nc[nH]c3C,0,6,
QIDLAR_ligands0.mol2,CCCCCCn1nc(nn1)c2ccc3ccc4cccnc4c3n2,0,3,
QIDLEV_ligands0.mol2,CCCCCCn1nc(nn1)c2ccc3ccc4cccnc4c3n2,0,3,
QIDLIZ_ligands0.mol2,CCCCCCCn1nc(nn1)c2ccc3ccc4cccnc4c3n2,0,3,
QIDLOF_ligands0.mol2,CCCCCCCn1nc(nn1)c2ccc3ccc4cccnc4c3n2,0,3,
DUCFOW_ligands0.mol2,c1ccnc(c1)CN2CCN(CCN(CC2)Cc3ccccn3)Cc4ccccn4,0,6,
NESWAK_ligands0.mol2,Cc1cnn(c1)c2cccc(n2)n3cc(cn3)C,0,3,
YUZTUJ_ligands0.mol2,c1cc(c[nH+]c1)c2cc(nc(c2)n3cccn3)n4cccn4,1,3,
YUZTUJ_ligands1.mol2,c1cc(cnc1)c2cc(nc(c2)n3cccn3)n4cccn4,0,3,
FENFOW_ligands0.mol2,c1cc2ccc3ccc(nc3c2nc1)/N=N/c4ccc(cc4)Cl,0,3,
TEKHOI_ligands0.mol2,CC(=NCCN(Cc1ccccn1)Cc2ccccn2)C,0,4,
TEKHOI_ligands1.mol2,C(=[N-])=S,-1,1,
TEKHUO_ligands1.mol2,C(=[N-])=S,-1,1,
TEKHUO_ligands0.mol2,CN(C)C(=NCCN(Cc1ccccn1)Cc2ccccn2)N(C)C,0,4,
QIDKIY_ligands0.mol2,CCCCn1nc(nn1)c2ccc3ccc4cccnc4c3n2,0,3,
PIVFEG_ligands0.mol2,c1nnnn1C2CC2,0,1,
VOJPAM_ligands0.mol2,CCCCn1cnnn1,0,1,
VIFNAC_ligands0.mol2,c1nnnn1CCCCl,0,1,
VIFNAC01_ligands0.mol2,c1nnnn1CCCCl,0,1,
NIGXUY01_ligands0.mol2,CC(C)Cn1cnnn1,0,1,
NIGXUY02_ligands0.mol2,CC(C)Cn1cnnn1,0,1,
OCOPAA_ligands0.mol2,c1cc2ccc3cccnc3c2nc1,0,2,
RUCJEF_ligands0.mol2,c1ccnc(c1)C(c2ccccn2)(c3ccccn3)c4ccccn4,0,3,
YECMAW_ligands0.mol2,c1ccnc(c1)N(c2ccccn2)c3cccc(n3)N(c4ccccn4)c5ccccn5,0,3,
