ccdc_id,ion_1,ion_2,ion_3,ion_4,ion_5,ion_6,ion_7,ion_8,ion_9,ion_10,ion_11,ion_12,ion_13,ion_14,ion_15,ion_16,ion_17,ion_18,ion_19,ion_20,ion_21,ion_22,ion_23,ion_24,ion_25,ion_26,ion_27,ion_28,ion_29,ion_30,ion_31,solv_1,solv_2,solv_3,solv_4,solv_5,solv_6,solv_7,solv_8,solv_9,solv_10,solv_11,solv_12,solv_13,solv_14,solv_15,solv_16,solv_17,solv_18,solv_19,solv_20,solv_21
ABISOV,0,0,0,0,0,0,0,0,0,0,0,0,0,0.0,0,0,0,0,0,0,0,0.0,0,0,0,0,0,0,0,0,0,0,0,0.0,0,0.0,0.0,0,0,0,0.0,0,0.5,0,0.0,0.0,0.0,0,0.0,0.0,0.0,0
ABISOV02,0,0,0,0,0,0,0,0,0,0,0,0,0,0.0,0,0,0,0,0,0,0,0.0,0,0,0,0,0,0,0,0,0,0,0,0.0,0,0.0,0.0,0,0,0,0.0,0,0.5,0,0.0,0.0,0.0,0,0.0,0.0,0.0,0
ABITEM,0,0,0,0,0,0,0,0,0,0,0,0,0,0.0,0,0,0,0,0,0,0,0.0,0,0,0,0,0,0,0,0,0,0,0,0.0,0,0.0,0.0,0,0,0,0.0,1,0.0,0,0.0,0.0,0.0,0,0.0,0.0,0.0,0
ABITEM01,0,0,0,0,0,0,0,0,0,0,0,0,0,0.0,0,0,0,0,0,0,0,0.0,0,0,0,0,0,0,0,0,0,0,0,0.0,0,0.0,0.0,0,0,0,0.0,1,0.0,0,0.0,0.0,0.0,0,0.0,0.0,0.0,0
ABITUC,0,0,0,0,0,0,0,0,0,0,0,0,0,0.0,0,0,0,0,0,0,0,0.0,0,0,0,0,0,0,0,0,0,0,0,0.0,0,0.0,0.0,0,1,0,0.0,0,0.0,0,0.0,0.0,0.0,0,0.0,0.0,0.0,0
ABITUC01,0,0,0,0,0,0,0,0,0,0,0,0,0,0.0,0,0,0,0,0,0,0,0.0,0,0,0,0,0,0,0,0,0,0,0,0.0,0,0.0,0.0,0,1,0,0.0,0,0.0,0,0.0,0.0,0.0,0,0.0,0.0,0.0,0
ABIVAK,0,0,0,0,0,0,0,0,0,0,0,0,0,0.0,0,0,0,0,0,0,0,0.0,0,0,0,0,0,0,0,0,0,0,1,0.0,0,0.0,0.0,0,0,0,0.0,0,0.0,0,0.0,0.0,0.0,0,0.0,0.0,0.0,0
ABIVAK01,0,0,0,0,0,0,0,0,0,0,0,0,0,0.0,0,0,0,0,0,0,0,0.0,0,0,0,0,0,0,0,0,0,0,1,0.0,0,0.0,0.0,0,0,0,0.0,0,0.0,0,0.0,0.0,0.0,0,0.0,0.0,0.0,0
ABIWAK,0,0,0,0,0,0,0,0,0,0,0,0,0,0.0,0,0,0,0,0,0,0,0.0,0,2,0,0,0,0,0,0,0,0,0,0.0,0,0.0,0.0,0,0,0,0.0,0,0.0,0,0.0,0.0,0.0,0,0.0,1.0,0.0,0
ABUFOV,0,0,0,0,0,0,0,0,0,0,0,0,0,0.0,0,0,0,0,0,0,0,0.0,0,0,0,0,0,0,0,0,0,0,0,0.0,0,0.0,0.0,0,0,0,0.0,0,0.0,0,1.0,0.0,1.0,0,0.0,0.0,0.0,0
ABUGAI,0,0,0,0,0,0,0,0,0,0,0,0,0,0.0,0,0,0,0,0,0,0,0.0,0,0,0,0,0,0,0,0,0,0,0,0.0,0,3.0,0.0,0,0,0,0.0,0,0.0,0,0.0,0.0,0.0,0,0.0,0.0,0.0,0
ADIYOB,0,0,0,0,0,0,0,0,0,0,0,0,0,0.0,0,2,0,0,0,0,0,0.0,0,0,0,0,0,0,0,0,0,0,0,0.0,0,0.0,0.0,0,0,0,0.0,0,0.0,0,0.0,2.9,0.0,0,0.0,0.25,0.0,0
ADIYUH,0,0,0,0,0,0,0,0,0,0,2,0,0,0.0,0,0,0,0,0,0,0,0.0,0,0,0,0,0,0,0,0,0,0,0,0.0,0,0.0,0.0,0,0,0,0.0,0,0.0,0,0.0,0.0,0.0,0,0.0,0.0,0.0,0
AFANEB,0,0,0,0,0,0,0,0,0,0,0,0,0,0.0,0,2,0,0,0,0,0,0.0,0,0,0,0,0,0,0,0,0,0,0,0.0,0,0.0,0.0,0,0,0,0.0,0,0.0,0,0.0,0.0,0.0,0,0.0,0.0,0.0,0
AFANEB02,0,0,0,0,0,0,0,0,0,0,0,0,0,0.0,0,2,0,0,0,0,0,0.0,0,0,0,0,0,0,0,0,0,0,0,0.0,0,0.0,0.0,0,0,0,0.0,0,0.0,0,0.0,0.0,0.0,0,0.0,0.0,0.0,0
AFANIF02,0,0,0,0,0,0,0,0,0,0,0,0,0,0.0,0,2,0,0,0,0,0,0.0,0,0,0,0,0,0,0,0,0,0,0,0.0,0,0.0,0.0,0,0,0,0.0,0,0.0,0,0.0,0.0,0.0,0,0.0,0.33,0.0,0
AFOYOM,0,0,0,0,0,0,0,0,0,0,0,0,0,0.0,0,0,0,0,0,0,0,0.0,0,0,0,0,0,0,0,0,0,0,0,0.0,0,0.5,0.0,0,0,0,0.0,0,0.0,0,0.0,0.0,0.0,0,0.0,0.0,0.0,0
AFOYUS,0,0,0,0,0,0,0,0,0,0,0,0,0,0.0,0,0,0,0,0,0,0,0.0,0,0,0,0,0,0,0,0,0,0,0,0.0,0,1.0,0.0,0,0,0,0.0,0,0.0,0,0.0,0.0,0.0,0,0.0,0.0,0.0,0
AFOYUS02,0,0,0,0,0,0,0,0,0,0,0,0,0,0.0,0,0,0,0,0,0,0,0.0,0,0,0,0,0,0,0,0,0,0,0,0.0,0,1.0,0.0,0,0,0,0.0,0,0.0,0,0.0,0.0,0.0,0,0.0,0.0,0.0,0
AFUJOD01,0,0,0,0,0,0,0,0,0,0,0,0,0,0.0,0,0,0,0,0,0,0,0.0,0,0,0,0,0,0,0,0,0,0,0,0.0,0,0.5,0.0,0,0,0,0.0,0,0.0,0,0.0,0.0,0.0,0,0.0,0.0,0.0,0
AJAXEP,0,0,0,0,0,0,0,0,0,0,0,0,0,0.0,0,0,0,0,0,0,0,0.0,0,0,0,0,0,0,0,0,0,0,0,0.0,0,0.0,0.0,0,0,0,0.0,0,0.0,0,0.0,0.0,0.0,0,0.0,1.0,0.0,0
AKEMUY,0,0,0,0,0,0,0,0,0,0,0,0,0,0.0,0,0,0,0,0,0,0,0.0,0,0,0,0,0,0,0,0,0,0,0,0.0,0,0.0,0.0,0,0,0,0.0,0,0.0,0,0.0,0.0,0.0,0,0.0,0.0,0.0,0
AKENAF,0,0,0,0,0,0,0,0,0,0,0,0,0,0.0,0,0,0,0,0,0,0,0.0,0,0,0,0,0,0,0,0,0,0,0,0.0,0,0.0,0.0,0,0,0,0.0,0,0.0,0,0.0,0.0,0.0,0,0.0,0.0,0.0,0
AKENAF01,0,0,0,0,0,0,0,0,0,0,0,0,0,0.0,0,0,0,0,0,0,0,0.0,0,0,0,0,0,0,0,0,0,0,0,0.0,0,0.0,0.0,0,0,0,0.0,0,0.0,0,0.0,0.0,0.0,0,0.0,0.0,0.0,0
APAFEH,0,0,0,0,0,0,0,0,0,0,0,0,0,0.0,0,0,0,0,0,2,0,0.0,0,0,0,0,0,0,0,0,0,0,0,0.0,0,0.0,0.0,0,0,0,0.0,0,0.0,0,0.0,0.0,0.0,0,0.0,2.0,0.0,0
APAFEM01,0,0,0,0,0,0,0,0,0,0,0,0,0,0.0,0,0,0,0,0,2,0,0.0,0,0,0,0,0,0,0,0,0,0,0,0.0,0,0.0,0.0,0,0,0,0.0,0,0.0,0,0.0,0.0,1.0,0,0.0,0.0,0.0,0
APAFEM05,0,0,0,0,0,0,0,0,0,0,0,0,0,0.0,0,0,0,0,0,2,0,0.0,0,0,0,0,0,0,0,0,0,0,0,0.0,0,0.0,0.0,0,0,0,0.0,0,0.0,0,0.0,0.0,1.0,0,0.0,0.0,0.0,0
ATAVAU,0,0,0,0,0,0,0,0,0,0,0,0,0,0.0,0,0,0,0,0,0,0,0.0,0,0,0,0,0,0,0,0,0,0,0,0.0,0,0.0,0.0,0,0,0,0.0,0,0.0,0,0.0,0.0,0.0,0,0.0,0.0,0.0,0
ATAVEY,0,0,0,0,0,0,0,0,0,0,0,0,0,0.0,0,0,0,0,0,0,0,0.0,0,0,0,0,0,0,0,0,0,0,0,0.0,0,0.0,0.0,0,0,0,0.0,0,0.0,0,0.0,0.0,0.0,0,0.0,0.0,0.0,0
ATAVEY01,0,0,0,0,0,0,0,0,0,0,0,0,0,0.0,0,0,0,0,0,0,0,0.0,0,0,0,0,0,0,0,0,0,0,0,0.0,0,0.0,0.0,0,0,0,0.0,0,0.0,0,0.0,0.0,0.0,0,0.0,0.0,0.0,0
AWUKEK01,0,0,0,0,0,0,0,0,0,0,0,0,0,0.0,0,2,0,0,0,0,0,0.0,0,0,0,0,0,0,0,0,0,0,0,0.0,0,1.0,0.0,0,0,0,0.0,0,0.0,0,0.0,0.0,0.0,0,0.0,0.0,0.0,0
BAXXAB01,0,0,0,0,0,0,0,0,0,0,0,0,0,0.0,0,0,0,0,0,0,0,0.0,0,0,0,0,0,0,0,0,0,0,0,0.0,0,0.0,0.0,0,0,0,0.0,0,0.0,0,0.0,0.0,0.0,0,0.0,0.0,0.0,0
BAYZEH,0,0,0,0,0,0,0,0,0,0,0,0,0,0.0,0,0,0,0,0,0,0,0.0,0,0,0,0,0,0,0,0,0,0,0,0.0,0,0.0,0.0,0,0,0,0.0,0,0.0,0,0.0,0.0,0.5,0,0.0,0.0,0.0,0
BAYZEH01,0,0,0,0,0,0,0,0,0,0,0,0,0,0.0,0,0,0,0,0,0,0,0.0,0,0,0,0,0,0,0,0,0,0,0,0.0,0,0.0,0.0,0,0,0,0.0,0,0.0,0,0.0,0.0,0.5,0,0.0,0.0,0.0,0
BOCYOK,0,0,0,0,0,0,0,0,0,0,0,0,0,0.0,0,0,0,0,0,0,0,0.0,0,0,0,0,0,0,0,0,0,0,0,0.0,0,0.0,0.0,0,0,0,0.0,0,0.0,0,0.0,0.0,0.0,0,0.0,0.0,0.0,0
BOCYOK02,0,0,0,0,0,0,0,0,0,0,0,0,0,0.0,0,0,0,0,0,0,0,0.0,0,0,0,0,0,0,0,0,0,0,0,0.0,0,0.0,0.0,0,0,0,0.0,0,0.0,0,0.0,0.0,0.0,0,0.0,0.0,0.0,0
BOCZEB,0,0,0,0,0,0,0,0,0,0,0,0,0,0.0,0,0,0,0,0,0,0,0.0,0,0,0,0,0,0,0,0,0,0,0,0.0,0,0.0,0.0,0,0,0,0.0,0,0.0,0,0.0,0.0,0.0,0,0.0,0.0,0.0,0
BOCZEB03,0,0,0,0,0,0,0,0,0,0,0,0,0,0.0,0,0,0,0,0,0,0,0.0,0,0,0,0,0,0,0,0,0,0,0,0.0,0,0.0,0.0,0,0,0,0.0,0,0.0,0,0.0,0.0,0.0,0,0.0,0.0,0.0,0
BUNSIN,0,0,0,0,0,0,0,0,0,0,0,0,0,0.0,0,2,0,0,0,0,0,0.0,0,0,0,0,0,0,0,0,0,0,0,0.0,0,0.0,0.0,0,0,0,0.0,0,0.0,0,0.0,0.0,0.0,0,0.0,1.0,0.0,0
BUNSIN01,0,0,0,0,0,0,0,0,0,0,0,0,0,0.0,0,2,0,0,0,0,0,0.0,0,0,0,0,0,0,0,0,0,0,0,0.0,0,0.0,0.0,0,0,0,0.0,0,0.0,0,0.0,0.0,0.0,0,0.0,1.0,0.0,0
CATWUS,0,0,0,0,0,0,0,0,0,0,0,0,0,0.0,0,0,0,0,0,0,0,0.0,0,2,0,0,0,0,0,0,0,0,0,0.0,0,0.0,0.0,0,0,0,0.0,0,0.0,0,0.0,1.0,0.0,0,0.0,0.0,0.0,0
CECVUD,0,0,0,0,0,0,0,0,0,0,0,0,0,0.0,0,0,0,0,0,0,0,0.0,0,0,0,0,0,0,0,0,0,0,0,0.0,0,0.0,0.0,0,0,0,0.0,0,0.0,0,0.0,0.0,0.0,0,0.0,0.0,0.0,0
CERDEJ01,0,0,0,0,0,0,0,0,0,0,0,0,0,0.0,0,0,0,0,0,0,0,0.0,0,0,0,0,0,0,0,0,0,0,0,0.0,0,0.0,0.0,0,0,0,0.0,0,0.0,0,0.0,0.0,0.0,0,0.0,0.0,0.0,0
COLJAO,0,0,0,0,0,0,0,0,0,0,0,0,0,0.0,0,2,0,0,0,0,0,0.0,0,0,0,0,0,0,0,0,0,0,0,0.0,0,0.0,0.0,0,0,0,0.0,0,0.0,0,0.0,0.0,0.0,0,0.0,3.0,0.0,0
COMQUR,0,0,0,0,0,0,0,0,0,0,0,0,0,0.0,0,0,0,0,0,0,0,0.0,0,0,0,0,0,0,0,0,0,0,0,0.0,0,0.0,0.0,0,0,0,0.0,0,0.0,0,0.0,0.0,0.0,0,0.0,0.0,0.0,0
COMQUR01,0,0,0,0,0,0,0,0,0,0,0,0,0,0.0,0,0,0,0,0,0,0,0.0,0,0,0,0,0,0,0,0,0,0,0,0.0,0,0.0,0.0,0,0,0,0.0,0,0.0,0,0.0,0.0,0.0,0,0.0,0.0,0.0,0
COMRAY,0,0,0,0,0,0,0,0,0,0,0,0,0,0.0,0,0,0,0,0,0,0,0.0,0,2,0,0,0,0,0,0,0,0,0,0.0,0,0.0,0.0,0,0,0,0.0,0,0.0,0,0.0,0.0,0.0,0,0.0,0.0,0.0,0
COMREC,0,0,0,0,0,0,0,0,0,0,0,0,0,0.0,0,0,0,0,0,0,0,0.0,0,2,0,0,0,0,0,0,0,0,0,0.0,0,0.0,0.0,0,0,0,0.0,0,0.0,0,0.0,0.0,0.0,0,0.0,0.0,0.0,0
DEDNOQ,0,0,0,0,0,0,0,0,0,0,0,0,2,0.0,0,0,0,0,0,0,0,0.0,0,0,0,0,0,0,0,0,0,0,0,0.0,0,0.0,0.0,0,0,0,0.0,0,0.0,0,0.0,0.0,0.0,0,0.0,0.0,0.0,0
DEVDUD,0,0,0,0,0,0,0,0,0,0,0,0,0,0.0,0,0,0,0,0,0,0,0.0,0,2,0,0,0,0,0,0,0,0,0,0.0,0,0.0,0.0,0,0,0,0.0,0,0.0,0,0.0,0.0,0.0,0,0.0,0.0,0.0,0
DIXLUR10,0,0,0,0,0,0,0,0,0,0,0,0,0,0.0,0,0,0,0,2,0,0,0.0,0,0,0,0,0,0,0,0,0,0,0,0.0,0,0.0,0.0,0,0,0,0.0,0,1.0,0,0.0,0.0,0.0,0,0.0,0.0,0.0,0
DOMQED,0,0,0,0,0,0,0,0,0,0,0,0,0,0.0,0,2,0,0,0,0,0,0.0,0,0,0,0,0,0,0,0,0,0,0,0.0,0,0.0,0.0,0,0,0,0.0,0,0.0,0,0.0,0.0,0.0,0,0.0,1.0,1.5,0
DOMQIH,0,0,0,0,0,0,0,0,0,0,0,0,0,0.0,0,0,0,0,0,0,0,0.0,0,0,0,0,0,0,0,0,0,2,0,0.0,0,0.0,0.0,0,0,0,0.0,0,0.0,0,0.0,0.0,0.0,0,0.0,1.0,0.0,0
DOMQON,0,0,0,0,0,0,0,0,0,0,0,0,0,0.0,0,2,0,0,0,0,0,0.0,0,0,0,0,0,0,0,0,0,0,0,0.0,0,0.0,0.0,0,0,0,0.0,0,0.0,0,0.0,0.0,0.0,0,0.0,0.0,0.0,0
DOMQUT,0,0,0,0,0,0,0,0,0,0,0,0,0,0.0,0,0,0,0,0,0,0,0.0,0,0,0,0,0,0,0,0,0,2,0,0.0,0,0.0,0.0,0,0,0,0.0,0,0.0,0,0.0,0.0,0.0,0,0.0,0.0,0.0,0
DOMQUT01,0,0,0,0,0,0,0,0,0,0,0,0,0,0.0,0,0,0,0,0,0,0,0.0,0,0,0,0,0,0,0,0,0,2,0,0.0,0,0.0,0.0,0,0,0,0.0,0,0.0,0,0.0,0.0,0.0,0,0.0,0.0,0.0,0
DOMQUT02,0,0,0,0,0,0,0,0,0,0,0,0,0,0.0,0,0,0,0,0,0,0,0.0,0,0,0,0,0,0,0,0,0,2,0,0.0,0,0.0,0.0,0,0,0,0.0,0,0.0,0,0.0,0.0,0.0,0,0.0,0.0,0.0,0
DOQRAC,0,0,0,0,0,0,0,0,0,0,0,0,0,0.0,0,0,2,0,0,0,0,0.0,0,0,0,0,0,0,0,0,0,0,0,0.0,0,0.0,0.0,0,0,0,0.0,0,0.0,0,0.0,0.0,0.0,0,0.0,0.0,0.0,0
DOQRAC01,0,0,0,0,0,0,0,0,0,0,0,0,0,0.0,0,0,2,0,0,0,0,0.0,0,0,0,0,0,0,0,0,0,0,0,0.0,0,0.0,0.0,0,0,0,0.0,0,0.0,0,0.0,0.0,0.0,0,0.0,0.0,0.0,0
DUCFOW,0,0,0,0,0,0,0,0,0,0,0,0,0,0.0,0,0,0,0,0,0,0,0.0,0,2,0,0,0,0,0,0,0,0,0,0.0,0,0.0,0.0,0,0,0,0.0,0,0.0,0,0.0,0.0,0.0,0,0.0,0.0,0.0,0
DUKJAW,0,0,0,0,0,0,0,0,0,0,0,0,0,0.0,0,0,0,0,0,0,0,0.0,0,0,0,0,0,0,0,0,0,0,0,0.0,0,0.0,0.0,0,0,0,0.0,0,0.0,0,0.0,0.0,0.0,0,0.0,0.0,0.0,0
DUKJAW01,0,0,0,0,0,0,0,0,0,0,0,0,0,0.0,0,0,0,0,0,0,0,0.0,0,0,0,0,0,0,0,0,0,0,0,0.0,0,0.0,0.0,0,0,0,0.0,0,0.0,0,0.0,0.0,0.0,0,0.0,0.0,0.0,0
DUKJIE,0,0,0,0,0,0,0,0,0,0,0,0,0,0.0,0,0,0,0,0,0,0,0.0,0,0,0,0,0,0,0,0,0,0,0,0.0,0,0.0,0.0,0,0,0,0.0,0,0.0,0,0.0,0.0,0.0,0,0.0,0.0,0.0,0
DULBUK,0,0,0,0,0,0,0,0,0,0,0,0,0,0.0,0,0,0,0,0,0,0,0.0,0,2,0,0,0,0,0,0,0,0,0,0.0,0,0.0,0.0,0,0,0,0.0,0,0.0,0,0.0,0.0,0.0,0,0.0,0.0,0.0,0
DULBUK02,0,0,0,0,0,0,0,0,0,0,0,0,0,0.0,0,0,0,0,0,0,0,0.0,0,2,0,0,0,0,0,0,0,0,0,0.0,0,0.0,0.0,0,0,0,0.0,0,0.0,0,0.0,0.0,0.0,0,0.0,0.0,0.0,0
DULCIZ,0,0,0,0,0,0,0,0,0,0,2,0,0,0.0,0,0,0,0,0,0,0,0.0,0,0,0,0,0,0,0,0,0,0,0,0.0,0,1.0,0.0,0,0,0,0.0,0,0.0,0,0.0,0.0,0.0,0,0.0,0.0,0.0,0
DULCOF,0,0,0,0,0,0,0,0,0,0,0,0,0,0.0,0,0,2,0,0,0,0,0.0,0,0,0,0,0,0,0,0,0,0,0,0.0,0,0.0,0.0,0,0,0,0.0,0,0.0,0,0.0,0.0,0.0,0,0.0,0.0,0.0,0
DULDAS,0,0,0,0,0,0,0,0,0,0,0,0,0,0.0,0,0,0,0,0,0,0,0.0,0,2,0,0,0,0,0,0,0,0,0,0.0,0,1.0,0.0,0,0,0,0.0,0,0.0,0,0.0,0.0,0.0,0,0.0,0.5,0.0,0
DUSMAH,0,0,0,0,0,0,0,0,0,0,0,0,0,0.0,0,0,0,0,0,0,0,0.0,0,2,0,0,0,0,0,0,0,0,0,0.0,0,0.0,0.0,0,0,0,0.0,0,0.0,0,0.0,0.0,0.0,0,0.0,0.0,0.0,0
DUSMAH03,0,0,0,0,0,0,0,0,0,0,0,0,0,0.0,0,0,0,0,0,0,0,0.0,0,2,0,0,0,0,0,0,0,0,0,0.0,0,0.0,0.0,0,0,0,0.0,0,0.0,0,0.0,0.0,0.0,0,0.0,0.0,0.0,0
DUSMUB,0,0,0,0,0,0,0,0,0,0,0,0,0,0.0,0,0,0,0,0,0,0,0.0,0,2,0,0,0,0,0,0,0,0,0,0.0,0,1.0,0.0,0,0,0,0.0,0,0.0,0,0.0,0.0,0.0,0,0.0,0.0,0.0,0
DUWHIO,0,0,0,0,0,0,0,0,0,0,0,0,0,0.0,0,0,0,0,0,0,0,0.0,0,0,0,0,0,0,0,0,0,0,0,0.0,0,0.0,0.0,0,0,0,0.0,0,0.0,0,0.0,0.0,0.0,0,0.0,0.0,0.0,0
DUWHIO03,0,0,0,0,0,0,0,0,0,0,0,0,0,0.0,0,0,0,0,0,0,0,0.0,0,0,0,0,0,0,0,0,0,0,0,0.0,0,0.0,0.0,0,0,0,0.0,0,0.0,0,0.0,0.0,0.0,0,0.0,0.0,0.0,0
EBOTOG,0,0,0,0,0,0,0,0,0,0,0,0,0,0.0,0,0,0,0,0,0,0,0.0,0,0,0,0,0,0,0,0,0,1,0,0.0,0,0.0,0.0,0,0,0,0.0,0,0.0,0,0.0,0.0,0.0,0,0.0,0.0,0.0,0
EBOTOG01,0,0,0,0,0,0,0,0,0,0,0,0,0,0.0,0,0,0,0,0,0,0,0.0,0,0,0,0,0,0,0,0,0,1,0,0.0,0,0.0,0.0,0,0,0,0.0,0,0.0,0,0.0,0.0,0.0,0,0.0,0.0,0.0,0
EBOVAU,0,0,0,0,0,0,0,0,0,0,0,0,0,0.0,0,0,0,0,0,0,0,0.0,0,0,0,0,0,0,0,0,0,0,0,0.0,0,1.0,0.0,0,0,0,0.0,0,0.0,0,0.0,0.0,0.0,0,0.0,0.0,0.0,0
EBUQAU,0,0,0,0,0,0,0,0,0,0,0,0,0,0.0,0,2,0,0,0,0,0,0.0,0,0,0,0,0,0,0,0,0,0,0,0.0,0,0.0,0.0,0,0,0,0.0,0,0.0,0,0.0,0.0,0.0,0,0.0,3.0,0.0,0
EBUQAU01,0,0,0,0,0,0,0,0,0,0,0,0,0,0.0,0,2,0,0,0,0,0,0.0,0,0,0,0,0,0,0,0,0,0,0,0.0,0,0.0,0.0,0,0,0,0.0,0,0.0,0,0.0,0.0,0.0,0,0.0,3.0,0.0,0
ECELAA,0,0,0,0,0,0,0,0,0,0,0,0,0,1.5,0,0,0,0,0,0,0,0.5,0,0,0,0,0,0,0,0,0,0,0,0.0,0,0.0,0.0,0,0,0,0.0,0,0.0,0,0.0,0.0,0.0,0,0.0,0.0,0.0,0
ECELEE01,0,0,0,0,0,0,0,0,0,0,0,0,0,0.0,0,0,0,2,0,0,0,0.0,0,0,0,0,0,0,0,0,0,0,0,0.0,0,0.0,0.0,0,0,0,0.0,0,0.0,0,0.0,0.75,0.0,0,0.0,0.0,0.0,0
ECELII,0,0,0,0,0,0,0,0,0,0,0,0,2,0.0,0,0,0,0,0,0,0,0.0,0,0,0,0,0,0,0,0,0,0,0,0.0,0,0.0,0.0,0,0,0,0.0,0,0.0,0,0.0,0.0,0.0,0,0.0,0.0,0.0,0
EGIPOC,0,0,0,0,0,0,0,0,0,0,0,0,0,0.0,0,2,0,0,0,0,0,0.0,0,0,0,0,0,0,0,0,0,0,0,0.0,0,0.0,0.0,0,0,0,0.0,0,0.0,0,0.0,0.0,0.0,0,0.0,1.0,0.0,0
EMIPIZ01,0,0,0,0,0,0,0,0,0,0,0,0,0,0.0,0,0,0,0,0,0,0,0.0,0,2,0,0,0,0,0,0,0,0,0,0.0,0,0.0,0.0,0,0,0,0.0,0,0.0,0,0.0,0.0,0.0,0,0.0,0.0,0.0,0
ENUBAR,0,0,0,0,0,0,0,0,0,0,0,0,0,0.0,0,2,0,0,0,0,0,0.0,0,0,0,0,0,0,0,0,0,0,0,0.0,0,0.0,0.0,0,0,0,0.0,0,0.0,0,0.0,0.0,0.0,0,0.0,0.0,0.0,0
ENUBAR02,0,0,0,0,0,0,0,0,0,0,0,0,0,0.0,0,2,0,0,0,0,0,0.0,0,0,0,0,0,0,0,0,0,0,0,0.0,0,0.0,0.0,0,0,0,0.0,0,0.0,0,0.0,0.0,0.0,0,0.0,0.0,0.0,0
ETUHIM,0,2,0,0,0,0,0,0,0,0,0,0,0,0.0,0,0,0,0,0,0,0,0.0,0,0,0,0,0,0,0,0,0,0,0,0.0,0,0.0,0.0,0,0,0,0.0,0,0.0,0,0.0,0.0,0.0,0,0.0,2.0,0.0,0
ETUHIM02,0,2,0,0,0,0,0,0,0,0,0,0,0,0.0,0,0,0,0,0,0,0,0.0,0,0,0,0,0,0,0,0,0,0,0,0.0,0,0.0,0.0,0,0,0,0.0,0,0.0,0,0.0,0.0,0.0,0,0.0,2.0,0.0,0
ETUJEK,0,0,1,0,0,0,0,0,0,0,0,0,0,0.0,0,0,0,0,0,0,0,0.0,0,0,0,0,0,0,0,0,0,0,0,0.0,0,0.0,0.0,0,0,0,0.0,0,0.0,0,0.0,0.0,0.0,0,0.0,1.0,0.0,0
EYIJEB,0,0,0,0,0,0,0,0,0,0,0,0,0,0.0,0,0,0,0,0,0,0,0.0,0,2,0,0,0,0,0,0,0,0,0,0.0,0,0.0,0.0,0,0,0,0.0,0,0.0,0,0.0,0.0,0.0,0,0.0,1.0,0.0,0
FADVUC,0,0,0,0,0,0,0,0,0,0,0,0,0,0.0,0,0,0,0,0,0,0,0.0,0,0,0,0,0,0,0,0,0,0,0,0.0,0,0.0,0.0,0,0,0,0.0,0,0.0,0,0.0,0.0,0.0,0,0.0,0.0,0.0,0
FEBPYC02,0,0,0,0,0,0,0,0,0,0,0,0,0,0.0,0,0,0,0,0,0,0,0.0,0,0,0,0,0,0,0,0,0,0,0,0.0,0,0.0,0.0,0,0,0,0.0,0,0.0,0,0.0,0.0,0.0,0,0.0,0.0,0.0,0
FEBPYC04,0,0,0,0,0,0,0,0,0,0,0,0,0,0.0,0,0,0,0,0,0,0,0.0,0,0,0,0,0,0,0,0,0,0,0,0.0,0,0.0,0.0,0,0,0,0.0,0,0.0,0,0.0,0.0,0.0,0,0.0,0.0,0.0,0
FEISXC01,0,0,0,0,0,0,0,0,0,0,0,0,0,0.0,0,0,0,0,0,0,0,0.0,0,2,0,0,0,0,0,0,0,0,0,0.0,0,0.0,0.0,0,0,0,0.0,0,0.0,0,0.0,0.0,0.0,0,0.0,0.0,0.0,0
FEKYEA,0,0,0,0,0,0,0,0,0,0,0,0,0,0.0,0,0,0,0,0,0,0,0.0,0,0,0,0,0,0,0,0,0,0,0,0.0,0,0.0,0.0,0,0,0,0.0,0,0.0,0,0.0,0.0,0.0,0,0.0,1.0,0.0,0
FENFOW,0,0,0,0,0,0,0,0,0,0,0,0,0,0.0,0,0,0,0,0,0,0,0.0,0,2,0,0,0,0,0,0,0,0,0,0.0,0,0.0,0.0,0,0,0,0.0,0,0.0,0,0.0,0.0,0.0,0,0.0,0.5,0.0,0
FEPICC36,0,0,0,0,0,0,0,0,0,0,0,0,0,0.0,0,0,0,0,0,2,0,0.0,0,0,0,0,0,0,0,0,0,0,0,0.0,0,0.0,0.0,0,0,0,0.0,0,1.0,0,0.0,0.0,0.0,0,0.0,0.0,0.0,0
FEPICC37,0,0,0,0,0,0,0,0,0,0,0,0,0,0.0,0,0,0,0,0,2,0,0.0,0,0,0,0,0,0,0,0,0,0,0,0.0,0,0.0,0.0,0,0,0,0.0,0,1.0,0,0.0,0.0,0.0,0,0.0,0.0,0.0,0
FETPYR,0,0,0,0,0,0,0,0,0,0,0,0,0,0.0,0,0,0,0,0,0,0,0.0,0,0,0,0,0,0,0,0,0,0,0,0.0,0,0.0,0.0,0,0,0,0.0,0,0.0,0,0.0,0.0,0.0,0,0.0,0.0,0.0,0
FIJTIC,0,0,0,0,0,0,0,0,0,0,0,0,0,0.0,0,0,0,0,0,0,0,0.0,0,0,0,0,0,0,0,0,0,0,0,0.0,0,0.0,0.0,0,0,0,0.0,0,0.0,0,0.0,0.0,0.0,0,0.0,0.0,0.0,0
FIWXEP,0,0,0,0,0,0,0,0,0,0,0,0,0,0.0,0,0,0,0,0,0,0,0.0,0,0,0,0,0,0,0,0,0,0,0,0.0,0,0.0,0.0,0,0,0,0.0,0,0.0,0,0.0,0.0,0.0,0,0.0,0.0,0.0,0
FIWXIT,0,0,0,0,0,0,0,0,0,0,0,0,0,0.0,0,0,0,0,0,0,0,0.0,0,0,0,0,0,0,0,0,0,0,0,0.0,0,0.0,0.0,0,0,0,0.0,0,0.0,0,0.0,0.0,0.0,0,0.0,0.0,0.0,0
FIWXOZ,0,0,0,0,0,0,0,0,0,0,0,0,0,0.0,0,0,0,0,0,0,0,0.0,0,0,0,0,0,0,0,0,0,0,0,0.0,0,0.0,0.0,0,0,0,0.0,0,0.0,0,0.0,0.0,0.0,0,0.0,0.0,0.0,0
FIWXOZ01,0,0,0,0,0,0,0,0,0,0,0,0,0,0.0,0,0,0,0,0,0,0,0.0,0,0,0,0,0,0,0,0,0,0,0,0.0,0,0.0,0.0,0,0,0,0.0,0,0.0,0,0.0,0.0,0.0,0,0.0,0.0,0.0,0
FIWXOZ02,0,0,0,0,0,0,0,0,0,0,0,0,0,0.0,0,0,0,0,0,0,0,0.0,0,0,0,0,0,0,0,0,0,0,0,0.0,0,0.0,0.0,0,0,0,0.0,0,0.0,0,0.0,0.0,0.0,0,0.0,0.0,0.0,0
FOSBOG,0,0,0,0,0,0,0,2,0,0,0,0,0,0.0,0,0,0,0,0,0,0,0.0,0,0,0,0,0,0,0,0,0,0,0,0.0,0,0.0,3.0,0,0,0,0.0,0,0.0,0,0.0,0.0,0.0,0,0.0,0.5,0.0,0
FOSCAT,0,0,0,0,0,0,0,0,0,0,0,0,0,0.0,0,0,0,0,0,0,0,0.0,0,2,0,0,0,0,0,0,0,0,0,4.0,0,0.0,0.0,0,0,0,0.0,0,0.0,0,0.0,0.0,0.0,0,0.0,0.0,0.0,0
FOSCEX,0,0,0,0,0,0,0,0,0,0,0,0,0,0.0,0,0,0,0,0,0,0,0.0,0,2,0,0,0,0,0,0,0,0,0,0.0,0,0.0,2.0,0,0,0,0.0,0,0.0,0,0.0,0.0,0.0,0,0.0,1.0,0.0,0
FOSCEX01,0,0,0,0,0,0,0,0,0,0,0,0,0,0.0,0,0,0,0,0,0,0,0.0,0,2,0,0,0,0,0,0,0,0,0,0.0,0,0.0,2.0,0,0,0,0.0,0,0.0,0,0.0,0.0,0.0,0,0.0,1.0,0.0,0
FOSCOH,0,0,0,0,0,0,0,0,0,0,0,0,0,0.0,0,2,0,0,0,0,0,0.0,0,0,0,0,0,0,0,0,0,0,0,0.0,0,0.0,2.0,0,0,0,0.0,0,0.0,0,0.0,0.0,0.0,0,0.0,1.0,0.0,0
FOYYAU,0,0,0,0,0,0,0,0,0,0,0,0,0,0.0,0,2,0,0,0,0,0,0.0,0,0,0,0,0,0,0,0,0,0,0,0.0,0,0.0,0.0,0,0,0,0.0,0,0.0,0,0.0,0.0,0.0,0,0.0,0.0,0.0,0
FOYYAU02,0,0,0,0,0,0,0,0,0,0,0,0,0,0.0,0,2,0,0,0,0,0,0.0,0,0,0,0,0,0,0,0,0,0,0,0.0,0,0.0,0.0,0,0,0,0.0,0,0.0,0,0.0,0.0,0.0,0,0.0,0.0,0.0,0
FOYYAU06,0,0,0,0,0,0,0,0,0,0,0,0,0,0.0,0,2,0,0,0,0,0,0.0,0,0,0,0,0,0,0,0,0,0,0,0.0,0,0.0,0.0,0,0,0,0.0,0,0.0,0,0.0,0.0,0.0,0,0.0,0.0,0.0,0
GAKKOS03,0,0,0,0,0,0,0,0,0,0,0,0,0,0.0,0,0,0,0,0,0,0,0.0,0,0,0,0,0,0,0,0,0,0,0,0.0,0,0.0,0.0,0,0,0,0.0,0,0.0,0,0.0,0.0,0.0,0,0.0,0.0,0.0,0
GAKKOS04,0,0,0,0,0,0,0,0,0,0,0,0,0,0.0,0,0,0,0,0,0,0,0.0,0,0,0,0,0,0,0,0,0,0,0,0.0,0,0.0,0.0,0,0,0,0.0,0,0.0,0,0.0,0.0,0.0,0,0.0,0.0,0.0,0
GAKKOS05,0,0,0,0,0,0,0,0,0,0,0,0,0,0.0,0,0,0,0,0,0,0,0.0,0,0,0,0,0,0,0,0,0,0,0,0.0,0,0.0,0.0,0,0,0,0.0,0,0.0,0,0.0,0.0,0.0,0,0.0,0.0,0.0,0
GAPSIA,0,0,0,0,0,0,0,0,0,0,0,0,0,0.0,0,0,0,0,0,0,0,0.0,0,2,0,0,0,0,0,0,0,0,0,0.0,0,0.0,0.0,0,0,0,0.0,0,0.0,0,0.0,0.0,0.0,0,0.0,0.0,0.0,0
GAPSOG,0,0,0,0,0,0,0,0,0,0,0,0,2,0.0,0,0,0,0,0,0,0,0.0,0,0,0,0,0,0,0,0,0,0,0,0.0,0,0.0,0.0,0,0,0,0.0,0,0.0,0,0.0,0.0,0.0,0,0.0,0.0,0.0,0
GAPSUM,0,0,0,0,0,0,0,0,0,0,0,0,0,0.0,0,2,0,0,0,0,0,0.0,0,0,0,0,0,0,0,0,0,0,0,0.0,0,0.0,0.0,0,0,0,0.0,0,0.0,0,0.0,0.0,0.0,0,0.0,0.0,0.0,0
GAPSUM01,0,0,0,0,0,0,0,0,0,0,0,0,0,0.0,0,2,0,0,0,0,0,0.0,0,0,0,0,0,0,0,0,0,0,0,0.0,0,0.0,0.0,0,0,0,0.0,0,0.0,0,0.0,0.0,0.0,0,0.0,0.0,0.0,0
GAPTAT,0,0,0,0,0,0,0,0,0,0,2,0,0,0.0,0,0,0,0,0,0,0,0.0,0,0,0,0,0,0,0,0,0,0,0,0.0,0,0.59,0.0,0,0,0,0.0,0,0.0,0,0.5,0.0,0.0,0,0.0,0.0,0.0,0
GAPTEX,0,0,0,0,0,0,0,0,0,0,0,0,0,0.0,0,2,0,0,0,0,0,0.0,0,0,0,0,0,0,0,0,0,0,0,0.0,0,0.0,0.0,0,0,0,0.0,0,0.0,0,0.0,0.0,0.0,0,0.0,0.0,0.0,0
GAPTIB,0,0,0,0,0,0,0,0,0,0,0,0,0,0.0,0,2,0,0,0,0,0,0.0,0,0,0,0,0,0,0,0,0,0,0,0.0,0,0.0,0.0,0,0,0,0.0,0,0.0,0,0.0,0.0,0.0,0,0.0,0.0,0.0,0
GAZQUT,0,0,0,0,0,0,0,0,0,0,2,0,0,0.0,0,0,0,0,0,0,0,0.0,0,0,0,0,0,0,0,0,0,0,0,0.0,0,0.0,0.0,0,0,0,0.0,0,0.0,0,0.0,0.0,0.5,0,0.0,0.0,0.0,0
GIVZAN,0,0,0,0,0,0,0,0,0,0,0,0,0,0.0,0,0,0,0,0,0,0,0.0,0,0,0,0,0,2,0,0,0,0,0,0.0,0,0.0,0.0,0,0,0,0.0,0,0.0,0,0.0,0.0,0.0,0,0.0,0.5,0.0,0
GIVZER,0,0,0,0,0,0,0,0,0,0,0,0,0,0.0,0,0,0,0,0,0,0,0.0,0,0,0,0,0,2,0,0,0,0,0,0.0,0,0.0,0.0,0,0,0,0.0,0,0.0,0,0.0,0.0,0.5,0,0.0,0.5,0.0,0
GIVZIV,0,0,0,0,0,0,0,0,0,0,0,0,0,0.0,0,0,0,0,0,0,0,0.0,0,0,0,0,0,2,0,0,0,0,0,0.0,0,0.0,0.0,0,0,0,0.0,0,0.0,0,0.0,0.0,2.5,0,0.0,5.5,0.0,0
GOGDUB,0,0,0,0,0,0,0,0,0,0,0,0,0,0.0,0,2,0,0,0,0,0,0.0,0,0,0,0,0,0,0,0,0,0,0,0.0,0,0.0,0.0,0,0,0,0.0,0,0.0,0,0.0,0.0,0.0,0,0.0,2.0,0.0,0
HAPDOU,0,0,0,0,0,0,0,0,0,0,0,0,0,0.0,0,0,0,0,0,0,0,0.0,0,0,0,0,0,0,0,0,0,0,0,0.0,0,0.0,0.0,0,0,0,0.0,0,0.0,0,0.0,1.0,0.0,0,0.0,0.0,0.0,0
HAXHIY,0,0,0,0,0,0,0,0,0,0,1,0,0,0.0,0,0,0,0,0,0,0,0.0,0,0,0,0,0,0,0,0,0,0,0,0.0,0,0.0,0.0,0,0,0,0.0,0,0.0,0,0.0,0.0,1.0,0,0.0,0.0,0.0,0
HECBUO,0,0,0,0,0,0,0,0,0,0,0,0,0,0.0,0,0,0,0,0,0,0,0.0,0,2,0,0,0,0,0,0,0,0,0,0.0,0,0.0,0.0,0,0,0,0.0,0,0.0,0,0.0,2.0,0.0,0,0.0,2.0,0.0,0
HECCEZ,0,0,0,0,0,0,0,0,0,0,0,0,0,0.0,0,0,0,0,0,0,0,0.0,0,2,0,0,0,0,0,0,0,0,0,0.0,0,0.0,0.0,0,2,0,0.0,0,0.0,0,0.0,0.0,0.0,0,0.0,0.0,0.0,0
HECCID,0,0,0,0,0,0,0,0,0,0,0,0,0,0.0,0,0,0,0,0,0,0,0.0,0,2,0,0,0,0,0,0,0,0,0,0.0,0,0.0,0.0,0,0,0,0.0,0,4.0,0,0.0,0.0,0.0,0,0.0,0.0,0.0,0
HECCOJ,0,0,0,0,0,0,0,0,0,0,0,0,0,0.0,0,0,0,0,0,0,0,0.0,0,2,0,0,0,0,0,0,0,0,0,0.0,0,0.0,1.75,0,0,0,0.0,0,0.0,0,1.5,0.0,0.0,0,0.0,0.0,0.0,0
HECCOJ01,0,0,0,0,0,0,0,0,0,0,0,0,0,0.0,0,0,0,0,0,0,0,0.0,0,2,0,0,0,0,0,0,0,0,0,0.0,0,0.0,1.75,0,0,0,0.0,0,0.0,0,1.5,0.0,0.0,0,0.0,0.0,0.0,0
HIXDOK,0,0,0,0,0,0,0,0,0,0,0,0,0,0.0,0,2,0,0,0,0,0,0.0,0,0,0,0,0,0,0,0,0,0,0,0.0,0,0.0,0.0,0,0,0,1.5,0,0.0,0,0.0,0.0,0.0,0,0.0,0.0,0.0,0
HIXDOK01,0,0,0,0,0,0,0,0,0,0,0,0,0,0.0,0,2,0,0,0,0,0,0.0,0,0,0,0,0,0,0,0,0,0,0,0.0,0,0.0,0.0,0,0,0,1.5,0,0.0,0,0.0,0.0,0.0,0,0.0,0.0,0.0,0
HIXFOK,0,0,0,0,0,0,0,0,0,0,0,0,0,0.0,0,0,0,0,0,0,0,0.0,0,2,0,0,0,0,0,0,0,0,0,0.0,0,0.0,0.0,0,0,0,0.0,0,0.0,0,0.0,0.0,0.0,0,0.0,0.0,0.0,0
HIXFUQ,0,0,0,0,0,0,0,0,0,0,0,0,0,0.0,0,0,0,0,0,0,0,0.0,0,2,0,0,0,0,0,0,0,0,0,0.0,0,0.0,0.0,0,0,0,0.0,0,0.0,0,0.0,0.0,0.0,0,0.0,0.0,0.0,0
HIXFUQ01,0,0,0,0,0,0,0,0,0,0,0,0,0,0.0,0,0,0,0,0,0,0,0.0,0,2,0,0,0,0,0,0,0,0,0,0.0,0,0.0,0.0,0,0,0,0.0,0,0.0,0,0.0,0.0,0.0,0,0.0,0.0,0.0,0
HMPBFE,0,0,0,0,0,0,0,0,0,0,0,0,0,0.0,0,0,0,0,0,0,0,0.0,0,0,0,0,0,0,0,0,0,0,0,0.0,0,0.0,0.0,0,0,0,0.0,0,0.0,0,0.0,0.0,0.0,0,0.0,0.0,0.0,0
HOLSIN,0,0,0,0,0,0,0,0,0,0,0,0,0,0.0,0,0,0,0,0,0,0,0.0,0,0,0,0,0,0,0,0,0,0,0,0.0,0,0.0,0.0,0,0,0,0.0,0,0.0,0,0.0,0.0,0.0,0,0.0,0.0,0.0,0
HOLSOT,0,0,0,0,0,0,0,0,0,0,0,0,0,0.0,0,0,0,0,0,0,0,0.0,0,0,0,0,0,0,0,0,0,0,0,0.0,0,0.0,0.0,0,0,0,0.0,0,0.0,0,0.0,0.0,0.0,0,0.0,0.0,0.0,0
HOLSUZ,0,0,0,0,0,0,0,0,0,0,0,0,0,0.0,0,0,0,0,0,0,0,0.0,0,0,0,0,0,0,0,0,0,0,0,0.0,0,0.0,0.0,0,0,0,0.0,0,0.0,0,0.0,0.0,0.0,0,0.0,0.0,0.0,0
HOLTAG,0,0,0,0,0,0,0,0,0,0,0,0,0,0.0,0,0,0,0,0,0,0,0.0,0,0,0,0,0,0,0,0,0,0,0,0.0,0,0.0,0.0,0,0,0,0.0,0,0.0,0,0.0,0.0,0.0,0,0.0,0.0,0.0,0
HOLTEK,0,0,0,0,0,0,0,0,0,0,0,0,0,0.0,0,0,0,0,0,0,0,0.0,0,0,0,0,0,0,0,0,0,0,0,0.0,0,0.0,0.0,0,0,0,0.0,0,0.0,0,0.0,0.0,0.0,0,0.0,0.0,0.0,0
HOLTOU,0,0,0,0,0,0,0,0,0,0,0,0,0,0.0,0,0,0,0,0,0,0,0.0,0,0,0,0,0,0,0,0,0,0,0,0.0,0,0.0,0.0,0,0,0,0.0,0,0.0,0,0.0,0.0,0.0,0,0.0,0.0,0.0,0
HOLTUA,0,0,0,0,0,0,0,0,0,0,0,0,0,0.0,0,0,0,0,0,0,0,0.0,0,0,0,0,0,0,0,0,0,0,0,0.0,0,0.0,0.0,0,0,0,0.0,0,0.0,0,0.0,0.0,0.0,0,0.0,0.0,0.0,0
HOMXIT,0,0,0,2,0,0,0,0,0,0,0,0,0,0.0,0,0,0,0,0,0,0,0.0,0,0,0,0,0,0,0,0,0,0,0,0.0,0,0.0,0.0,0,0,0,0.0,0,0.0,0,0.0,0.0,0.0,0,0.0,0.0,0.0,0
HOMXIT01,0,0,0,2,0,0,0,0,0,0,0,0,0,0.0,0,0,0,0,0,0,0,0.0,0,0,0,0,0,0,0,0,0,0,0,0.0,0,0.0,0.0,0,0,0,0.0,0,0.0,0,0.0,0.0,0.0,0,0.0,0.0,0.0,0
HOMXIT02,0,0,0,2,0,0,0,0,0,0,0,0,0,0.0,0,0,0,0,0,0,0,0.0,0,0,0,0,0,0,0,0,0,0,0,0.0,0,0.0,0.0,0,0,0,0.0,0,0.0,0,0.0,0.0,0.0,0,0.0,0.0,0.0,0
HOQFID,0,0,0,0,0,0,0,0,0,0,0,0,0,0.0,0,0,0,0,0,0,0,0.0,0,0,0,0,0,0,0,0,0,0,0,0.0,0,0.0,0.0,0,0,0,0.0,0,0.0,0,0.0,0.0,0.0,0,0.0,0.0,0.0,0
HPZBFE,0,0,0,0,0,0,0,0,0,0,0,0,0,0.0,0,0,0,0,0,0,0,0.0,0,0,0,0,0,0,0,0,0,0,0,0.0,0,0.0,0.0,0,0,0,0.0,0,0.0,0,0.0,0.0,0.0,0,0.0,0.0,0.0,0
IBIWUM,0,0,0,0,0,0,0,0,0,0,0,0,0,0.0,0,0,0,0,0,2,0,0.0,0,0,0,0,0,0,0,0,0,0,0,0.0,0,0.0,0.0,0,0,0,0.0,1,0.0,0,0.0,0.0,0.0,0,0.0,0.0,0.0,0
IBIXAT10,0,0,0,0,0,0,0,0,0,0,0,0,0,0.0,0,0,0,0,0,2,0,0.0,0,0,0,0,0,0,0,0,0,0,0,0.0,0,0.0,0.0,0,1,0,0.0,0,0.0,0,0.0,0.0,0.0,0,0.0,0.0,0.0,0
IBIXAT14,0,0,0,0,0,0,0,0,0,0,0,0,0,0.0,0,0,0,0,0,2,0,0.0,0,0,0,0,0,0,0,0,0,0,0,0.0,0,0.0,0.0,0,1,0,0.0,0,0.0,0,0.0,0.0,0.0,0,0.0,0.0,0.0,0
IBIXEX,0,0,0,0,0,0,0,0,0,0,0,0,0,0.0,0,0,0,0,0,2,0,0.0,0,0,0,0,0,0,0,0,0,0,0,0.0,1,0.0,0.0,0,0,0,0.0,0,0.0,0,0.0,0.0,0.0,0,0.0,0.0,0.0,0
IBIXIB,0,0,0,0,0,0,0,0,0,0,0,0,0,0.0,0,0,0,0,0,2,0,0.0,0,0,0,0,0,0,0,0,0,0,0,0.0,0,0.0,0.0,1,0,0,0.0,0,0.0,0,0.0,0.0,0.0,0,0.0,0.0,0.0,0
IGEDUU,0,0,0,0,0,0,0,0,0,0,0,0,0,0.0,0,2,0,0,0,0,0,0.0,0,0,0,0,0,0,0,0,0,0,0,0.0,0,0.0,2.0,0,0,0,0.0,0,0.0,0,0.0,0.0,0.0,0,0.0,0.0,0.0,0
ILACON,0,0,0,0,0,0,0,0,1,0,0,0,0,0.0,0,0,0,0,0,0,0,0.0,0,1,0,0,0,0,0,0,0,0,0,0.0,0,0.0,0.0,0,0,0,0.0,0,0.0,0,0.0,0.0,0.0,0,0.0,5.0,0.0,0
ILAWUP,0,0,0,0,0,0,0,0,0,0,0,0,0,0.0,0,0,0,0,0,0,0,0.0,0,2,0,0,0,0,0,0,0,0,0,0.0,0,0.0,3.0,0,0,0,0.0,0,0.0,0,0.0,0.0,0.0,0,0.0,0.0,0.0,0
IMAHIO,0,0,0,0,0,0,0,0,0,0,0,0,0,0.0,0,0,2,0,0,0,0,0.0,0,0,0,0,0,0,0,0,0,0,0,0.0,0,0.0,0.0,0,0,0,0.0,0,0.0,0,0.0,0.0,0.0,0,0.0,0.0,0.0,0
IMAHIO01,0,0,0,0,0,0,0,0,0,0,0,0,0,0.0,0,0,2,0,0,0,0,0.0,0,0,0,0,0,0,0,0,0,0,0,0.0,0,0.0,0.0,0,0,0,0.0,0,0.0,0,0.0,0.0,0.0,0,0.0,0.0,0.0,0
IQIJAT,0,0,0,0,0,0,0,0,0,0,0,0,0,0.0,0,0,0,0,0,0,0,0.0,0,2,0,0,0,0,0,0,0,0,0,0.0,0,0.0,0.0,0,0,0,0.0,0,0.0,0,0.0,0.0,0.0,0,0.0,0.0,0.0,0
IQIJAT02,0,0,0,0,0,0,0,0,0,0,0,0,0,0.0,0,0,0,0,0,0,0,0.0,0,2,0,0,0,0,0,0,0,0,0,0.0,0,0.0,0.0,0,0,0,0.0,0,0.0,0,0.0,0.0,0.0,0,0.0,0.0,0.0,0
ISULAJ,0,0,0,0,0,0,0,0,0,0,0,0,0,0.0,0,0,0,0,0,0,0,0.0,0,2,0,0,0,0,0,0,0,0,0,0.0,0,0.0,0.0,0,0,0,0.0,0,0.0,0,0.0,0.0,0.0,0,0.0,1.0,0.0,0
ITINOP,0,0,0,0,0,0,0,0,0,0,0,0,0,0.0,0,0,0,0,0,0,0,0.0,0,2,0,0,0,0,0,0,0,0,0,0.0,0,0.0,2.0,0,0,0,0.0,0,0.0,0,0.0,0.0,0.0,0,0.0,1.0,0.0,0
ITINOP03,0,0,0,0,0,0,0,0,0,0,0,0,0,0.0,0,0,0,0,0,0,0,0.0,0,2,0,0,0,0,0,0,0,0,0,0.0,0,0.0,2.0,0,0,0,0.0,0,0.0,0,0.0,0.0,0.0,0,0.0,1.0,0.0,0
IYUFOX,0,0,0,0,0,0,0,0,0,0,0,0,0,0.0,0,2,0,0,0,0,0,0.0,0,0,0,0,0,0,0,0,0,0,0,0.0,0,0.0,0.0,0,0,0,0.0,0,0.0,0,0.0,0.0,0.0,0,0.0,0.0,0.0,0
IYUFOX01,0,0,0,0,0,0,0,0,0,0,0,0,0,0.0,0,2,0,0,0,0,0,0.0,0,0,0,0,0,0,0,0,0,0,0,0.0,0,0.0,0.0,0,0,0,0.0,0,0.0,0,0.0,0.0,0.0,0,0.0,0.0,0.0,0
IZADEU,0,0,0,0,0,0,0,0,0,0,0,0,0,0.0,0,2,0,0,0,0,0,0.0,0,0,0,0,0,0,0,0,0,0,0,0.0,0,0.0,0.0,0,0,0,0.0,0,0.0,0,0.0,0.0,0.0,0,0.0,0.0,0.0,0
IZADEU01,0,0,0,0,0,0,0,0,0,0,0,0,0,0.0,0,2,0,0,0,0,0,0.0,0,0,0,0,0,0,0,0,0,0,0,0.0,0,0.0,0.0,0,0,0,0.0,0,0.0,0,0.0,0.0,0.0,0,0.0,0.0,0.0,0
IZADOE,0,0,0,0,0,0,0,0,0,0,2,0,0,0.0,0,0,0,0,0,0,0,0.0,0,0,0,0,0,0,0,0,0,0,0,0.0,0,0.5,0.0,0,0,0,0.0,0,0.0,0,0.5,0.0,0.0,0,0.0,0.0,0.0,0
IZADUK,0,0,0,0,0,0,0,0,0,0,0,0,0,0.0,0,0,2,0,0,0,0,0.0,0,0,0,0,0,0,0,0,0,0,0,0.0,0,0.0,0.0,0,0,0,0.0,0,0.0,0,0.0,0.0,0.0,0,0.0,0.0,0.0,0
IZADUK01,0,0,0,0,0,0,0,0,0,0,0,0,0,0.0,0,0,2,0,0,0,0,0.0,0,0,0,0,0,0,0,0,0,0,0,0.0,0,0.0,0.0,0,0,0,0.0,0,0.0,0,0.0,0.0,0.0,0,0.0,0.0,0.0,0
IZAFEW,0,0,0,0,0,0,0,0,0,0,0,0,0,0.0,0,0,0,0,0,0,0,0.0,0,2,0,0,0,0,0,0,0,0,0,0.0,0,0.0,0.0,0,0,0,0.0,0,0.0,0,0.0,0.0,0.0,0,0.0,0.0,0.0,0
IZAFEW03,0,0,0,0,0,0,0,0,0,0,0,0,0,0.0,0,0,0,0,0,0,0,0.0,0,2,0,0,0,0,0,0,0,0,0,0.0,0,0.0,0.0,0,0,0,0.0,0,0.0,0,0.0,0.0,0.0,0,0.0,0.0,0.0,0
IZAFIA,0,0,0,0,0,0,0,0,0,0,0,0,0,0.0,0,2,0,0,0,0,0,0.0,0,0,0,0,0,0,0,0,0,0,0,0.0,0,0.0,0.0,0,0,0,0.0,0,0.0,0,0.0,0.0,0.0,0,0.0,0.0,0.0,0
IZAFOG,0,0,0,0,0,0,0,0,0,0,2,0,0,0.0,0,0,0,0,0,0,0,0.0,0,0,0,0,0,0,0,0,0,0,0,0.0,0,1.0,0.0,0,0,0,0.0,0,0.0,0,0.0,0.0,0.0,0,0.0,0.0,0.0,0
IZAFOG01,0,0,0,0,0,0,0,0,0,0,2,0,0,0.0,0,0,0,0,0,0,0,0.0,0,0,0,0,0,0,0,0,0,0,0,0.0,0,1.0,0.0,0,0,0,0.0,0,0.0,0,0.0,0.0,0.0,0,0.0,0.0,0.0,0
IZAGAT,0,0,0,0,0,0,0,0,0,0,0,0,0,0.0,0,0,2,0,0,0,0,0.0,0,0,0,0,0,0,0,0,0,0,0,0.0,0,0.0,0.0,0,0,0,0.0,0,0.0,0,0.0,0.0,0.0,0,0.0,0.0,0.0,0
IZAGAT02,0,0,0,0,0,0,0,0,0,0,0,0,0,0.0,0,0,2,0,0,0,0,0.0,0,0,0,0,0,0,0,0,0,0,0,0.0,0,0.0,0.0,0,0,0,0.0,0,0.0,0,0.0,0.0,0.0,0,0.0,0.0,0.0,0
JAFBOI01,0,0,0,0,0,0,0,0,0,0,0,0,0,0.0,0,2,0,0,0,0,0,0.0,0,0,0,0,0,0,0,0,0,0,0,0.0,0,0.0,0.0,0,0,0,0.0,0,0.0,0,0.0,0.0,0.0,0,0.0,0.0,0.0,0
JAFBOI03,0,0,0,0,0,0,0,0,0,0,0,0,0,0.0,0,2,0,0,0,0,0,0.0,0,0,0,0,0,0,0,0,0,0,0,0.0,0,0.0,0.0,0,0,0,0.0,0,0.0,0,0.0,0.0,0.0,0,0.0,0.0,0.0,0
JAFBUO01,0,0,0,0,0,0,0,0,0,0,0,0,0,0.0,0,0,0,0,0,0,0,0.0,0,2,0,0,0,0,0,0,0,0,0,0.0,0,0.0,0.0,0,0,0,0.0,0,0.0,0,0.0,0.0,0.0,0,0.0,0.0,0.0,0
JAFBUO03,0,0,0,0,0,0,0,0,0,0,0,0,0,0.0,0,0,0,0,0,0,0,0.0,0,2,0,0,0,0,0,0,0,0,0,0.0,0,0.0,0.0,0,0,0,0.0,0,0.0,0,0.0,0.0,0.0,0,0.0,0.0,0.0,0
JAFCEZ,0,0,0,0,0,0,0,0,0,0,0,0,0,0.0,0,2,0,0,0,0,0,0.0,0,0,0,0,0,0,0,0,0,0,0,0.0,0,0.0,0.0,0,0,0,0.0,0,0.0,0,0.0,3.0,0.0,0,0.0,0.0,0.0,0
JAFCEZ01,0,0,0,0,0,0,0,0,0,0,0,0,0,0.0,0,2,0,0,0,0,0,0.0,0,0,0,0,0,0,0,0,0,0,0,0.0,0,0.0,0.0,0,0,0,0.0,0,0.0,0,0.0,3.0,0.0,0,0.0,0.0,0.0,0
JANSAS,0,0,0,0,0,0,0,0,0,0,0,0,0,0.0,0,2,0,0,0,0,0,0.0,0,0,0,0,0,0,0,0,0,0,0,0.0,0,0.0,0.0,0,0,0,0.0,0,0.0,0,0.0,0.0,0.0,0,0.0,0.0,0.0,0
JANSAS06,0,0,0,0,0,0,0,0,0,0,0,0,0,0.0,0,2,0,0,0,0,0,0.0,0,0,0,0,0,0,0,0,0,0,0,0.0,0,0.0,0.0,0,0,0,0.0,0,0.0,0,0.0,0.0,0.0,0,0.0,0.0,0.0,0
JAQQIB,0,0,0,0,0,0,0,0,0,0,1,0,0,0.0,0,0,0,0,0,0,0,0.0,0,0,0,0,0,0,0,0,0,0,0,0.0,0,0.0,0.0,0,0,0,0.0,0,0.0,0,0.0,0.0,0.0,0,0.0,0.0,0.0,0
JAQVIG,0,0,0,0,0,0,0,0,0,0,0,0,0,0.0,0,2,0,0,0,0,0,0.0,0,0,0,0,0,0,0,0,0,0,0,0.0,0,0.0,0.0,0,0,0,0.0,0,0.0,0,0.0,0.0,0.0,0,0.0,4.0,0.0,0
JAQVOM,0,0,0,0,0,0,0,0,0,0,0,0,0,0.0,0,2,0,0,0,0,0,0.0,0,0,0,0,0,0,0,0,0,0,0,0.0,0,0.0,0.0,0,0,0,0.0,0,0.0,0,0.0,0.0,0.0,0,0.0,0.0,0.0,0
JAQVUS,0,0,0,0,0,0,0,0,0,0,0,0,0,0.0,0,2,0,0,0,0,0,0.0,0,0,0,0,0,0,0,0,0,0,0,0.0,0,0.0,0.0,0,0,0,0.0,0,0.0,0,0.0,0.0,0.0,0,0.0,1.0,0.0,0
JAQWAZ,0,0,0,0,0,0,0,2,0,0,0,0,0,0.0,0,0,0,0,0,0,0,0.0,0,0,0,0,0,0,0,0,0,0,0,0.0,0,0.0,0.0,0,0,0,0.0,0,0.0,0,0.0,0.0,0.0,0,0.0,4.0,0.0,0
JIQDAP,0,0,0,0,0,0,0,0,0,0,0,0,0,0.0,0,2,0,0,0,0,0,0.0,0,0,0,0,0,0,0,0,0,0,0,0.0,0,0.0,0.0,0,0,0,0.0,0,0.0,0,0.0,0.0,0.0,0,0.0,1.0,0.0,0
JIQDET,0,0,0,0,0,0,0,0,0,0,0,0,0,0.0,2,0,0,0,0,0,0,0.0,0,0,0,0,0,0,0,0,0,0,0,0.0,0,0.0,0.0,0,0,0,0.0,0,0.0,0,0.0,1.0,0.0,0,0.0,0.0,0.0,0
JIQDET04,0,0,0,0,0,0,0,0,0,0,0,0,0,0.0,2,0,0,0,0,0,0,0.0,0,0,0,0,0,0,0,0,0,0,0,0.0,0,0.0,0.0,0,0,0,0.0,0,0.0,0,0.0,1.0,0.0,0,0.0,0.0,0.0,0
JOJQEE,0,0,0,0,0,0,0,0,0,0,2,0,0,0.0,0,0,0,0,0,0,0,0.0,0,0,0,0,0,0,0,0,0,0,0,0.0,0,0.0,2.0,0,0,0,0.0,0,0.0,0,0.0,0.0,0.0,0,0.0,0.0,0.0,0
JUVGUC,0,0,0,0,0,0,0,0,0,0,0,0,0,0.0,0,0,0,0,0,0,0,0.0,0,2,0,0,0,0,0,0,0,0,0,0.0,0,0.0,0.0,0,0,0,0.0,0,0.0,0,0.0,0.0,0.0,0,0.0,0.0,0.0,0
JUVHEN,0,0,0,0,0,0,0,0,0,0,0,0,0,0.0,0,0,0,0,0,0,0,0.0,0,2,0,0,0,0,0,0,0,0,0,0.0,0,0.0,0.0,0,0,0,0.0,0,0.0,0,0.0,0.0,0.0,0,0.0,0.0,0.0,0
JUVHIR01,0,0,0,0,0,0,0,0,0,0,0,0,0,0.0,0,2,0,0,0,0,0,0.0,0,0,0,0,0,0,0,0,0,0,0,0.0,0,0.0,0.0,0,0,0,0.0,0,0.0,0,0.0,0.0,0.0,0,0.0,0.0,0.0,0
JUVHIR03,0,0,0,0,0,0,0,0,0,0,0,0,0,0.0,0,2,0,0,0,0,0,0.0,0,0,0,0,0,0,0,0,0,0,0,0.0,0,0.0,0.0,0,0,0,0.0,0,0.0,0,0.0,0.0,0.0,0,0.0,0.0,0.0,0
KABYER,0,0,0,0,0,0,0,0,0,0,0,0,0,0.0,0,0,0,0,0,0,0,0.0,0,2,0,0,0,0,0,0,0,0,0,0.0,0,0.0,0.0,0,0,0,0.0,0,0.0,0,0.0,0.0,0.0,0,0.0,0.0,0.0,0
KALWUR,0,0,0,0,0,0,0,0,0,0,0,0,0,0.0,0,2,0,0,0,0,0,0.0,0,0,0,0,0,0,0,0,0,0,0,0.0,0,0.0,0.0,0,0,0,0.0,0,0.0,0,0.0,0.0,0.0,0,0.0,2.0,0.0,0
KALXAY,0,0,0,0,0,0,0,0,0,0,0,0,0,0.0,0,2,0,0,0,0,0,0.0,0,0,0,0,0,0,0,0,0,0,0,0.0,0,0.0,0.0,0,0,0,0.0,0,0.0,0,0.0,0.0,0.0,0,0.0,0.0,0.0,0
KALXAY01,0,0,0,0,0,0,0,0,0,0,0,0,0,0.0,0,2,0,0,0,0,0,0.0,0,0,0,0,0,0,0,0,0,0,0,0.0,0,0.0,0.0,0,0,0,0.0,0,0.0,0,0.0,0.0,0.0,0,0.0,0.0,0.0,0
KEKVIF,0,0,0,0,0,0,0,0,0,0,0,0,0,0.0,0,0,0,0,0,0,0,0.0,0,0,0,0,0,0,0,0,0,0,0,0.0,0,0.0,0.0,0,0,0,0.0,0,0.0,0,0.0,0.0,0.0,0,0.0,0.0,0.0,0
KEKVIF01,0,0,0,0,0,0,0,0,0,0,0,0,0,0.0,0,0,0,0,0,0,0,0.0,0,0,0,0,0,0,0,0,0,0,0,0.0,0,0.0,0.0,0,0,0,0.0,0,0.0,0,0.0,0.0,0.0,0,0.0,0.0,0.0,0
KEZPEK,0,0,0,0,0,0,0,0,0,0,0,0,0,0.0,0,0,0,0,0,0,0,0.0,0,2,0,0,0,0,0,0,0,0,0,0.0,0,0.0,0.0,0,0,0,0.0,0,0.0,0,0.0,0.0,0.0,0,0.0,0.0,0.0,0
KEZPIO,0,0,0,0,0,0,0,0,0,0,0,0,0,0.0,0,0,0,0,0,0,0,0.0,0,2,0,0,0,0,0,0,0,0,0,0.0,0,0.0,0.0,0,0,0,0.0,0,0.0,0,0.0,0.0,0.0,0,0.0,0.66,0.0,0
KEZPIO01,0,0,0,0,0,0,0,0,0,0,0,0,0,0.0,0,0,0,0,0,0,0,0.0,0,2,0,0,0,0,0,0,0,0,0,0.0,0,0.0,0.0,0,0,0,0.0,0,0.0,0,0.0,0.0,0.0,0,0.0,0.66,0.0,0
KIFLOD,0,0,0,0,0,0,0,0,0,2,0,0,0,0.0,0,0,0,0,0,0,0,0.0,0,0,0,0,0,0,0,0,0,0,0,0.0,0,0.0,0.0,0,0,0,0.0,0,0.0,0,0.0,0.0,0.0,0,0.0,0.0,0.0,0
KIFLUJ,0,0,0,0,0,0,0,0,0,0,0,0,0,0.0,0,0,0,0,0,2,0,0.0,0,0,0,0,0,0,0,0,0,0,0,0.0,0,0.0,0.0,0,0,0,0.0,0,0.0,0,0.0,0.0,0.0,0,0.0,1.5,0.0,0
KIFMAQ,0,0,0,0,0,0,0,0,0,0,0,0,0,0.0,0,2,0,0,0,0,0,0.0,0,0,0,0,0,0,0,0,0,0,0,0.0,0,0.0,0.0,0,0,0,0.0,0,0.0,0,0.0,0.0,0.0,0,0.0,0.0,0.0,0
KIFMAQ01,0,0,0,0,0,0,0,0,0,0,0,0,0,0.0,0,2,0,0,0,0,0,0.0,0,0,0,0,0,0,0,0,0,0,0,0.0,0,0.0,0.0,0,0,0,0.0,0,0.0,0,0.0,0.0,0.0,0,0.0,0.0,0.0,0
KOKKUR,0,0,0,0,0,0,0,0,0,0,0,0,0,0.0,0,0,0,0,0,0,0,0.0,0,2,0,0,0,0,0,0,0,0,0,0.0,0,0.0,0.0,0,0,0,0.0,0,0.0,0,0.0,0.0,0.0,1,0.0,0.0,0.0,0
KOKKUR02,0,0,0,0,0,0,0,0,0,0,0,0,0,0.0,0,0,0,0,0,0,0,0.0,0,2,0,0,0,0,0,0,0,0,0,0.0,0,0.0,0.0,0,0,0,0.0,0,0.0,0,0.0,0.0,0.0,1,0.0,0.0,0.0,0
KUHRUC,0,0,0,0,0,0,0,0,0,0,0,0,0,0.0,0,0,0,0,0,0,0,0.0,0,0,0,0,0,0,0,0,0,0,0,0.0,0,0.0,0.0,0,0,0,0.0,0,0.0,0,0.0,0.0,0.0,0,0.0,0.0,0.0,0
KULTAO04,0,0,0,0,0,0,0,0,0,0,0,0,0,0.0,0,0,0,0,0,0,0,0.0,0,0,0,0,0,0,0,0,0,0,0,0.0,0,0.0,0.0,0,0,0,0.0,0,0.0,0,0.0,0.0,0.0,0,0.0,0.0,0.0,0
KULTAO05,0,0,0,0,0,0,0,0,0,0,0,0,0,0.0,0,0,0,0,0,0,0,0.0,0,0,0,0,0,0,0,0,0,0,0,0.0,0,0.0,0.0,0,0,0,0.0,0,0.0,0,0.0,0.0,0.0,0,0.0,0.0,0.0,0
LAGJEK01,0,0,0,0,0,0,0,2,0,0,0,0,0,0.0,0,0,0,0,0,0,0,0.0,0,0,0,0,0,0,0,0,0,0,0,0.0,0,0.0,0.0,0,0,0,0.0,0,0.0,0,0.0,0.0,0.0,0,0.0,0.0,0.0,0
LAGJEK02,0,0,0,0,0,0,0,2,0,0,0,0,0,0.0,0,0,0,0,0,0,0,0.0,0,0,0,0,0,0,0,0,0,0,0,0.0,0,0.0,0.0,0,0,0,0.0,0,0.0,0,0.0,0.0,0.0,0,0.0,0.0,0.0,0
LAQYIM,0,0,0,0,0,0,0,0,0,0,0,0,0,0.0,0,0,0,0,0,0,0,0.0,0,0,0,0,0,0,2,0,0,0,0,0.0,0,0.0,0.0,0,0,0,0.0,0,0.0,0,0.0,0.0,0.0,0,0.0,2.0,0.0,0
LARZAF,0,0,0,0,0,0,0,0,0,0,0,0,0,0.0,2,0,0,0,0,0,0,0.0,0,0,0,0,0,0,0,0,0,0,0,0.0,0,0.0,0.0,0,0,0,0.0,0,0.0,0,0.0,0.0,0.0,0,0.0,4.0,0.0,0
LAYQUY,0,0,0,0,0,0,0,0,0,0,0,0,0,0.0,0,0,0,0,0,0,0,0.0,0,0,0,0,0,0,0,0,0,0,0,0.0,0,0.0,0.0,0,0,0,0.0,0,0.0,0,0.0,0.0,0.5,0,0.0,2.0,0.0,0
LAYRAF,0,0,0,0,0,0,0,0,0,0,0,0,0,0.0,0,0,0,0,0,0,0,0.0,0,0,0,0,0,0,0,0,0,0,0,0.0,0,0.0,0.0,0,0,0,0.0,0,0.0,0,0.0,0.0,2.0,0,0.0,0.0,0.0,0
LAYREJ01,0,0,0,0,0,0,0,0,0,0,0,0,0,0.0,0,0,0,0,0,0,0,0.0,0,0,0,0,0,0,0,0,0,0,0,0.0,0,0.0,0.0,0,0,0,0.0,0,0.0,0,0.0,0.0,0.0,0,0.0,1.0,0.0,0
LINRAC,0,0,0,0,0,0,0,0,0,0,1,0,0,0.0,0,0,0,0,0,0,0,0.0,0,0,0,0,0,0,0,0,0,0,0,0.0,0,0.0,0.0,0,0,0,0.0,0,0.0,0,0.0,0.0,0.0,0,0.0,0.0,0.0,0
LOQPAI,0,0,0,0,0,0,0,0,0,0,0,0,0,0.0,0,0,0,0,0,0,0,0.0,0,0,0,0,0,0,0,0,0,0,0,0.0,0,0.0,1.0,0,0,0,0.0,0,0.0,0,0.0,0.0,0.0,0,0.0,0.0,0.0,0
LUWSUS,0,0,0,0,0,0,0,0,0,0,0,0,0,0.0,0,0,0,0,0,0,0,0.0,0,0,0,0,0,0,0,0,0,0,0,0.0,0,0.0,0.0,0,0,0,0.0,0,0.0,0,0.0,0.0,0.0,0,0.0,0.0,0.0,0
LUWSUS01,0,0,0,0,0,0,0,0,0,0,0,0,0,0.0,0,0,0,0,0,0,0,0.0,0,0,0,0,0,0,0,0,0,0,0,0.0,0,0.0,0.0,0,0,0,0.0,0,0.0,0,0.0,0.0,0.0,0,0.0,0.0,0.0,0
LUWSUS02,0,0,0,0,0,0,0,0,0,0,0,0,0,0.0,0,0,0,0,0,0,0,0.0,0,0,0,0,0,0,0,0,0,0,0,0.0,0,0.0,0.0,0,0,0,0.0,0,0.0,0,0.0,0.0,0.0,0,0.0,0.0,0.0,0
LUWSUS03,0,0,0,0,0,0,0,0,0,0,0,0,0,0.0,0,0,0,0,0,0,0,0.0,0,0,0,0,0,0,0,0,0,0,0,0.0,0,0.0,0.0,0,0,0,0.0,0,0.0,0,0.0,0.0,0.0,0,0.0,0.0,0.0,0
LUWSUS04,0,0,0,0,0,0,0,0,0,0,0,0,0,0.0,0,0,0,0,0,0,0,0.0,0,0,0,0,0,0,0,0,0,0,0,0.0,0,0.0,0.0,0,0,0,0.0,0,0.0,0,0.0,0.0,0.0,0,0.0,0.0,0.0,0
LUWSUS05,0,0,0,0,0,0,0,0,0,0,0,0,0,0.0,0,0,0,0,0,0,0,0.0,0,0,0,0,0,0,0,0,0,0,0,0.0,0,0.0,0.0,0,0,0,0.0,0,0.0,0,0.0,0.0,0.0,0,0.0,0.0,0.0,0
LUWSUS06,0,0,0,0,0,0,0,0,0,0,0,0,0,0.0,0,0,0,0,0,0,0,0.0,0,0,0,0,0,0,0,0,0,0,0,0.0,0,0.0,0.0,0,0,0,0.0,0,0.0,0,0.0,0.0,0.0,0,0.0,0.0,0.0,0
LUWSUS07,0,0,0,0,0,0,0,0,0,0,0,0,0,0.0,0,0,0,0,0,0,0,0.0,0,0,0,0,0,0,0,0,0,0,0,0.0,0,0.0,0.0,0,0,0,0.0,0,0.0,0,0.0,0.0,0.0,0,0.0,0.0,0.0,0
LUWSUS09,0,0,0,0,0,0,0,0,0,0,0,0,0,0.0,0,0,0,0,0,0,0,0.0,0,0,0,0,0,0,0,0,0,0,0,0.0,0,0.0,0.0,0,0,0,0.0,0,0.0,0,0.0,0.0,0.0,0,0.0,0.0,0.0,0
LUWTED,0,0,0,0,0,0,0,0,0,0,0,0,0,0.0,0,0,0,0,0,0,0,0.0,0,0,0,0,0,0,0,0,0,0,0,0.0,0,0.0,0.0,0,0,0,0.0,0,0.0,0,0.0,0.0,0.5,0,0.0,0.0,0.0,0
LUWTED01,0,0,0,0,0,0,0,0,0,0,0,0,0,0.0,0,0,0,0,0,0,0,0.0,0,0,0,0,0,0,0,0,0,0,0,0.0,0,0.0,0.0,0,0,0,0.0,0,0.0,0,0.0,0.0,0.5,0,0.0,0.0,0.0,0
LUWTED02,0,0,0,0,0,0,0,0,0,0,0,0,0,0.0,0,0,0,0,0,0,0,0.0,0,0,0,0,0,0,0,0,0,0,0,0.0,0,0.0,0.0,0,0,0,0.0,0,0.0,0,0.0,0.0,0.5,0,0.0,0.0,0.0,0
LUXMOH,2,0,0,0,0,0,0,0,0,0,0,0,0,0.0,0,0,0,0,0,0,0,0.0,0,0,0,0,0,0,0,0,0,0,0,0.0,0,0.0,0.0,0,0,0,0.0,0,0.0,0,0.0,1.0,0.0,0,0.0,0.0,0.0,0
LUXMOH01,2,0,0,0,0,0,0,0,0,0,0,0,0,0.0,0,0,0,0,0,0,0,0.0,0,0,0,0,0,0,0,0,0,0,0,0.0,0,0.0,0.0,0,0,0,0.0,0,0.0,0,0.0,1.0,0.0,0,0.0,0.0,0.0,0
MALJEP,0,0,0,0,0,0,0,0,0,0,0,0,0,0.0,0,0,0,0,0,0,0,0.0,0,0,0,0,0,0,0,0,0,0,0,0.0,0,0.0,0.0,0,0,0,0.0,0,0.0,0,0.0,0.0,0.0,0,0.0,0.0,0.0,0
MALJIT,0,0,0,0,0,0,0,0,0,0,0,0,0,0.0,0,0,0,0,0,0,0,0.0,0,0,0,0,0,0,0,0,0,0,0,0.0,0,0.0,0.0,0,0,0,0.0,0,0.0,0,0.0,0.0,0.0,0,0.0,0.0,0.0,0
MALJIT01,0,0,0,0,0,0,0,0,0,0,0,0,0,0.0,0,0,0,0,0,0,0,0.0,0,0,0,0,0,0,0,0,0,0,0,0.0,0,0.0,0.0,0,0,0,0.0,0,0.0,0,0.0,0.0,0.0,0,0.0,0.0,0.0,0
MALJIT03,0,0,0,0,0,0,0,0,0,0,0,0,0,0.0,0,0,0,0,0,0,0,0.0,0,0,0,0,0,0,0,0,0,0,0,0.0,0,0.0,0.0,0,0,0,0.0,0,0.0,0,0.0,0.0,0.0,0,0.0,0.0,0.0,0
MALJOZ,0,0,0,0,0,0,0,0,0,0,0,0,0,0.0,0,0,0,0,0,0,0,0.0,0,0,0,0,0,0,0,0,0,0,2,0.0,0,0.0,0.0,0,0,0,0.0,0,0.0,0,0.0,0.0,0.0,0,0.0,0.0,0.0,0
MALJOZ01,0,0,0,0,0,0,0,0,0,0,0,0,0,0.0,0,0,0,0,0,0,0,0.0,0,0,0,0,0,0,0,0,0,0,2,0.0,0,0.0,0.0,0,0,0,0.0,0,0.0,0,0.0,0.0,0.0,0,0.0,0.0,0.0,0
MEGDEH,0,0,0,0,0,0,0,0,0,0,2,0,0,0.0,0,0,0,0,0,0,0,0.0,0,0,0,0,0,0,0,0,0,0,0,0.0,0,0.0,0.0,0,0,0,0.0,0,0.0,0,0.0,0.0,0.0,0,0.0,1.0,0.0,0
MELLOF,0,0,0,0,0,0,0,0,0,0,0,0,0,0.0,0,2,0,0,0,0,0,0.0,0,0,0,0,0,0,0,0,0,0,0,0.0,0,0.0,0.0,0,0,0,0.0,0,0.0,0,0.0,0.0,0.0,0,0.0,0.0,0.0,0
MELLOF01,0,0,0,0,0,0,0,0,0,0,0,0,0,0.0,0,2,0,0,0,0,0,0.0,0,0,0,0,0,0,0,0,0,0,0,0.0,0,0.0,0.0,0,0,0,0.0,0,0.0,0,0.0,0.0,0.0,0,0.0,0.0,0.0,0
MELLOF02,0,0,0,0,0,0,0,0,0,0,0,0,0,0.0,0,2,0,0,0,0,0,0.0,0,0,0,0,0,0,0,0,0,0,0,0.0,0,0.0,0.0,0,0,0,0.0,0,0.0,0,0.0,0.0,0.0,0,0.0,0.0,0.0,0
MEQVEM,0,0,0,0,0,0,0,0,0,0,0,0,0,0.0,0,2,0,0,0,0,0,0.0,0,0,0,0,0,0,0,0,0,0,0,0.0,0,0.0,0.0,0,0,0,0.0,0,0.0,0,0.0,0.0,0.0,0,0.0,2.0,0.0,0
MEQVEM02,0,0,0,0,0,0,0,0,0,0,0,0,0,0.0,0,2,0,0,0,0,0,0.0,0,0,0,0,0,0,0,0,0,0,0,0.0,0,0.0,0.0,0,0,0,0.0,0,0.0,0,0.0,0.0,0.0,0,0.0,2.0,0.0,0
MEQXIS,0,0,0,0,0,0,0,0,0,0,0,0,0,0.0,0,2,0,0,0,0,0,0.0,0,0,0,0,0,0,0,0,0,0,0,0.0,0,0.0,0.0,0,0,0,0.0,0,0.0,0,0.0,0.0,0.0,0,0.0,0.0,0.0,0
MEQXIS01,0,0,0,0,0,0,0,0,0,0,0,0,0,0.0,0,2,0,0,0,0,0,0.0,0,0,0,0,0,0,0,0,0,0,0,0.0,0,0.0,0.0,0,0,0,0.0,0,0.0,0,0.0,0.0,0.0,0,0.0,0.0,0.0,0
MIFRIF,0,0,0,0,0,0,0,0,0,0,0,0,0,0.0,0,0,0,0,0,0,0,0.0,0,0,0,0,0,0,0,0,0,0,0,0.0,0,0.0,0.0,0,0,0,0.0,0,0.0,0,0.0,0.0,0.0,0,0.0,0.0,0.0,0
MIFROL,0,0,0,0,0,0,0,0,0,0,0,0,0,0.0,0,0,0,0,0,0,0,0.0,0,0,0,0,0,0,0,0,0,0,0,0.0,0,0.0,0.0,0,0,0,0.0,0,0.0,0,0.0,0.0,0.0,0,0.0,0.0,0.0,0
MIFROL01,0,0,0,0,0,0,0,0,0,0,0,0,0,0.0,0,0,0,0,0,0,0,0.0,0,0,0,0,0,0,0,0,0,0,0,0.0,0,0.0,0.0,0,0,0,0.0,0,0.0,0,0.0,0.0,0.0,0,0.0,0.0,0.0,0
MIFSAY,0,0,0,0,0,0,0,0,0,0,0,0,0,0.0,0,0,0,0,0,0,0,0.0,0,0,0,0,0,0,0,0,0,0,0,0.0,0,0.0,0.0,0,0,0,0.0,0,0.0,0,0.0,0.0,0.0,0,0.0,0.0,0.0,0
MIFSEC,0,0,0,0,0,0,0,0,0,0,0,0,0,0.0,0,0,0,0,0,0,0,0.0,0,0,0,0,0,0,0,0,0,0,0,0.0,0,0.0,0.0,0,0,0,0.0,0,0.0,0,0.0,0.0,0.0,0,0.0,0.0,0.0,0
MIWJUZ,0,0,0,0,0,0,0,0,0,0,0,0,0,0.0,0,0,0,0,0,0,0,0.0,0,0,0,0,0,0,0,0,0,0,0,0.0,0,0.0,0.0,0,0,0,0.0,0,0.0,0,0.0,0.0,0.0,0,0.0,0.0,0.0,0
MOFRAA,0,0,0,0,0,0,0,0,0,0,0,0,0,0.0,0,0,0,0,0,0,0,2.0,0,0,0,0,0,0,0,0,0,0,0,0.0,0,0.0,0.0,0,0,0,0.0,0,0.0,0,0.0,0.0,0.0,0,0.0,0.0,0.0,0
MOFREE,0,0,0,0,0,0,0,0,0,0,0,0,0,0.0,0,0,0,0,0,0,0,2.0,0,0,0,0,0,0,0,0,0,0,4,0.0,0,0.0,0.0,0,0,0,0.0,0,0.0,0,0.0,0.0,0.0,0,0.0,0.0,0.0,0
NAVYEP,0,0,0,0,0,0,0,0,0,0,0,0,0,1.0,0,0,0,0,0,1,0,0.0,0,0,0,0,0,0,0,0,0,0,0,0.0,0,0.0,0.0,0,0,0,0.0,0,0.0,0,0.0,0.0,0.0,0,0.0,0.0,0.0,0
NAVYEP01,0,0,0,0,0,0,0,0,0,0,0,0,0,1.0,0,0,0,0,0,1,0,0.0,0,0,0,0,0,0,0,0,0,0,0,0.0,0,0.0,0.0,0,0,0,0.0,0,0.0,0,0.0,0.0,0.0,0,0.0,0.0,0.0,0
NEFSIA01,0,0,0,0,0,0,0,0,0,0,0,0,0,0.0,0,0,0,0,0,0,0,0.0,0,0,0,0,0,0,0,0,0,0,0,0.0,0,0.0,0.0,0,0,0,0.0,0,0.0,0,0.0,0.0,0.0,0,0.0,0.0,0.0,0
NEFSIA02,0,0,0,0,0,0,0,0,0,0,0,0,0,0.0,0,0,0,0,0,0,0,0.0,0,0,0,0,0,0,0,0,0,0,0,0.0,0,0.0,0.0,0,0,0,0.0,0,0.0,0,0.0,0.0,0.0,0,0.0,0.0,0.0,0
NEFVID,0,0,0,0,0,0,0,0,0,0,2,0,0,0.0,0,0,0,0,0,0,0,0.0,0,0,0,0,0,0,0,0,0,0,0,0.0,0,0.0,0.0,0,0,0,0.0,0,0.0,0,0.0,0.0,0.0,0,0.0,0.0,0.0,0
NEMSAZ,0,0,0,0,0,2,0,0,0,0,0,0,0,0.0,0,0,0,0,0,0,0,0.0,0,0,0,0,0,0,0,0,0,0,0,0.0,0,0.0,0.0,0,0,0,0.0,0,0.0,0,0.0,0.0,0.0,0,0.0,2.0,0.0,0
NEMSED,0,0,0,0,0,0,2,0,0,0,0,0,0,0.0,0,0,0,0,0,0,0,0.0,0,0,0,0,0,0,0,0,0,0,0,0.0,0,0.0,0.0,0,0,0,0.0,0,0.0,0,0.0,0.0,0.0,0,0.0,0.0,0.0,0
NERDIA,0,0,0,0,0,0,0,0,0,0,0,0,0,0.0,0,0,0,0,0,0,0,0.0,0,0,0,0,0,0,0,0,2,0,0,0.0,0,0.0,0.0,0,0,0,0.0,0,0.0,0,0.0,0.0,0.0,0,0.0,0.0,0.0,0
NERDIA01,0,0,0,0,0,0,0,0,0,0,0,0,0,0.0,0,0,0,0,0,0,0,0.0,0,0,0,0,0,0,0,0,2,0,0,0.0,0,0.0,0.0,0,0,0,0.0,0,0.0,0,0.0,0.0,0.0,0,0.0,0.0,0.0,0
NESVOX,0,0,0,0,0,0,0,0,0,0,0,0,0,0.0,0,0,0,0,0,0,0,0.0,0,2,0,0,0,0,0,0,0,0,0,0.0,0,0.0,0.0,0,0,0,0.0,0,0.0,0,0.0,0.0,0.0,0,0.0,0.0,0.0,0
NESVOX02,0,0,0,0,0,0,0,0,0,0,0,0,0,0.0,0,0,0,0,0,0,0,0.0,0,2,0,0,0,0,0,0,0,0,0,0.0,0,0.0,0.0,0,0,0,0.0,0,0.0,0,0.0,0.0,0.0,0,0.0,0.0,0.0,0
NESVUD,0,0,0,0,0,0,0,0,0,0,0,0,0,0.0,0,0,0,0,0,0,0,0.0,0,2,0,0,0,0,0,0,0,0,0,0.0,0,0.0,0.0,0,0,0,0.0,0,0.0,0,0.0,0.0,0.0,0,0.0,0.0,0.0,0
NESVUD01,0,0,0,0,0,0,0,0,0,0,0,0,0,0.0,0,0,0,0,0,0,0,0.0,0,2,0,0,0,0,0,0,0,0,0,0.0,0,0.0,0.0,0,0,0,0.0,0,0.0,0,0.0,0.0,0.0,0,0.0,0.0,0.0,0
NESWAK,0,0,0,0,0,0,0,0,0,0,0,0,0,0.0,0,2,0,0,0,0,0,0.0,0,0,0,0,0,0,0,0,0,0,0,0.0,0,0.0,0.0,0,0,0,0.0,0,0.0,0,0.0,0.0,0.0,0,0.0,0.2,0.0,0
NETBUJ,0,0,0,0,0,0,0,0,0,0,0,0,0,0.0,0,0,0,0,0,0,0,0.0,0,2,0,0,0,0,0,0,0,0,0,0.0,0,0.0,0.0,0,0,0,0.0,0,0.0,0,0.0,0.0,0.0,0,0.0,0.25,0.0,0
NICSEA,0,0,0,0,0,0,0,0,0,0,0,0,0,0.0,0,0,0,0,0,0,0,0.0,0,2,0,0,0,0,0,0,0,0,0,0.0,0,0.0,0.0,0,0,0,0.0,0,2.0,0,0.0,0.0,0.0,0,0.0,0.5,0.0,0
NIGXUY01,0,0,0,0,0,0,0,0,0,0,0,0,2,0.0,0,0,0,0,0,0,0,0.0,0,0,0,0,0,0,0,0,0,0,0,0.0,0,0.0,0.0,0,0,0,0.0,0,0.0,0,0.0,0.0,0.0,0,0.0,0.0,0.0,0
NIGXUY02,0,0,0,0,0,0,0,0,0,0,0,0,2,0.0,0,0,0,0,0,0,0,0.0,0,0,0,0,0,0,0,0,0,0,0,0.0,0,0.0,0.0,0,0,0,0.0,0,0.0,0,0.0,0.0,0.0,0,0.0,0.0,0.0,0
NIQFUP,0,0,0,0,0,0,0,0,0,0,0,0,0,0.0,0,0,0,0,0,0,0,0.0,0,2,0,0,0,0,0,0,0,0,0,0.0,0,0.0,0.0,0,0,0,0.0,0,0.0,0,0.0,0.0,0.0,0,0.0,0.0,0.0,0
NIQFUP11,0,0,0,0,0,0,0,0,0,0,0,0,0,0.0,0,0,0,0,0,0,0,0.0,0,2,0,0,0,0,0,0,0,0,0,0.0,0,0.0,0.0,0,0,0,0.0,0,0.0,0,0.0,0.0,0.0,0,0.0,0.0,0.0,0
NIXWEZ,0,0,0,0,0,0,0,0,0,0,0,0,0,0.0,0,2,0,0,0,0,0,0.0,0,0,0,0,0,0,0,0,0,0,0,0.0,0,0.0,0.0,0,0,1,0.0,0,0.0,0,0.0,0.0,2.0,0,0.0,1.0,0.0,0
NIXXAW,0,0,0,0,0,0,0,0,0,0,0,0,0,0.0,0,2,0,0,0,0,0,0.0,0,0,0,0,0,0,0,0,0,0,0,0.0,0,0.0,0.0,0,0,0,0.0,0,0.0,1,0.0,0.0,1.5,0,0.0,0.0,0.0,0
NIXXEA,0,0,0,0,0,0,0,0,0,0,0,0,0,0.0,0,2,0,0,0,0,0,0.0,0,0,0,0,0,0,0,0,0,0,0,0.0,0,0.0,0.0,0,0,2,0.0,0,0.0,0,0.0,0.0,0.0,0,0.0,0.0,0.0,0
NOWBIK,0,0,0,0,0,0,0,0,0,0,0,0,0,0.0,0,0,0,0,0,0,0,0.0,0,0,0,0,0,0,0,0,0,0,0,0.0,0,0.0,0.0,0,0,0,0.0,0,0.0,0,0.0,0.0,0.0,0,0.0,0.0,0.0,0
NOWBIK01,0,0,0,0,0,0,0,0,0,0,0,0,0,0.0,0,0,0,0,0,0,0,0.0,0,0,0,0,0,0,0,0,0,0,0,0.0,0,0.0,0.0,0,0,0,0.0,0,0.0,0,0.0,0.0,0.0,0,0.0,0.0,0.0,0
NOZJAN,0,0,0,0,0,0,0,0,0,0,0,0,0,0.0,0,0,0,0,0,0,0,0.0,0,2,0,0,0,0,0,0,0,0,0,0.0,0,1.0,0.0,0,0,0,0.0,0,0.0,0,0.0,0.0,0.0,0,0.0,0.0,0.0,0
NUMBEC,0,0,0,0,0,0,0,0,0,0,0,0,0,0.0,0,0,0,0,0,0,0,0.0,0,0,0,0,0,0,0,0,0,0,0,0.0,0,0.0,0.0,0,0,0,0.0,0,0.0,0,0.0,0.0,0.0,0,0.0,0.0,0.0,0
NUMBEC01,0,0,0,0,0,0,0,0,0,0,0,0,0,0.0,0,0,0,0,0,0,0,0.0,0,0,0,0,0,0,0,0,0,0,0,0.0,0,0.0,0.0,0,0,0,0.0,0,0.0,0,0.0,0.0,0.0,0,0.0,0.0,0.0,0
NUMBEC02,0,0,0,0,0,0,0,0,0,0,0,0,0,0.0,0,0,0,0,0,0,0,0.0,0,0,0,0,0,0,0,0,0,0,0,0.0,0,0.0,0.0,0,0,0,0.0,0,0.0,0,0.0,0.0,0.0,0,0.0,0.0,0.0,0
OBUJAW,0,0,0,0,0,0,0,0,0,0,0,0,0,0.0,0,0,0,0,0,0,0,0.0,0,0,0,0,0,0,0,0,0,0,0,0.0,0,0.0,0.0,0,0,0,0.0,0,0.0,0,0.0,0.0,0.0,0,0.0,0.0,0.0,0
OCEVEA,0,0,0,0,0,0,0,0,0,0,0,0,0,0.0,0,0,0,0,0,0,0,0.0,0,0,2,0,0,0,0,0,0,0,0,0.0,0,0.0,0.0,0,0,0,0.0,0,0.0,0,0.0,0.0,0.0,0,0.0,0.0,0.0,0
OCEVEA01,0,0,0,0,0,0,0,0,0,0,0,0,0,0.0,0,0,0,0,0,0,0,0.0,0,0,2,0,0,0,0,0,0,0,0,0.0,0,0.0,0.0,0,0,0,0.0,0,0.0,0,0.0,0.0,0.0,0,0.0,0.0,0.0,0
OCOPAA,0,0,0,0,0,0,0,0,0,0,0,0,0,0.0,0,0,0,0,0,2,0,0.0,0,0,0,0,0,0,0,0,0,0,0,0.0,0,0.0,0.0,0,0,0,0.0,0,0.0,0,0.0,0.0,0.0,0,0.0,0.0,0.0,0
OJIVOS,0,0,0,0,0,0,0,0,0,0,0,0,0,0.0,0,2,0,0,0,0,0,0.0,0,0,0,0,0,0,0,0,0,0,0,0.0,0,0.0,0.0,0,0,0,0.0,0,0.0,0,0.0,0.0,0.0,0,0.0,0.0,0.0,0
OLAYAC,0,0,0,0,0,0,0,0,0,0,0,0,0,0.0,0,0,0,0,2,0,0,0.0,0,0,0,0,0,0,0,0,0,0,0,0.0,0,0.0,0.0,0,0,0,0.0,0,0.0,0,0.0,0.0,0.5,0,0.0,0.0,0.0,0
OLAYAC01,0,0,0,0,0,0,0,0,0,0,0,0,0,0.0,0,0,0,0,2,0,0,0.0,0,0,0,0,0,0,0,0,0,0,0,0.0,0,0.0,0.0,0,0,0,0.0,0,0.0,0,0.0,0.0,0.5,0,0.0,0.0,0.0,0
OZOGIV,0,0,0,0,0,0,0,0,0,0,0,0,0,2.0,0,0,0,0,0,0,0,0.0,0,0,0,0,0,0,0,0,0,0,0,0.0,0,0.0,0.0,0,0,0,0.0,0,0.0,0,0.0,0.0,0.0,0,0.0,0.0,0.0,0
PAGXAW,0,0,0,0,0,0,0,0,0,0,0,0,0,0.0,0,0,0,0,0,0,0,0.0,0,0,0,0,0,0,0,0,0,0,0,0.0,0,0.0,0.0,0,0,0,0.0,0,0.0,0,0.0,0.0,0.0,0,0.0,0.25,0.0,0
PASDOD,0,0,0,0,0,0,0,0,0,0,0,0,0,0.0,0,0,0,0,0,0,0,0.0,0,2,0,0,0,0,0,0,0,0,0,0.0,0,0.0,0.0,0,0,0,0.0,0,0.0,0,0.0,0.0,0.0,0,0.0,0.0,0.0,0
PASDOD01,0,0,0,0,0,0,0,0,0,0,0,0,0,0.0,0,0,0,0,0,0,0,0.0,0,2,0,0,0,0,0,0,0,0,0,0.0,0,0.0,0.0,0,0,0,0.0,0,0.0,0,0.0,0.0,0.0,0,0.0,0.0,0.0,0
PASGOF,0,0,0,0,0,0,0,0,0,0,0,0,0,0.0,0,0,0,0,0,0,0,0.0,0,0,0,0,0,0,0,0,0,0,0,0.0,0,0.0,0.0,0,0,0,0.0,0,0.0,0,0.0,0.0,0.0,0,0.0,0.0,0.0,0
PASGOF01,0,0,0,0,0,0,0,0,0,0,0,0,0,0.0,0,0,0,0,0,0,0,0.0,0,0,0,0,0,0,0,0,0,0,0,0.0,0,0.0,0.0,0,0,0,0.0,0,0.0,0,0.0,0.0,0.0,0,0.0,0.0,0.0,0
PEJQIF,0,0,0,0,0,0,0,0,0,0,0,0,0,0.0,0,0,0,0,0,0,0,0.0,0,2,0,0,0,0,0,0,0,0,0,0.0,0,0.0,0.0,0,0,0,0.0,0,0.0,0,0.0,0.0,0.0,0,0.0,0.0,0.0,0
PEJQIF01,0,0,0,0,0,0,0,0,0,0,0,0,0,0.0,0,0,0,0,0,0,0,0.0,0,2,0,0,0,0,0,0,0,0,0,0.0,0,0.0,0.0,0,0,0,0.0,0,0.0,0,0.0,0.0,0.0,0,0.0,0.0,0.0,0
PIVFEG,0,0,0,0,0,0,0,0,0,0,2,0,0,0.0,0,0,0,0,0,0,0,0.0,0,0,0,0,0,0,0,0,0,0,0,0.0,0,0.0,0.0,0,0,0,0.0,0,0.0,0,0.0,0.0,0.0,0,0.0,0.0,0.0,0
POGMED,0,0,0,0,0,0,0,0,0,0,0,0,0,0.0,0,0,0,0,0,0,0,0.0,0,0,0,0,0,0,0,0,0,0,0,0.0,0,0.0,0.0,0,0,0,0.0,0,0.0,0,0.0,0.0,0.0,0,0.0,0.0,0.0,0
POGXOA,0,0,0,0,0,0,0,0,0,0,0,0,0,0.0,0,0,0,0,0,0,0,0.0,0,0,0,0,0,0,0,0,0,0,0,0.0,0,0.0,0.0,0,0,0,0.0,0,0.0,0,0.0,0.0,0.0,0,0.0,0.0,0.0,0
POGXUG,0,0,0,0,0,0,0,0,0,0,0,0,0,0.0,0,0,0,0,0,0,0,0.0,0,0,0,0,0,0,0,0,0,0,0,0.0,0,0.0,0.0,0,0,0,0.0,0,0.0,0,0.0,0.0,0.0,0,0.0,0.0,0.0,0
POHLON,0,0,0,0,0,0,0,0,0,0,0,0,0,0.0,0,0,0,0,0,0,0,0.0,0,0,0,0,0,0,0,0,0,0,0,0.0,0,1.0,0.0,0,0,0,0.0,0,0.0,0,0.0,0.0,0.0,0,0.0,0.0,0.0,0
POHLON01,0,0,0,0,0,0,0,0,0,0,0,0,0,0.0,0,0,0,0,0,0,0,0.0,0,0,0,0,0,0,0,0,0,0,0,0.0,0,1.0,0.0,0,0,0,0.0,0,0.0,0,0.0,0.0,0.0,0,0.0,0.0,0.0,0
POWSID,0,0,0,0,0,0,0,0,0,0,0,0,0,0.0,0,0,0,0,0,0,0,0.0,0,0,0,0,0,0,0,0,0,0,0,0.0,0,0.0,0.0,0,0,0,0.0,0,0.0,0,0.0,0.0,0.0,0,0.0,0.0,0.0,1
POWSID01,0,0,0,0,0,0,0,0,0,0,0,0,0,0.0,0,0,0,0,0,0,0,0.0,0,0,0,0,0,0,0,0,0,0,0,0.0,0,0.0,0.0,0,0,0,0.0,0,0.0,0,0.0,0.0,0.0,0,0.0,0.0,0.0,1
PUBBOD,0,0,0,0,0,0,0,0,0,0,2,0,0,0.0,0,0,0,0,0,0,0,0.0,0,0,0,0,0,0,0,0,0,0,0,0.0,0,0.0,0.0,0,0,0,0.0,0,0.0,0,0.0,0.0,0.0,0,0.0,0.0,0.0,0
PUTGOC,0,0,0,0,0,0,0,0,0,0,0,0,0,0.0,0,0,0,0,0,0,0,0.0,0,0,0,2,0,0,0,0,0,0,0,0.0,0,0.0,0.0,0,0,0,0.0,0,0.0,0,0.0,0.0,1.0,0,0.0,0.0,0.0,0
PUTGOC01,0,0,0,0,0,0,0,0,0,0,0,0,0,0.0,0,0,0,0,0,0,0,0.0,0,0,0,2,0,0,0,0,0,0,0,0.0,0,0.0,0.0,0,0,0,0.0,0,0.0,0,0.0,0.0,1.0,0,0.0,0.0,0.0,0
PUTHAP,0,0,0,0,0,0,0,0,0,0,0,0,0,0.0,0,0,0,0,0,0,0,0.0,0,0,0,0,2,0,0,0,0,0,0,0.0,0,0.0,0.0,0,0,0,0.0,0,0.0,0,0.0,0.0,0.0,0,0.0,0.0,0.0,0
PUTHAP01,0,0,0,0,0,0,0,0,0,0,0,0,0,0.0,0,0,0,0,0,0,0,0.0,0,0,0,0,2,0,0,0,0,0,0,0.0,0,0.0,0.0,0,0,0,0.0,0,0.0,0,0.0,0.0,0.0,0,0.0,0.0,0.0,0
PUTHIX,0,0,0,0,0,0,0,2,0,0,0,0,0,0.0,0,0,0,0,0,0,0,0.0,0,0,0,0,0,0,0,0,0,0,0,0.0,0,0.0,0.0,0,0,0,0.0,0,0.0,0,0.0,0.0,0.0,0,0.0,0.0,0.0,0
PUTHIX01,0,0,0,0,0,0,0,2,0,0,0,0,0,0.0,0,0,0,0,0,0,0,0.0,0,0,0,0,0,0,0,0,0,0,0,0.0,0,0.0,0.0,0,0,0,0.0,0,0.0,0,0.0,0.0,0.0,0,0.0,0.0,0.0,0
QAHPIY01,0,0,0,0,0,0,0,0,0,0,0,0,0,0.0,0,2,0,0,0,0,0,0.0,0,0,0,0,0,0,0,0,0,0,0,0.0,0,0.0,0.0,0,0,0,0.0,0,0.0,0,0.0,0.0,0.0,0,0.0,0.0,0.0,0
QAHPIY02,0,0,0,0,0,0,0,0,0,0,0,0,0,0.0,0,2,0,0,0,0,0,0.0,0,0,0,0,0,0,0,0,0,0,0,0.0,0,0.0,0.0,0,0,0,0.0,0,0.0,0,0.0,0.0,0.0,0,0.0,0.0,0.0,0
QAHVIE,0,0,0,0,0,0,0,0,0,0,0,0,0,0.0,0,0,0,0,0,0,0,0.0,0,0,0,0,0,0,0,0,0,0,0,0.0,0,0.0,0.0,0,0,0,0.0,0,0.0,0,0.0,0.0,0.0,0,0.0,0.0,0.0,0
QAHVOK,0,0,0,0,0,0,0,0,0,0,0,0,0,0.0,0,0,0,0,0,0,0,0.0,0,0,0,0,0,0,0,0,0,0,0,0.0,0,0.0,0.0,0,0,0,0.0,0,0.0,0,0.0,0.0,0.0,0,0.0,0.0,0.0,0
QALMAR,0,0,0,0,0,0,0,0,0,0,0,0,0,0.0,0,2,0,0,0,0,0,0.0,0,0,0,0,0,0,0,0,0,0,0,0.0,0,0.0,0.0,0,0,0,0.0,0,0.0,0,0.0,0.0,0.0,0,0.0,2.0,0.0,0
QALMAR01,0,0,0,0,0,0,0,0,0,0,0,0,0,0.0,0,2,0,0,0,0,0,0.0,0,0,0,0,0,0,0,0,0,0,0,0.0,0,0.0,0.0,0,0,0,0.0,0,0.0,0,0.0,0.0,0.0,0,0.0,2.0,0.0,0
QERDIB,0,0,0,0,0,0,0,0,0,0,0,0,0,0.0,0,0,0,0,0,2,0,0.0,0,0,0,0,0,0,0,0,0,0,0,0.0,0,0.0,0.0,0,0,0,0.0,0,0.0,0,0.0,0.0,0.0,0,0.0,0.0,0.0,0
QERDIB01,0,0,0,0,0,0,0,0,0,0,0,0,0,0.0,0,0,0,0,0,2,0,0.0,0,0,0,0,0,0,0,0,0,0,0,0.0,0,0.0,0.0,0,0,0,0.0,0,0.0,0,0.0,0.0,0.0,0,0.0,0.0,0.0,0
QERDOH,0,0,0,0,0,0,0,0,0,0,0,0,0,0.0,0,0,0,0,0,0,0,2.0,0,0,0,0,0,0,0,0,0,0,0,0.0,0,0.0,0.0,0,0,0,0.0,0,0.0,0,0.0,0.0,1.0,0,0.0,0.0,0.0,0
QIDJET,0,0,0,0,0,0,0,0,0,0,0,0,0,0.0,0,0,0,0,0,0,0,0.0,0,0,0,0,0,0,0,0,0,0,0,0.0,0,0.0,0.0,0,0,0,0.0,0,0.0,0,0.0,0.0,0.0,0,0.0,0.0,0.0,0
QIDJET01,0,0,0,0,0,0,0,0,0,0,0,0,0,0.0,0,0,0,0,0,0,0,0.0,0,0,0,0,0,0,0,0,0,0,0,0.0,0,0.0,0.0,0,0,0,0.0,0,0.0,0,0.0,0.0,0.0,0,0.0,0.0,0.0,0
QIDJIX,0,0,0,0,0,0,0,0,0,0,0,0,0,0.0,0,0,0,0,0,0,0,0.0,0,0,0,0,0,0,0,0,0,0,0,0.0,0,0.0,0.0,0,0,0,0.0,0,0.0,0,0.0,0.0,1.0,0,0.0,0.0,0.0,0
QIDJOD,0,0,0,0,0,0,0,0,0,0,0,0,0,0.0,0,0,0,0,0,0,0,0.0,0,2,0,0,0,0,0,0,0,0,0,0.0,0,0.0,0.0,0,0,0,0.0,0,0.0,0,0.0,0.0,1.0,0,0.0,0.0,0.0,0
QIDJUJ,0,0,0,0,0,0,0,0,0,0,0,0,0,0.0,0,2,0,0,0,0,0,0.0,0,0,0,0,0,0,0,0,0,0,0,0.0,0,1.0,0.0,0,0,0,0.0,0,0.0,0,0.0,0.0,1.0,0,0.0,0.0,0.0,0
QIDKAQ,0,0,0,0,0,0,0,0,0,0,0,0,0,0.0,0,0,0,0,0,0,0,0.0,0,2,0,0,0,0,0,0,0,0,0,0.0,0,0.0,0.0,0,0,0,0.0,0,0.0,0,0.0,0.0,0.0,0,0.0,1.0,0.0,0
QIDKEU,0,0,0,0,0,0,0,0,0,0,0,0,0,0.0,0,2,0,0,0,0,0,0.0,0,0,0,0,0,0,0,0,0,0,0,0.0,0,0.0,0.0,0,0,0,0.0,0,0.0,0,0.0,0.0,0.0,0,0.0,1.0,0.0,0
QIDKIY,0,0,0,0,0,0,0,0,0,0,0,0,0,0.0,0,2,0,0,0,0,0,0.0,0,0,0,0,0,0,0,0,0,0,0,0.0,0,0.0,0.0,0,0,0,0.0,0,0.0,0,0.0,0.0,1.0,0,0.0,0.0,0.0,0
QIDKOE,0,0,0,0,2,0,0,0,0,0,0,0,0,0.0,0,0,0,0,0,0,0,0.0,0,0,0,0,0,0,0,0,0,0,0,0.0,0,0.0,0.0,0,0,0,0.0,0,0.0,0,0.0,0.0,0.0,0,0.0,1.0,0.0,0
QIDKUK,0,0,0,0,0,0,0,0,0,0,0,0,0,0.0,0,2,0,0,0,0,0,0.0,0,0,0,0,0,0,0,0,0,0,0,0.0,0,0.0,0.0,0,0,0,0.0,0,0.0,0,0.0,0.0,0.0,0,0.0,1.0,0.0,0
QIDLAR,0,0,0,0,0,0,0,0,0,0,0,0,0,0.0,0,0,0,0,0,0,0,0.0,0,2,0,0,0,0,0,0,0,0,0,0.0,0,0.0,0.0,0,0,0,0.0,0,0.0,0,0.0,0.0,0.0,0,0.0,0.0,0.0,0
QIDLEV,0,0,0,0,0,0,0,0,0,0,0,0,0,0.0,0,2,0,0,0,0,0,0.0,0,0,0,0,0,0,0,0,0,0,0,0.0,0,0.0,0.0,0,0,0,0.0,0,0.0,0,0.0,0.0,0.0,0,0.0,0.0,0.0,0
QIDLIZ,0,0,0,0,0,0,0,0,0,0,0,0,0,0.0,0,0,0,0,0,0,0,0.0,0,2,0,0,0,0,0,0,0,0,0,0.0,0,0.0,0.0,0,0,0,0.0,0,0.0,0,0.0,0.0,0.0,0,0.0,0.0,0.0,0
QIDLOF,0,0,0,0,0,0,0,0,0,0,0,0,0,0.0,0,2,0,0,0,0,0,0.0,0,0,0,0,0,0,0,0,0,0,0,0.0,0,0.0,0.0,0,0,0,0.0,0,0.0,0,0.0,0.0,0.0,0,0.0,0.0,0.0,0
QIDLUL,0,0,0,0,0,0,0,0,0,0,0,0,0,0.0,0,0,0,0,0,0,0,0.0,0,2,0,0,0,0,0,0,0,0,0,0.0,0,0.0,0.0,0,0,0,0.0,0,0.0,0,0.0,0.0,0.0,0,0.0,0.0,0.0,0
QIDLUL01,0,0,0,0,0,0,0,0,0,0,0,0,0,0.0,0,0,0,0,0,0,0,0.0,0,2,0,0,0,0,0,0,0,0,0,0.0,0,0.0,0.0,0,0,0,0.0,0,0.0,0,0.0,0.0,0.0,0,0.0,0.0,0.0,0
QOMDAY,0,0,0,0,0,0,0,0,0,0,0,0,0,0.0,0,0,0,0,0,0,0,0.0,0,0,0,0,0,0,0,0,0,0,0,0.0,0,0.0,0.0,0,0,0,0.0,0,0.0,0,0.0,0.0,0.0,0,0.0,0.0,0.0,0
QOMDAY01,0,0,0,0,0,0,0,0,0,0,0,0,0,0.0,0,0,0,0,0,0,0,0.0,0,0,0,0,0,0,0,0,0,0,0,0.0,0,0.0,0.0,0,0,0,0.0,0,0.0,0,0.0,0.0,0.0,0,0.0,0.0,0.0,0
QOMDAY02,0,0,0,0,0,0,0,0,0,0,0,0,0,0.0,0,0,0,0,0,0,0,0.0,0,0,0,0,0,0,0,0,0,0,0,0.0,0,0.0,0.0,0,0,0,0.0,0,0.0,0,0.0,0.0,0.0,0,0.0,0.0,0.0,0
QOSVOJ,0,0,0,0,0,0,0,0,0,0,0,0,0,0.0,2,0,0,0,0,0,0,0.0,0,0,0,0,0,0,0,0,0,0,0,0.0,0,0.0,0.0,0,0,0,0.0,0,0.0,0,0.0,0.0,1.0,0,0.0,0.0,0.0,0
QOZNOL,0,0,0,0,0,0,0,0,0,0,0,0,0,0.0,0,0,0,0,0,0,0,0.0,0,2,0,0,0,0,0,0,0,0,0,0.0,0,0.0,0.0,0,0,0,0.0,0,0.0,0,0.0,0.0,1.0,0,0.0,0.0,0.0,0
QUHWAT,0,0,0,0,0,0,0,0,0,0,0,0,0,0.0,0,0,0,0,0,0,0,0.0,0,0,0,0,0,0,0,0,0,0,0,0.0,0,0.0,0.0,0,0,0,0.0,0,0.0,0,0.0,0.0,0.0,0,0.0,0.0,0.0,0
QUHWAT01,0,0,0,0,0,0,0,0,0,0,0,0,0,0.0,0,0,0,0,0,0,0,0.0,0,0,0,0,0,0,0,0,0,0,0,0.0,0,0.0,0.0,0,0,0,0.0,0,0.0,0,0.0,0.0,0.0,0,0.0,0.0,0.0,0
QUHWAT02,0,0,0,0,0,0,0,0,0,0,0,0,0,0.0,0,0,0,0,0,0,0,0.0,0,0,0,0,0,0,0,0,0,0,0,0.0,0,0.0,0.0,0,0,0,0.0,0,0.0,0,0.0,0.0,0.0,0,0.0,0.0,0.0,0
QUNYAA,0,0,0,0,0,0,0,0,0,0,0,0,0,0.0,0,0,0,0,0,0,0,0.0,0,0,0,0,0,0,0,0,0,0,1,0.0,0,0.0,0.0,0,0,0,0.0,0,0.0,0,0.0,0.0,0.0,0,0.0,0.0,0.0,0
QUNYEE,0,0,0,0,0,0,0,0,0,0,0,0,0,0.0,0,0,0,0,0,0,0,0.0,0,0,0,0,0,0,0,0,0,0,0,0.0,0,0.0,0.0,0,0,0,0.0,0,0.0,0,0.0,0.0,0.0,0,0.0,0.0,0.0,0
QUNYEE01,0,0,0,0,0,0,0,0,0,0,0,0,0,0.0,0,0,0,0,0,0,0,0.0,0,0,0,0,0,0,0,0,0,0,0,0.0,0,0.0,0.0,0,0,0,0.0,0,0.0,0,0.0,0.0,0.0,0,0.0,0.0,0.0,0
RAKZIM,0,0,0,0,0,0,0,0,0,0,0,0,0,0.0,0,2,0,0,0,0,0,0.0,0,0,0,0,0,0,0,0,0,0,0,0.0,0,0.0,0.0,0,0,0,0.0,0,0.0,0,0.0,0.0,0.0,0,0.0,0.0,0.0,0
RAKZIM01,0,0,0,0,0,0,0,0,0,0,0,0,0,0.0,0,2,0,0,0,0,0,0.0,0,0,0,0,0,0,0,0,0,0,0,0.0,0,0.0,0.0,0,0,0,0.0,0,0.0,0,0.0,0.0,0.0,0,0.0,0.0,0.0,0
RESWES,0,0,0,0,0,0,0,0,0,0,0,0,0,0.0,0,0,0,0,0,0,0,0.0,0,0,0,0,0,0,0,0,0,0,0,0.0,0,0.0,0.0,0,0,0,0.0,0,0.0,0,0.0,0.0,0.0,0,0.0,0.0,0.0,0
RESWIW,0,0,0,0,0,0,0,0,0,0,0,0,0,0.0,0,0,0,0,0,0,0,0.0,0,0,0,0,0,0,0,0,0,0,0,0.0,0,0.0,0.0,0,0,0,0.0,0,0.0,0,0.0,0.0,1.0,0,0.0,0.0,0.0,0
RESWIW01,0,0,0,0,0,0,0,0,0,0,0,0,0,0.0,0,0,0,0,0,0,0,0.0,0,0,0,0,0,0,0,0,0,0,0,0.0,0,0.0,0.0,0,0,0,0.0,0,0.0,0,0.0,0.0,1.0,0,0.0,0.0,0.0,0
REWPOZ,0,0,0,0,0,0,0,0,0,0,0,0,0,0.0,0,2,0,0,0,0,0,0.0,0,0,0,0,0,0,0,0,0,0,0,0.0,0,0.0,0.0,0,0,0,0.0,0,0.0,0,0.0,0.0,0.0,0,0.0,0.0,0.0,0
REWPUF,0,0,0,0,0,0,0,0,0,0,0,0,0,0.0,0,2,0,0,0,0,0,0.0,0,0,0,0,0,0,0,0,0,0,0,0.0,0,0.0,0.0,0,0,0,0.0,0,0.0,0,0.0,0.0,0.0,0,0.0,0.0,0.0,0
REWPUF02,0,0,0,0,0,0,0,0,0,0,0,0,0,0.0,0,2,0,0,0,0,0,0.0,0,0,0,0,0,0,0,0,0,0,0,0.0,0,0.0,0.0,0,0,0,0.0,0,0.0,0,0.0,0.0,0.0,0,0.0,0.0,0.0,0
RIZSOI,0,0,0,0,0,0,0,2,0,0,0,0,0,0.0,0,0,0,0,0,0,0,0.0,0,0,0,0,0,0,0,0,0,0,0,0.0,0,0.0,0.0,0,0,0,0.0,0,0.0,0,0.0,0.0,0.0,0,0.0,0.0,0.0,0
RONPIT26,0,0,0,0,0,0,0,0,0,0,0,0,0,0.0,0,0,0,0,0,0,0,0.0,0,0,0,0,0,0,0,0,0,0,0,0.0,0,0.0,0.0,0,0,0,0.0,0,0.0,0,0.0,0.0,0.0,0,0.0,0.0,0.0,0
RONPIT34,0,0,0,0,0,0,0,0,0,0,0,0,0,0.0,0,0,0,0,0,0,0,0.0,0,0,0,0,0,0,0,0,0,0,0,0.0,0,0.0,0.0,0,0,0,0.0,0,0.0,0,0.0,0.0,0.0,0,0.0,0.0,0.0,0
RONPIT39,0,0,0,0,0,0,0,0,0,0,0,0,0,0.0,0,0,0,0,0,0,0,0.0,0,0,0,0,0,0,0,0,0,0,0,0.0,0,0.0,0.0,0,0,0,0.0,0,0.0,0,0.0,0.0,0.0,0,0.0,0.0,0.0,0
RONPIT41,0,0,0,0,0,0,0,0,0,0,0,0,0,0.0,0,0,0,0,0,0,0,0.0,0,0,0,0,0,0,0,0,0,0,0,0.0,0,0.0,0.0,0,0,0,0.0,0,0.0,0,0.0,0.0,0.0,0,0.0,0.0,0.0,0
RUCJEF,0,0,0,0,0,0,0,0,0,0,0,0,0,0.0,0,0,0,0,0,0,0,0.0,0,2,0,0,0,0,0,0,0,2,0,0.0,0,0.0,0.0,0,0,0,0.0,0,0.0,0,0.0,0.0,0.0,0,0.0,0.0,0.0,0
SIXJUE,0,0,0,0,0,0,0,0,0,0,0,0,0,0.0,0,0,0,0,0,0,0,0.0,0,2,0,0,0,0,0,0,0,0,0,0.0,0,0.0,0.0,0,0,0,0.0,0,0.0,0,0.0,0.0,0.0,0,0.0,0.0,0.0,0
SOJKUY,0,0,0,0,0,0,0,0,0,0,0,0,0,0.0,0,0,0,0,0,0,0,0.0,0,0,0,0,0,0,0,2,0,0,0,0.0,0,3.0,0.0,0,0,0,0.0,0,0.0,0,0.0,0.0,0.0,0,0.0,0.0,0.0,0
TEKHAU,0,0,0,0,0,0,0,0,0,0,0,0,0,0.0,0,0,0,0,0,0,0,0.0,0,0,0,0,0,0,0,0,0,0,0,0.0,0,0.0,0.0,0,0,0,0.0,0,0.0,0,0.0,0.0,0.0,0,0.0,0.0,0.0,0
TEKHEY,0,0,0,0,0,0,0,0,0,0,0,0,0,0.0,0,0,0,0,0,0,0,0.0,0,0,0,0,0,0,0,0,0,0,0,0.0,0,0.0,0.0,0,0,0,0.0,0,0.0,0,0.0,0.0,0.0,0,0.0,0.0,0.0,0
TEKHIC,0,0,0,0,0,0,0,0,0,0,0,0,0,0.0,0,0,0,0,0,0,0,0.0,0,0,0,0,0,0,0,0,0,0,0,0.0,0,0.0,0.0,0,0,0,0.0,0,0.0,0,0.0,0.0,0.0,0,0.0,0.0,0.0,0
TEKHOI,0,0,0,0,0,0,0,0,0,0,0,0,0,0.0,0,0,0,0,0,0,0,0.0,0,0,0,0,0,0,0,0,0,0,0,0.0,0,0.0,0.0,0,0,0,0.0,0,0.0,0,0.0,0.0,0.0,0,0.0,0.0,0.0,0
TEKHUO,0,0,0,0,0,0,0,0,0,0,0,0,0,0.0,0,0,0,0,0,0,0,0.0,0,0,0,0,0,0,0,0,0,0,0,0.0,0,0.0,0.0,0,0,0,0.0,0,0.0,0,0.0,0.0,0.0,0,0.0,0.0,0.0,0
TESLUY,0,0,0,0,0,0,0,0,0,0,0,0,0,0.0,0,0,0,0,0,0,0,0.0,0,2,0,0,0,0,0,0,0,0,0,0.0,0,0.0,0.0,0,0,0,0.0,0,0.0,0,0.0,0.0,0.0,0,0.0,0.67,0.0,0
TESMAF,0,0,0,0,0,0,0,0,0,0,0,0,0,0.0,0,0,0,0,0,0,0,0.0,0,2,0,0,0,0,0,0,0,0,0,0.0,0,0.0,0.0,0,0,0,0.0,0,0.0,0,0.0,0.0,0.0,0,0.0,1.0,0.0,0
TETXAR,0,0,0,0,0,0,0,0,0,0,0,0,0,0.0,0,0,0,0,0,0,0,0.0,0,2,0,0,0,0,0,0,0,0,0,0.0,0,0.0,0.0,0,0,0,0.0,0,0.0,0,0.0,0.0,0.0,0,0.0,3.0,0.0,0
TIHTAF,0,0,0,0,0,0,0,0,0,0,0,0,0,0.0,0,0,0,0,0,0,0,0.0,0,2,0,0,0,0,0,0,0,0,0,0.0,0,0.0,0.0,0,0,0,0.0,0,0.0,0,0.0,0.0,0.0,0,0.0,0.5,0.0,0
TIHTAF01,0,0,0,0,0,0,0,0,0,0,0,0,0,0.0,0,0,0,0,0,0,0,0.0,0,2,0,0,0,0,0,0,0,0,0,0.0,0,0.0,0.0,0,0,0,0.0,0,0.0,0,0.0,0.0,0.0,0,0.0,0.5,0.0,0
TISWIC,0,0,0,0,0,0,0,0,0,0,0,0,0,0.0,0,0,0,0,0,0,0,0.0,0,0,0,0,0,0,0,0,0,0,0,0.0,0,0.0,0.0,0,0,0,0.0,0,0.0,0,0.0,0.0,0.0,0,0.0,0.5,0.0,1
TISWIC01,0,0,0,0,0,0,0,0,0,0,0,0,0,0.0,0,0,0,0,0,0,0,0.0,0,0,0,0,0,0,0,0,0,0,0,0.0,0,0.0,0.0,0,0,0,0.0,0,0.0,0,0.0,0.0,0.0,0,0.0,0.5,0.0,1
TULHEQ,0,0,0,0,0,0,0,0,0,0,0,0,0,0.0,0,0,0,0,0,0,0,0.0,0,2,0,0,0,0,0,0,0,0,0,5.5,0,0.0,0.0,0,0,0,0.0,0,0.0,0,0.0,0.0,0.0,0,0.0,0.0,0.0,0
TULHIU,0,0,0,0,0,0,0,0,0,0,0,0,0,0.0,0,0,0,0,0,0,0,0.0,0,2,0,0,0,0,0,0,0,0,0,2.42,0,0.0,0.0,0,0,0,0.0,0,0.0,0,0.0,0.0,0.0,0,0.0,1.0,0.0,0
TUNBIN,0,0,0,0,0,0,0,0,0,0,0,0,0,0.0,0,2,0,0,0,0,0,0.0,0,0,0,0,0,0,0,0,0,0,0,0.0,0,0.0,0.0,0,0,0,0.0,0,0.0,0,0.0,0.0,0.0,0,0.0,0.0,0.0,0
UCIGUJ,0,0,0,0,0,0,0,0,0,0,0,0,0,0.0,0,0,0,0,0,0,0,0.0,0,0,0,0,0,0,0,0,0,0,0,0.0,0,0.0,0.0,0,0,0,0.0,0,0.0,0,0.0,0.0,0.0,0,0.0,0.0,0.0,0
UFIPIJ,0,0,0,0,0,0,0,0,0,0,0,0,0,0.0,0,0,0,0,0,0,0,0.0,0,0,0,0,0,0,0,0,0,0,0,0.0,0,0.0,0.0,0,0,0,0.0,0,0.0,0,0.0,0.0,0.0,0,0.0,0.0,0.0,0
UFIPIJ01,0,0,0,0,0,0,0,0,0,0,0,0,0,0.0,0,0,0,0,0,0,0,0.0,0,0,0,0,0,0,0,0,0,0,0,0.0,0,0.0,0.0,0,0,0,0.0,0,0.0,0,0.0,0.0,0.0,0,0.0,0.0,0.0,0
UJEDOC,0,0,0,0,0,0,0,0,0,0,0,0,0,0.0,0,0,0,0,0,0,0,0.0,1,0,0,0,0,0,0,0,0,0,0,0.0,0,0.0,0.0,0,0,0,0.0,0,0.0,0,0.0,0.0,0.0,0,0.0,0.0,0.0,0
UJEDOC01,0,0,0,0,0,0,0,0,0,0,0,0,0,0.0,0,0,0,0,0,0,0,0.0,1,0,0,0,0,0,0,0,0,0,0,0.0,0,0.0,0.0,0,0,0,0.0,0,0.0,0,0.0,0.0,0.0,0,0.0,0.0,0.0,0
ULAHIY,0,0,0,0,0,0,0,0,0,0,0,0,0,0.0,2,0,0,0,0,0,0,0.0,0,0,0,0,0,0,0,0,0,0,0,0.0,0,0.0,0.0,0,0,0,0.0,0,0.0,0,0.0,0.0,0.0,0,0.0,0.0,0.0,0
ULODIJ,0,0,0,0,0,0,0,1,0,0,0,0,0,0.0,0,0,0,0,1,0,0,0.0,0,0,0,0,0,0,0,0,0,0,0,0.0,0,0.0,0.0,0,0,0,0.0,0,0.0,0,0.0,0.0,0.0,0,0.0,0.0,0.0,0
ULODIJ01,0,0,0,0,0,0,0,1,0,0,0,0,0,0.0,0,0,0,0,1,0,0,0.0,0,0,0,0,0,0,0,0,0,0,0,0.0,0,0.0,0.0,0,0,0,0.0,0,0.0,0,0.0,0.0,0.0,0,0.0,0.0,0.0,0
ULODUV,0,0,0,0,0,0,0,0,0,0,1,0,0,0.0,0,0,0,0,1,0,0,0.0,0,0,0,0,0,0,0,0,0,0,0,0.0,0,0.0,0.0,0,0,0,0.0,0,0.0,0,0.0,0.0,1.0,0,0.0,0.0,0.0,0
ULOFAD,0,0,0,0,0,0,0,0,0,0,0,1,0,0.0,0,0,0,0,1,0,0,0.0,0,0,0,0,0,0,0,0,0,0,0,0.0,0,0.0,0.0,0,0,0,0.0,0,0.0,0,0.0,0.0,1.0,0,0.0,0.0,0.0,0
ULOFEH,0,0,0,0,0,0,0,0,0,0,0,0,1,0.0,0,0,0,0,1,0,0,0.0,0,0,0,0,0,0,0,0,0,0,0,0.0,0,0.0,0.0,0,0,0,0.0,0,0.0,0,0.0,0.0,1.0,0,0.0,0.0,0.0,0
UZAXUQ,0,0,0,0,0,0,0,0,0,0,0,0,0,0.0,0,0,0,0,0,0,0,0.0,0,0,0,0,0,0,0,0,0,0,0,0.0,0,0.0,0.0,0,0,0,0.0,0,0.0,0,0.0,0.0,0.0,0,0.0,0.0,0.0,0
UZELAN,0,0,0,0,0,0,0,0,0,0,0,0,0,0.0,0,0,0,0,0,0,0,0.0,0,0,0,0,0,0,0,0,0,0,0,0.0,0,0.0,0.0,0,0,0,0.0,0,0.0,0,0.0,0.0,0.0,0,0.0,0.0,0.0,0
VASYOF,0,0,0,0,0,0,0,0,0,0,0,0,0,0.0,0,0,0,0,0,0,0,0.0,0,0,0,0,0,0,0,0,0,0,0,0.0,0,0.0,0.0,0,0,0,0.0,0,0.0,0,0.0,0.0,0.0,0,0.0,0.0,0.0,0
VASYUL,0,0,0,0,0,0,0,0,0,0,0,0,0,0.0,0,0,0,0,0,0,0,0.0,0,0,0,0,0,0,0,0,0,0,0,0.0,0,0.0,0.0,0,0,0,0.0,0,0.0,0,0.0,0.0,0.0,0,0.0,0.0,0.0,0
VASYUL01,0,0,0,0,0,0,0,0,0,0,0,0,0,0.0,0,0,0,0,0,0,0,0.0,0,0,0,0,0,0,0,0,0,0,0,0.0,0,0.0,0.0,0,0,0,0.0,0,0.0,0,0.0,0.0,0.0,0,0.0,0.0,0.0,0
VASZEW,0,0,0,0,0,0,0,0,0,0,0,0,0,0.0,0,0,0,0,0,0,0,0.0,0,0,0,0,0,0,0,0,0,0,0,0.0,0,0.0,0.0,0,0,0,0.0,0,0.0,0,0.0,0.0,0.0,0,0.0,0.0,0.0,0
VASZEW01,0,0,0,0,0,0,0,0,0,0,0,0,0,0.0,0,0,0,0,0,0,0,0.0,0,0,0,0,0,0,0,0,0,0,0,0.0,0,0.0,0.0,0,0,0,0.0,0,0.0,0,0.0,0.0,0.0,0,0.0,0.0,0.0,0
VEVQOE,0,0,0,0,0,0,0,0,0,0,0,0,0,0.0,0,0,2,0,0,0,0,0.0,0,0,0,0,0,0,0,0,0,0,0,0.0,0,0.0,0.0,0,0,0,0.0,0,0.0,0,1.0,2.0,0.0,0,0.0,0.0,0.0,0
VEWVEY,0,0,0,0,0,0,0,0,0,0,0,0,0,0.0,0,0,0,0,0,0,0,0.0,0,2,0,0,0,0,0,0,0,0,0,0.0,0,0.0,0.0,0,0,0,0.0,0,0.0,0,0.0,0.0,0.0,0,0.5,0.0,0.0,0
VEYTEY,0,0,0,0,0,0,0,0,0,0,0,0,0,0.0,0,0,0,0,0,0,0,0.0,0,2,0,0,0,0,0,0,0,0,0,0.0,0,0.0,0.0,0,0,0,0.0,0,0.0,0,0.0,0.0,0.0,0,0.0,1.0,0.0,0
VEYTIC,0,0,0,0,0,0,0,0,0,0,0,0,0,0.0,0,0,0,0,0,2,0,0.0,0,0,0,0,0,0,0,0,0,0,0,0.0,0,0.0,0.0,0,0,0,0.0,0,0.0,0,0.0,0.0,1.0,0,0.0,4.33,0.0,0
VIFNAC,0,0,0,0,0,0,0,0,0,0,0,0,0,0.0,0,2,0,0,0,0,0,0.0,0,0,0,0,0,0,0,0,0,0,0,0.0,0,0.0,0.0,0,0,0,0.0,0,0.0,0,0.0,0.0,0.0,0,0.0,0.0,0.0,0
VIFNAC01,0,0,0,0,0,0,0,0,0,0,0,0,0,0.0,0,2,0,0,0,0,0,0.0,0,0,0,0,0,0,0,0,0,0,0,0.0,0,0.0,0.0,0,0,0,0.0,0,0.0,0,0.0,0.0,0.0,0,0.0,0.0,0.0,0
VILZAT,0,0,0,0,0,0,0,0,0,0,0,0,0,0.0,0,2,0,0,0,0,0,0.0,0,0,0,0,0,0,0,0,0,0,0,0.0,0,0.0,0.0,0,0,0,0.0,0,0.0,0,0.0,0.0,0.0,0,0.0,0.0,0.0,0
VILZEX,0,0,0,0,0,0,0,0,0,0,0,0,0,0.0,0,2,0,0,0,0,0,0.0,0,0,0,0,0,0,0,0,0,0,0,0.0,0,0.0,0.0,0,0,0,0.0,0,0.0,0,0.0,0.0,0.0,0,0.0,0.0,0.0,0
VILZOH,0,0,0,0,0,0,0,0,0,0,0,0,0,0.0,0,0,0,0,0,0,0,0.0,0,2,0,0,0,0,0,0,0,0,0,0.0,0,0.0,0.0,0,0,0,0.0,0,0.0,0,0.0,0.0,0.0,0,0.0,0.0,0.0,0
VIMBAW,0,0,0,0,0,0,0,0,0,0,2,0,0,0.0,0,0,0,0,0,0,0,0.0,0,0,0,0,0,0,0,0,0,0,0,0.0,0,0.0,0.0,0,0,0,0.0,0,0.0,0,0.0,0.0,0.0,0,0.0,0.0,0.0,0
VISCAD,0,0,0,0,0,0,0,0,0,0,0,0,0,0.0,0,0,0,0,0,0,0,0.0,0,2,0,0,0,0,0,0,0,0,0,2.0,0,0.0,0.0,0,0,0,0.0,0,0.0,0,0.0,0.0,0.0,0,0.0,1.0,0.0,0
VOJPAM,0,0,0,0,0,0,0,0,0,0,0,0,0,0.0,0,2,0,0,0,0,0,0.0,0,0,0,0,0,0,0,0,0,0,0,0.0,0,0.0,0.0,0,0,0,0.0,0,0.0,0,0.0,0.0,0.0,0,0.0,0.0,0.0,0
VUJRIC,0,0,0,0,0,0,0,0,0,0,0,0,0,0.0,0,0,0,0,0,0,0,0.0,0,0,0,0,0,0,0,0,0,0,0,2.0,0,0.0,0.0,0,0,0,0.0,0,0.0,0,0.0,0.0,0.0,0,0.0,0.0,0.0,0
WAHKEX,0,0,0,0,0,0,0,0,0,0,0,0,0,0.0,0,0,0,0,0,0,0,0.0,0,0,0,0,0,0,0,0,0,0,0,0.0,0,0.0,0.0,0,0,0,0.0,0,0.0,0,0.0,0.0,0.0,0,0.0,0.0,0.0,0
WAHKEX01,0,0,0,0,0,0,0,0,0,0,0,0,0,0.0,0,0,0,0,0,0,0,0.0,0,0,0,0,0,0,0,0,0,0,0,0.0,0,0.0,0.0,0,0,0,0.0,0,0.0,0,0.0,0.0,0.0,0,0.0,0.0,0.0,0
WATJEJ,0,0,0,0,0,0,0,0,0,0,0,0,0,0.0,0,0,0,0,0,0,0,0.0,0,0,0,0,0,0,0,0,0,0,0,0.0,0,0.0,0.0,0,0,0,0.0,0,0.0,0,0.0,0.0,0.0,0,0.0,0.0,0.0,0
WATJEJ01,0,0,0,0,0,0,0,0,0,0,0,0,0,0.0,0,0,0,0,0,0,0,0.0,0,0,0,0,0,0,0,0,0,0,0,0.0,0,0.0,0.0,0,0,0,0.0,0,0.0,0,0.0,0.0,0.0,0,0.0,0.0,0.0,0
WEKJED,0,0,0,0,0,0,0,0,0,0,0,0,0,0.0,0,0,0,0,0,0,0,0.0,0,2,0,0,0,0,0,0,0,0,0,0.0,0,0.0,0.0,0,0,0,0.0,0,0.0,0,0.0,0.0,0.0,0,0.0,0.0,0.0,0
WEKJIH,0,0,0,0,0,0,0,0,0,0,0,0,0,0.0,0,0,0,0,0,0,0,0.0,0,2,0,0,0,0,0,0,0,0,0,0.0,0,0.0,0.0,0,0,0,0.0,0,0.0,0,0.0,0.0,0.0,0,0.0,0.0,0.0,0
WIDGEW,0,0,0,0,0,0,0,0,0,0,0,0,0,0.0,0,0,0,0,0,0,0,0.0,0,0,0,0,0,0,0,0,0,0,0,0.0,0,0.0,0.0,0,0,0,0.0,0,0.0,0,0.0,0.0,0.0,0,0.0,0.0,0.0,0
WIDGIA,0,0,0,0,0,0,0,0,0,0,0,0,0,0.0,0,0,0,0,0,0,0,0.0,0,0,0,0,0,0,0,0,0,0,0,0.0,0,0.0,0.0,0,0,0,0.0,0,0.0,0,0.0,0.0,0.5,0,0.0,0.0,0.0,0
WIDGOG,0,0,0,0,0,0,0,0,0,0,0,0,0,0.0,0,0,0,0,0,0,0,0.0,0,0,0,0,0,0,0,0,0,0,0,0.0,0,0.0,0.0,0,0,0,0.0,0,0.0,0,0.0,0.0,0.0,0,0.0,0.0,0.0,0
WIFZUG,0,0,0,0,0,0,0,0,0,0,0,0,0,0.0,0,0,0,0,0,0,0,0.0,0,0,0,0,0,0,0,0,0,0,0,0.0,0,0.0,0.0,0,0,0,0.0,0,0.0,0,0.0,0.0,0.0,0,0.0,0.0,0.0,0
WIGBAP,0,0,0,0,0,0,0,0,0,0,0,0,0,0.0,0,0,0,0,0,0,0,0.0,0,0,0,0,0,0,0,0,0,0,0,0.0,0,0.0,0.0,0,0,0,0.0,0,0.0,0,0.0,0.0,0.0,0,0.0,0.0,0.0,0
XADFEN,0,0,0,0,0,0,0,2,0,0,0,0,0,0.0,0,0,0,0,0,0,0,0.0,0,0,0,0,0,0,0,0,0,0,0,0.0,0,1.0,0.0,0,0,0,0.0,0,0.0,0,0.0,0.0,0.0,0,0.0,0.0,0.0,0
XAMNII,0,0,0,0,0,0,0,0,0,0,0,0,0,0.0,2,0,0,0,0,0,0,0.0,0,0,0,0,0,0,0,0,0,0,0,0.0,0,0.0,0.0,0,0,0,0.0,0,0.0,0,0.0,0.0,0.0,0,0.0,0.0,0.0,0
XAMNII01,0,0,0,0,0,0,0,0,0,0,0,0,0,0.0,2,0,0,0,0,0,0,0.0,0,0,0,0,0,0,0,0,0,0,0,0.0,0,0.0,0.0,0,0,0,0.0,0,0.0,0,0.0,0.0,0.0,0,0.0,0.0,0.0,0
XECMIB01,0,0,0,0,0,0,0,0,0,0,0,0,0,0.0,0,0,0,0,0,0,0,0.0,0,0,0,0,0,0,0,0,0,0,0,0.0,0,0.0,0.0,0,0,0,0.0,0,0.0,0,0.0,0.0,1.0,0,0.0,0.0,0.0,0
XECMIB02,0,0,0,0,0,0,0,0,0,0,0,0,0,0.0,0,0,0,0,0,0,0,0.0,0,0,0,0,0,0,0,0,0,0,0,0.0,0,0.0,0.0,0,0,0,0.0,0,0.0,0,0.0,0.0,1.0,0,0.0,0.0,0.0,0
XECNAU,0,0,0,0,0,0,0,0,0,0,0,0,0,0.0,0,0,0,0,0,0,0,0.0,0,0,0,0,0,0,0,0,0,0,0,0.0,0,0.0,0.0,0,0,0,0.0,0,0.0,0,0.0,0.0,0.0,0,0.0,0.0,0.0,0
XECNAU01,0,0,0,0,0,0,0,0,0,0,0,0,0,0.0,0,0,0,0,0,0,0,0.0,0,0,0,0,0,0,0,0,0,0,0,0.0,0,0.0,0.0,0,0,0,0.0,0,0.0,0,0.0,0.0,0.0,0,0.0,0.0,0.0,0
XEFDER02,0,0,0,0,0,0,0,0,0,0,0,0,0,0.0,0,2,0,0,0,0,0,0.0,0,0,0,0,0,0,0,0,0,0,0,0.0,0,0.0,0.0,0,0,0,0.0,0,0.0,0,0.0,0.0,0.0,0,0.0,0.0,0.0,0
XEFDER06,0,0,0,0,0,0,0,0,0,0,0,0,0,0.0,0,2,0,0,0,0,0,0.0,0,0,0,0,0,0,0,0,0,0,0,0.0,0,0.0,0.0,0,0,0,0.0,0,0.0,0,0.0,0.0,0.0,0,0.0,0.0,0.0,0
XENBEX06,0,0,0,0,0,0,0,0,0,0,0,0,0,0.0,0,2,0,0,0,0,0,0.0,0,0,0,0,0,0,0,0,0,0,0,0.0,0,0.0,0.0,0,0,0,0.0,0,0.0,0,0.0,0.0,0.0,0,0.0,0.0,0.0,0
XENBEX07,0,0,0,0,0,0,0,0,0,0,0,0,0,0.0,0,2,0,0,0,0,0,0.0,0,0,0,0,0,0,0,0,0,0,0,0.0,0,0.0,0.0,0,0,0,0.0,0,0.0,0,0.0,0.0,0.0,0,0.0,0.0,0.0,0
XEVYUS,0,0,0,0,0,0,0,0,0,0,0,0,0,0.0,0,2,0,0,0,0,0,0.0,0,0,0,0,0,0,0,0,0,0,0,0.0,0,0.0,0.0,0,0,0,0.0,0,0.0,0,0.0,0.0,0.0,0,0.0,0.0,0.0,0
XOCFIF,0,0,0,0,0,0,0,0,0,0,0,0,0,0.0,0,0,0,0,0,0,0,0.0,0,2,0,0,0,0,0,0,0,0,3,0.0,0,0.0,0.0,0,0,0,0.0,0,0.0,0,0.0,0.0,0.0,0,0.0,0.0,0.0,0
XODCEB,0,0,0,0,0,0,0,0,0,0,0,0,0,0.0,0,0,0,0,0,0,0,0.0,0,0,0,0,0,0,0,0,0,0,0,0.0,0,0.0,0.0,0,0,0,0.0,0,0.0,0,0.0,0.0,0.0,0,0.0,0.0,0.0,0
XUGGEO,0,0,0,0,0,0,0,0,0,0,0,0,0,0.0,0,0,0,0,0,0,0,0.0,0,0,0,0,0,0,0,0,0,0,0,0.0,0,0.0,0.0,0,0,0,0.0,0,0.0,0,0.0,0.0,0.0,0,0.0,0.0,0.0,0
XUGGEO01,0,0,0,0,0,0,0,0,0,0,0,0,0,0.0,0,0,0,0,0,0,0,0.0,0,0,0,0,0,0,0,0,0,0,0,0.0,0,0.0,0.0,0,0,0,0.0,0,0.0,0,0.0,0.0,0.0,0,0.0,0.0,0.0,0
XUGGEO02,0,0,0,0,0,0,0,0,0,0,0,0,0,0.0,0,0,0,0,0,0,0,0.0,0,0,0,0,0,0,0,0,0,0,0,0.0,0,0.0,0.0,0,0,0,0.0,0,0.0,0,0.0,0.0,0.0,0,0.0,0.0,0.0,0
XUGGEO03,0,0,0,0,0,0,0,0,0,0,0,0,0,0.0,0,0,0,0,0,0,0,0.0,0,0,0,0,0,0,0,0,0,0,0,0.0,0,0.0,0.0,0,0,0,0.0,0,0.0,0,0.0,0.0,0.0,0,0.0,0.0,0.0,0
XUGGIS,0,0,0,0,0,0,0,0,0,0,0,0,0,0.0,0,0,0,0,0,0,0,0.0,0,0,0,0,0,0,0,0,0,0,0,0.0,0,0.0,0.0,0,0,0,0.0,0,0.0,0,0.0,0.0,0.0,0,0.0,0.0,0.0,0
XUGGIS01,0,0,0,0,0,0,0,0,0,0,0,0,0,0.0,0,0,0,0,0,0,0,0.0,0,0,0,0,0,0,0,0,0,0,0,0.0,0,0.0,0.0,0,0,0,0.0,0,0.0,0,0.0,0.0,0.0,0,0.0,0.0,0.0,0
XUGGIS02,0,0,0,0,0,0,0,0,0,0,0,0,0,0.0,0,0,0,0,0,0,0,0.0,0,0,0,0,0,0,0,0,0,0,0,0.0,0,0.0,0.0,0,0,0,0.0,0,0.0,0,0.0,0.0,0.0,0,0.0,0.0,0.0,0
XUGGUE,0,0,0,0,0,0,0,0,0,0,0,0,0,0.0,0,0,0,0,0,0,0,0.0,0,0,0,0,0,0,0,0,0,0,0,0.0,0,0.0,0.0,0,0,0,0.0,0,0.0,0,0.0,0.0,0.0,0,0.0,0.0,0.0,0
XUGHAL,0,0,0,0,0,0,0,0,0,0,0,0,0,0.0,0,0,0,0,0,0,0,0.0,0,0,0,0,0,0,0,0,0,0,0,0.0,0,0.0,0.0,0,0,0,0.0,0,0.0,0,0.0,0.0,0.0,0,0.0,0.0,0.0,0
YAGYIP,0,0,0,0,0,0,0,0,0,0,0,0,0,0.0,0,2,0,0,0,0,0,0.0,0,0,0,0,0,0,0,0,0,0,0,0.0,0,0.0,0.0,0,0,0,0.0,0,0.0,0,0.0,0.0,0.0,0,0.0,0.0,0.0,0
YAGYIP01,0,0,0,0,0,0,0,0,0,0,0,0,0,0.0,0,2,0,0,0,0,0,0.0,0,0,0,0,0,0,0,0,0,0,0,0.0,0,0.0,0.0,0,0,0,0.0,0,0.0,0,0.0,0.0,0.0,0,0.0,0.0,0.0,0
YAGYUB,0,0,0,0,0,0,0,0,0,0,0,0,0,0.0,0,2,0,0,0,0,0,0.0,0,0,0,0,0,0,0,0,0,0,0,0.0,0,0.0,0.0,0,0,0,0.0,0,0.0,0,0.0,0.0,0.0,0,0.0,0.0,0.0,0
YAGYUB01,0,0,0,0,0,0,0,0,0,0,0,0,0,0.0,0,2,0,0,0,0,0,0.0,0,0,0,0,0,0,0,0,0,0,0,0.0,0,0.0,0.0,0,0,0,0.0,0,0.0,0,0.0,0.0,0.0,0,0.0,0.0,0.0,0
YAMXAL,0,0,0,0,0,0,0,0,0,0,0,0,0,0.0,0,0,0,0,0,0,0,0.0,0,2,0,0,0,0,0,0,0,0,0,0.0,0,0.0,0.0,0,0,0,0.0,0,0.0,0,0.0,0.0,1.0,0,0.0,1.0,0.0,0
YECMAW,0,0,0,0,0,0,0,0,0,0,0,0,0,0.0,0,0,0,0,0,0,0,0.0,0,2,0,0,0,0,0,0,0,0,0,0.0,0,0.0,1.0,0,0,0,0.0,0,0.0,0,0.0,0.0,0.0,0,0.0,0.0,0.0,0
YELWOC,0,0,0,0,0,0,0,0,0,0,1,0,0,0.0,0,0,0,0,0,1,0,0.0,0,0,0,0,0,0,0,0,0,0,0,0.0,0,0.0,0.0,0,0,0,0.0,0,0.0,0,0.0,0.0,0.0,0,0.0,0.0,0.0,0
YELWOC01,0,0,0,0,0,0,0,0,0,0,1,0,0,0.0,0,0,0,0,0,1,0,0.0,0,0,0,0,0,0,0,0,0,0,0,0.0,0,0.0,0.0,0,0,0,0.0,0,0.0,0,0.0,0.0,0.0,0,0.0,0.0,0.0,0
YELWUI,0,0,0,0,0,0,0,0,0,0,0,1,0,0.0,0,0,0,0,0,1,0,0.0,0,0,0,0,0,0,0,0,0,0,0,0.0,0,0.0,0.0,0,0,0,0.0,0,0.0,0,0.0,0.0,0.0,0,0.0,0.0,0.0,0
YELWUI02,0,0,0,0,0,0,0,0,0,0,0,1,0,0.0,0,0,0,0,0,1,0,0.0,0,0,0,0,0,0,0,0,0,0,0,0.0,0,0.0,0.0,0,0,0,0.0,0,0.0,0,0.0,0.0,0.0,0,0.0,0.0,0.0,0
YELXAP,0,0,0,0,0,0,0,1,0,0,0,0,0,0.0,0,0,0,0,0,1,0,0.0,0,0,0,0,0,0,0,0,0,0,0,0.0,0,0.0,0.0,0,0,0,0.0,0,0.0,0,0.0,0.0,0.0,0,0.0,0.0,0.0,0
YELXET,0,0,0,0,0,0,0,0,0,0,0,0,1,0.0,0,0,0,0,0,1,0,0.0,0,0,0,0,0,0,0,0,0,0,0,0.0,0,0.0,0.0,0,0,0,0.0,0,0.0,0,0.0,0.0,0.0,0,0.0,0.0,0.0,0
YELXET01,0,0,0,0,0,0,0,0,0,0,0,0,1,0.0,0,0,0,0,0,1,0,0.0,0,0,0,0,0,0,0,0,0,0,0,0.0,0,0.0,0.0,0,0,0,0.0,0,0.0,0,0.0,0.0,0.0,0,0.0,0.0,0.0,0
YEQKIR,0,0,0,0,0,0,0,0,0,0,0,0,0,0.0,0,2,0,0,0,0,0,0.0,0,0,0,0,0,0,0,0,0,0,0,0.0,0,0.0,0.0,0,0,0,0.0,0,0.0,0,0.0,0.0,0.0,0,0.0,0.0,0.0,0
YIMYEZ,0,0,0,0,0,0,0,0,0,0,0,0,0,0.0,0,2,0,0,0,0,0,0.0,0,0,0,0,0,0,0,0,0,0,0,0.0,0,0.0,0.0,0,0,0,0.0,0,0.0,0,0.0,0.0,0.0,0,0.0,0.0,0.0,0
YIMYEZ01,0,0,0,0,0,0,0,0,0,0,0,0,0,0.0,0,2,0,0,0,0,0,0.0,0,0,0,0,0,0,0,0,0,0,0,0.0,0,0.0,0.0,0,0,0,0.0,0,0.0,0,0.0,0.0,0.0,0,0.0,0.0,0.0,0
YIMYEZ02,0,0,0,0,0,0,0,0,0,0,0,0,0,0.0,0,2,0,0,0,0,0,0.0,0,0,0,0,0,0,0,0,0,0,0,0.0,0,0.0,0.0,0,0,0,0.0,0,0.0,0,0.0,0.0,0.0,0,0.0,0.0,0.0,0
YIMYID02,0,0,0,0,0,0,0,0,0,0,0,0,0,0.0,0,2,0,0,0,0,0,0.0,0,0,0,0,0,0,0,0,0,0,0,0.0,0,1.5,0.0,0,0,0,0.0,0,0.0,0,0.0,0.0,0.0,0,0.0,0.0,0.0,0
YIMYID04,0,0,0,0,0,0,0,0,0,0,0,0,0,0.0,0,2,0,0,0,0,0,0.0,0,0,0,0,0,0,0,0,0,0,0,0.0,0,1.5,0.0,0,0,0,0.0,0,0.0,0,0.0,0.0,0.0,0,0.0,0.0,0.0,0
YIMYOJ,0,0,0,0,0,0,0,0,0,0,0,0,0,0.0,0,2,0,0,0,0,0,0.0,0,0,0,0,0,0,0,0,0,0,0,0.0,0,2.0,0.0,0,0,0,0.0,0,0.0,0,0.0,0.0,0.0,0,0.0,0.0,0.0,0
YIVSEB,0,0,0,0,0,0,0,0,0,0,0,0,0,0.0,0,2,0,0,0,0,0,0.0,0,0,0,0,0,0,0,0,0,0,0,0.0,0,0.0,0.0,0,0,0,0.0,0,0.0,0,0.0,0.0,0.0,0,0.0,0.0,0.0,0
YUJBUB,0,0,0,0,0,0,0,0,0,0,0,0,0,0.0,0,2,0,0,0,0,0,0.0,0,0,0,0,0,0,0,0,0,0,0,0.0,0,0.0,0.0,0,0,0,0.0,0,0.0,0,0.0,0.0,0.0,0,0.0,0.0,0.0,0
YUJBUB01,0,0,0,0,0,0,0,0,0,0,0,0,0,0.0,0,2,0,0,0,0,0,0.0,0,0,0,0,0,0,0,0,0,0,0,0.0,0,0.0,0.0,0,0,0,0.0,0,0.0,0,0.0,0.0,0.0,0,0.0,0.0,0.0,0
YUYHOR,0,0,0,0,0,0,0,0,0,0,0,0,0,0.0,0,0,0,0,0,0,0,0.0,0,0,0,0,0,0,0,0,0,0,0,0.0,0,0.0,0.0,0,0,0,0.0,0,0.0,0,0.0,0.0,0.0,0,0.0,0.0,0.0,0
YUYHOR01,0,0,0,0,0,0,0,0,0,0,0,0,0,0.0,0,0,0,0,0,0,0,0.0,0,0,0,0,0,0,0,0,0,0,0,0.0,0,0.0,0.0,0,0,0,0.0,0,0.0,0,0.0,0.0,0.0,0,0.0,0.0,0.0,0
YUZTIX,0,0,0,0,0,0,0,0,0,0,0,0,0,0.0,0,0,0,0,0,0,0,0.0,0,2,0,0,0,0,0,0,0,0,0,0.0,0,0.0,0.0,0,0,0,0.0,0,0.0,0,0.0,0.0,0.0,0,0.0,0.0,0.0,0
YUZTOD,0,0,0,0,0,0,0,0,0,0,0,0,0,0.0,0,2,0,0,0,0,0,0.0,0,0,0,0,0,0,0,0,0,0,0,0.0,0,0.0,0.0,0,0,0,0.0,0,0.0,0,0.0,0.0,0.0,0,0.0,0.0,0.0,0
YUZTUJ,0,0,0,0,0,0,0,0,0,0,0,0,0,0.0,0,3,0,0,0,0,0,0.0,0,0,0,0,0,0,0,0,0,0,0,0.0,0,1.0,0.0,0,0,0,0.0,0,0.0,0,0.0,0.0,0.0,0,0.0,1.0,0.0,0
ZEQMEP02,0,0,0,0,0,0,0,0,0,0,0,0,0,0.0,0,0,0,0,0,0,0,0.0,0,2,0,0,0,0,0,0,0,0,0,0.0,0,0.0,0.0,0,0,0,0.0,0,0.0,0,0.0,0.0,0.0,0,0.0,0.0,0.0,0
ZIKKUC,0,0,0,0,0,0,0,0,0,0,0,0,0,0.0,0,0,0,0,0,0,0,0.0,0,2,0,0,0,0,0,0,0,0,0,0.0,0,0.0,1.0,0,0,0,0.0,0,0.0,0,0.0,0.0,0.0,0,0.0,0.0,0.0,0
ZIKKUC04,0,0,0,0,0,0,0,0,0,0,0,0,0,0.0,0,0,0,0,0,0,0,0.0,0,2,0,0,0,0,0,0,0,0,0,0.0,0,0.0,1.0,0,0,0,0.0,0,0.0,0,0.0,0.0,0.0,0,0.0,0.0,0.0,0
ZIKMAK05,0,0,0,0,0,0,0,0,0,0,0,0,0,0.0,0,0,0,0,0,0,0,0.0,0,2,0,0,0,0,0,0,0,0,0,0.0,0,0.0,0.0,0,0,0,0.0,0,0.0,0,0.0,0.0,0.0,0,0.0,0.0,0.0,0
ZIKMAK09,0,0,0,0,0,0,0,0,0,0,0,0,0,0.0,0,0,0,0,0,0,0,0.0,0,2,0,0,0,0,0,0,0,0,0,0.0,0,0.0,0.0,0,0,0,0.0,0,0.0,0,0.0,0.0,0.0,0,0.0,0.0,0.0,0
ZIMMAJ,0,0,0,0,1,0,0,0,0,0,0,0,0,0.0,0,0,0,0,0,0,0,0.0,0,0,0,0,0,0,0,0,0,0,0,0.0,0,0.0,0.0,0,0,0,0.0,0,0.0,0,0.0,0.0,0.0,0,0.0,0.0,0.0,0
ZOKBOQ,0,0,0,0,0,0,0,0,0,0,0,0,0,0.0,0,0,0,0,0,0,2,0.0,0,0,0,0,0,0,0,0,0,0,0,0.0,0,0.0,0.0,0,0,0,0.0,0,0.0,0,0.0,0.0,0.0,0,0.0,0.0,0.0,0
ZOYKUV,0,0,0,0,0,0,0,0,0,0,0,0,0,0.0,0,0,0,0,0,0,0,0.0,0,0,0,0,0,0,0,0,0,0,0,0.0,0,0.0,0.0,0,0,0,0.0,0,0.0,0,0.0,0.0,0.0,0,0.0,0.0,0.0,0
ZOYKUV01,0,0,0,0,0,0,0,0,0,0,0,0,0,0.0,0,0,0,0,0,0,0,0.0,0,0,0,0,0,0,0,0,0,0,0,0.0,0,0.0,0.0,0,0,0,0.0,0,0.0,0,0.0,0.0,0.0,0,0.0,0.0,0.0,0
ZUBNAO,0,0,0,0,0,0,0,0,0,0,0,0,0,0.0,0,0,0,0,0,0,0,0.0,0,0,0,0,0,0,0,0,0,0,0,0.0,0,0.0,0.0,0,0,0,0.0,0,0.0,0,0.0,0.0,0.0,0,0.0,2.0,0.0,0
ZUBNAO01,0,0,0,0,0,0,0,0,0,0,0,0,0,0.0,0,0,0,0,0,0,0,0.0,0,0,0,0,0,0,0,0,0,0,0,0.0,0,0.0,0.0,0,0,0,0.0,0,0.0,0,0.0,0.0,0.0,0,0.0,2.0,0.0,0
ZUBNES,0,0,0,0,0,0,0,0,0,0,0,0,0,0.0,0,0,0,0,0,0,0,0.0,0,0,0,0,0,0,0,0,0,0,0,0.0,0,0.0,0.0,0,0,0,0.0,0,0.0,0,0.0,0.0,3.0,0,0.0,0.0,0.0,0
ZUBNIW01,0,0,0,0,0,0,0,0,0,0,0,0,0,0.0,0,0,0,0,0,0,0,0.0,0,0,0,0,0,0,0,0,0,0,0,0.0,0,0.0,0.0,0,0,0,0.0,0,0.0,0,0.0,0.0,3.0,0,0.0,0.0,0.0,0
ZUBNOC,0,0,0,0,0,0,0,0,0,0,0,0,0,0.0,0,0,0,0,0,0,0,0.0,0,0,0,0,0,0,0,0,0,0,0,0.0,0,0.0,0.0,0,0,0,0.0,0,0.0,0,0.0,0.0,0.0,0,0.0,0.0,0.0,0
ZUCROE,0,0,0,0,0,0,0,0,0,0,0,0,0,0.0,0,0,0,0,0,0,0,0.0,0,0,0,0,0,0,0,0,0,0,0,0.0,0,0.0,0.0,0,0,0,0.0,0,0.0,0,0.0,0.0,0.0,0,0.0,0.0,0.0,0
ZUCROE01,0,0,0,0,0,0,0,0,0,0,0,0,0,0.0,0,0,0,0,0,0,0,0.0,0,0,0,0,0,0,0,0,0,0,0,0.0,0,0.0,0.0,0,0,0,0.0,0,0.0,0,0.0,0.0,0.0,0,0.0,0.0,0.0,0
