ccdc_id,smi,rename_id,Spin-state behaviour,Spin-state of crystal structure
ABISOV,c1cc[n+]2c(c1)C[N+]34[Fe]2([n+]5ccccc5C3)([n+]6ccccc6C4)(N=C=S)N=C=S,comp_1,spin-crossover,high-spin
ABISOV02,c1cc[n+]2c(c1)C[N+]34[Fe]2([n+]5ccccc5C3)([n+]6ccccc6C4)(N=C=S)N=C=S,comp_1,spin-crossover,low-spin
ABITEM,c1cc[n+]2c(c1)C[N+]34[Fe]2([n+]5ccccc5C3)([n+]6ccccc6C4)(N=C=S)N=C=S,comp_1,spin-crossover,high-spin
ABITEM01,c1cc[n+]2c(c1)C[N+]34[Fe]2([n+]5ccccc5C3)([n+]6ccccc6C4)(N=C=S)N=C=S,comp_1,spin-crossover,low-spin
ABITUC01,c1cc[n+]2c(c1)C[N+]34[Fe]2([n+]5ccccc5C3)([n+]6ccccc6C4)(N=C=S)N=C=S,comp_1,spin-crossover,high-spin
ABITUC,c1cc[n+]2c(c1)C[N+]34[Fe]2([n+]5ccccc5C3)([n+]6ccccc6C4)(N=C=S)N=C=S,comp_1,spin-crossover,low-spin
ABIVAK,c1cc[n+]2c(c1)C[N+]34[Fe]2([n+]5ccccc5C3)([n+]6ccccc6C4)(N=C=S)N=C=S,comp_1,spin-crossover,high-spin
ABIVAK01,c1cc[n+]2c(c1)C[N+]34[Fe]2([n+]5ccccc5C3)([n+]6ccccc6C4)(N=C=S)N=C=S,comp_1,spin-crossover,low-spin
EBOTOG,c1cc[n+]2c(c1)C[N+]34[Fe]2([n+]5ccccc5C3)([n+]6ccccc6C4)(N=C=S)N=C=S,comp_1,spin-crossover,high-spin
EBOTOG01,c1cc[n+]2c(c1)C[N+]34[Fe]2([n+]5ccccc5C3)([n+]6ccccc6C4)(N=C=S)N=C=S,comp_1,spin-crossover,low-spin
EBOVAU,c1cc[n+]2c(c1)C[N+]34[Fe]2([n+]5ccccc5C3)([n+]6ccccc6C4)(N=C=S)N=C=S,comp_1,high-spin,high-spin
LUWSUS01,c1cc[n+]2c(c1)C[N+]34[Fe]2([n+]5ccccc5C3)([n+]6ccccc6C4)(N=C=S)N=C=S,comp_1,spin-crossover,high-spin
LUWSUS,c1cc[n+]2c(c1)C[N+]34[Fe]2([n+]5ccccc5C3)([n+]6ccccc6C4)(N=C=S)N=C=S,comp_1,spin-crossover,mixture
LUWSUS03,c1cc[n+]2c(c1)C[N+]34[Fe]2([n+]5ccccc5C3)([n+]6ccccc6C4)(N=C=S)N=C=S,comp_1,spin-crossover,high-spin
LUWSUS02,c1cc[n+]2c(c1)C[N+]34[Fe]2([n+]5ccccc5C3)([n+]6ccccc6C4)(N=C=S)N=C=S,comp_1,spin-crossover,mixture
LUWSUS06,c1cc[n+]2c(c1)C[N+]34[Fe]2([n+]5ccccc5C3)([n+]6ccccc6C4)(N=C=S)N=C=S,comp_1,spin-crossover,high-spin
LUWSUS05,c1cc[n+]2c(c1)C[N+]34[Fe]2([n+]5ccccc5C3)([n+]6ccccc6C4)(N=C=S)N=C=S,comp_1,spin-crossover,mixture
LUWSUS04,c1cc[n+]2c(c1)C[N+]34[Fe]2([n+]5ccccc5C3)([n+]6ccccc6C4)(N=C=S)N=C=S,comp_1,spin-crossover,low-spin
LUWSUS09,c1cc[n+]2c(c1)C[N+]34[Fe]2([n+]5ccccc5C3)([n+]6ccccc6C4)(N=C=S)N=C=S,comp_1,spin-crossover,high-spin
LUWSUS07,c1cc[n+]2c(c1)C[N+]34[Fe]2([n+]5ccccc5C3)([n+]6ccccc6C4)(N=C=S)N=C=S,comp_1,spin-crossover,low-spin
LUWTED02,c1cc[n+]2c(c1)C[N+]34[Fe]2([n+]5ccccc5C3)([n+]6ccccc6C4)(N=C=S)N=C=S,comp_1,spin-crossover,high-spin
LUWTED01,c1cc[n+]2c(c1)C[N+]34[Fe]2([n+]5ccccc5C3)([n+]6ccccc6C4)(N=C=S)N=C=S,comp_1,spin-crossover,mixture
LUWTED,c1cc[n+]2c(c1)C[N+]34[Fe]2([n+]5ccccc5C3)([n+]6ccccc6C4)(N=C=S)N=C=S,comp_1,spin-crossover,low-spin
ABIWAK,Cn1c[n+]2c(n1)-c3cncc[n+]3[Fe]245([n+]6ccncc6-c7[n+]4cn(n7)C)[n+]8ccncc8-c9[n+]5cn(n9)C,comp_2,spin-crossover,low-spin
ABUFOV,Cn1c2ccccc2[n+]3c1-c4cccc-5[n+]4[Fe]367(n8c5nc9c8cccc9)n1c2ccccc2nc1-c1[n+]6c(ccc1)-c1[n+]7c2ccccc2n1C,comp_3,low-spin,low-spin
ABUGAI,CCn1c2ccccc2[n+]3c1-c4cccc-5[n+]4[Fe]367(n8c5nc9c8cccc9)n1c2ccccc2nc1-c1[n+]6c(ccc1)-c1[n+]7c2ccccc2n1CC,comp_4,low-spin,low-spin
GAPSIA,c1cc-2[n+]3c(c1)-n4ccc[n+]4[Fe]356([n+]7n2ccc7)[n+]8cccn8-c9[n+]5c(ccc9)-n1[n+]6ccc1,comp_5,high-spin,high-spin
ADIYUH,c1cc-2[n+]3c(c1)-n4ccc[n+]4[Fe]356([n+]7n2ccc7)[n+]8cccn8-c9[n+]5c(ccc9)-n1[n+]6ccc1,comp_5,high-spin,high-spin
GAPSOG,c1cc-2[n+]3c(c1)-n4ccc[n+]4[Fe]356([n+]7n2ccc7)[n+]8cccn8-c9[n+]5c(ccc9)-n1[n+]6ccc1,comp_5,high-spin,high-spin
OZOGIV,c1cc-2[n+]3c(c1)-n4ccc[n+]4[Fe]356([n+]7n2ccc7)[n+]8cccn8-c9[n+]5c(ccc9)-n1[n+]6ccc1,comp_5,high-spin,high-spin
ECELAA,c1cc-2[n+]3c(c1)-n4ccc[n+]4[Fe]356([n+]7n2ccc7)[n+]8cccn8-c9[n+]5c(ccc9)-n1[n+]6ccc1,comp_5,high-spin,high-spin
ECELEE01,c1cc-2[n+]3c(c1)-n4ccc[n+]4[Fe]356([n+]7n2ccc7)[n+]8cccn8-c9[n+]5c(ccc9)-n1[n+]6ccc1,comp_5,spin-crossover,mixture
XENBEX06,c1cc-2[n+]3c(c1)-n4ccc[n+]4[Fe]356([n+]7n2ccc7)[n+]8cccn8-c9[n+]5c(ccc9)-n1[n+]6ccc1,comp_5,spin-crossover,high-spin
XENBEX07,c1cc-2[n+]3c(c1)-n4ccc[n+]4[Fe]356([n+]7n2ccc7)[n+]8cccn8-c9[n+]5c(ccc9)-n1[n+]6ccc1,comp_5,spin-crossover,low-spin
ADIYOB,c1cc-2[n+]3c(c1)-n4ccc[n+]4[Fe]356([n+]7n2ccc7)[n+]8cccn8-c9[n+]5c(ccc9)-n1[n+]6ccc1,comp_5,spin-crossover,low-spin
LUXMOH,c1cc-2[n+]3c(c1)-n4ccc[n+]4[Fe]356([n+]7n2ccc7)[n+]8cccn8-c9[n+]5c(ccc9)-n1[n+]6ccc1,comp_5,spin-crossover,high-spin
LUXMOH01,c1cc-2[n+]3c(c1)-n4ccc[n+]4[Fe]356([n+]7n2ccc7)[n+]8cccn8-c9[n+]5c(ccc9)-n1[n+]6ccc1,comp_5,spin-crossover,low-spin
ECELII,Cc1ccn-2[n+]1[Fe]345([n+]6c(ccn6-c7[n+]3c2ccc7)C)[n+]8c(ccn8-c9[n+]4c(ccc9)-n1[n+]5c(cc1)C)C,comp_6,high-spin,high-spin
AFANEB02,Cc1ccn-2[n+]1[Fe]345([n+]6c(ccn6-c7[n+]3c2ccc7)C)[n+]8c(ccn8-c9[n+]4c(ccc9)-n1[n+]5c(cc1)C)C,comp_6,spin-crossover,high-spin
AFANEB,Cc1ccn-2[n+]1[Fe]345([n+]6c(ccn6-c7[n+]3c2ccc7)C)[n+]8c(ccn8-c9[n+]4c(ccc9)-n1[n+]5c(cc1)C)C,comp_6,spin-crossover,low-spin
AFANIF02,Cc1ccn-2[n+]1[Fe]345([n+]6c(ccn6-c7[n+]3c2ccc7)C)[n+]8c(ccn8-c9[n+]4c(ccc9)-n1[n+]5c(cc1)C)C,comp_6,spin-crossover,high-spin
AFOYUS02,c1cc[n+]2c(c1)C[N+]34[Fe]2([n+]5ccccc5C3)([n+]6ccccc6C4)(N=C=[Se])N=C=[Se],comp_7,spin-crossover,high-spin
AFOYUS,c1cc[n+]2c(c1)C[N+]34[Fe]2([n+]5ccccc5C3)([n+]6ccccc6C4)(N=C=[Se])N=C=[Se],comp_7,spin-crossover,low-spin
AFUJOD01,c1cc[n+]2c(c1)C[N+]34[Fe]2([n+]5ccccc5C3)([n+]6ccccc6C4)(N=C=[Se])N=C=[Se],comp_7,spin-crossover,high-spin
AFOYOM,c1cc[n+]2c(c1)C[N+]34[Fe]2([n+]5ccccc5C3)([n+]6ccccc6C4)(N=C=[Se])N=C=[Se],comp_7,spin-crossover,low-spin
AJAXEP,c1cc[n+]2c(c1)C(=C3SC(=C(S3)SCCC#N)SCCC#N)c4cccc[n+]4[Fe]25([n+]6ccccc6C(=C7SC(=C(S7)SCCC#N)SCCC#N)c8[n+]5cccc8)(N=C=S)N=C=S,comp_8,spin-crossover,high-spin
AKEMUY,CC(C)[N+]1=Cc2cccc[n+]2[Fe]13([n+]4ccccc4C=[N+]3C(C)C)(N=C=[Se])N=C=[Se],comp_9,spin-crossover,low-spin
AKENAF,CC(C)[N+]1=Cc2cccc[n+]2[Fe]13([n+]4ccccc4C=[N+]3C(C)C)(N=C=S)N=C=S,comp_10,spin-crossover,high-spin
AKENAF01,CC(C)[N+]1=Cc2cccc[n+]2[Fe]13([n+]4ccccc4C=[N+]3C(C)C)(N=C=S)N=C=S,comp_10,spin-crossover,low-spin
APAFEH,c1cc[n+]2c(c1)C[NH2+][Fe]234([NH2+]Cc5[n+]3cccc5)[NH2+]Cc6[n+]4cccc6,comp_11,low-spin,low-spin
APAFEM01,c1cc[n+]2c(c1)C[NH2+][Fe]234([NH2+]Cc5[n+]3cccc5)[NH2+]Cc6[n+]4cccc6,comp_11,spin-crossover,high-spin
APAFEM05,c1cc[n+]2c(c1)C[NH2+][Fe]234([NH2+]Cc5[n+]3cccc5)[NH2+]Cc6[n+]4cccc6,comp_11,spin-crossover,low-spin
FEPICC36,c1cc[n+]2c(c1)C[NH2+][Fe]234([NH2+]Cc5[n+]3cccc5)[NH2+]Cc6[n+]4cccc6,comp_11,spin-crossover,high-spin
FEPICC37,c1cc[n+]2c(c1)C[NH2+][Fe]234([NH2+]Cc5[n+]3cccc5)[NH2+]Cc6[n+]4cccc6,comp_11,spin-crossover,low-spin
IBIXEX,c1cc[n+]2c(c1)C[NH2+][Fe]234([NH2+]Cc5[n+]3cccc5)[NH2+]Cc6[n+]4cccc6,comp_11,spin-crossover,high-spin
IBIWUM,c1cc[n+]2c(c1)C[NH2+][Fe]234([NH2+]Cc5[n+]3cccc5)[NH2+]Cc6[n+]4cccc6,comp_11,high-spin,high-spin
IBIXAT10,c1cc[n+]2c(c1)C[NH2+][Fe]234([NH2+]Cc5[n+]3cccc5)[NH2+]Cc6[n+]4cccc6,comp_11,spin-crossover,high-spin
IBIXAT14,c1cc[n+]2c(c1)C[NH2+][Fe]234([NH2+]Cc5[n+]3cccc5)[NH2+]Cc6[n+]4cccc6,comp_11,spin-crossover,low-spin
IBIXIB,c1cc[n+]2c(c1)C[NH2+][Fe]234([NH2+]Cc5[n+]3cccc5)[NH2+]Cc6[n+]4cccc6,comp_11,high-spin,high-spin
DIXLUR10,c1cc[n+]2c(c1)C[NH2+][Fe]234([NH2+]Cc5[n+]3cccc5)[NH2+]Cc6[n+]4cccc6,comp_11,spin-crossover,high-spin
PUTGOC01,c1cc[n+]2c(c1)C[NH2+][Fe]234([NH2+]Cc5[n+]3cccc5)[NH2+]Cc6[n+]4cccc6,comp_11,spin-crossover,high-spin
PUTGOC,c1cc[n+]2c(c1)C[NH2+][Fe]234([NH2+]Cc5[n+]3cccc5)[NH2+]Cc6[n+]4cccc6,comp_11,spin-crossover,low-spin
PUTHAP01,c1cc[n+]2c(c1)C[NH2+][Fe]234([NH2+]Cc5[n+]3cccc5)[NH2+]Cc6[n+]4cccc6,comp_11,spin-crossover,high-spin
PUTHAP,c1cc[n+]2c(c1)C[NH2+][Fe]234([NH2+]Cc5[n+]3cccc5)[NH2+]Cc6[n+]4cccc6,comp_11,spin-crossover,low-spin
PUTHIX01,c1cc[n+]2c(c1)C[NH2+][Fe]234([NH2+]Cc5[n+]3cccc5)[NH2+]Cc6[n+]4cccc6,comp_11,spin-crossover,high-spin
PUTHIX,c1cc[n+]2c(c1)C[NH2+][Fe]234([NH2+]Cc5[n+]3cccc5)[NH2+]Cc6[n+]4cccc6,comp_11,spin-crossover,low-spin
ATAVAU,c1cc2c3c(c4ccc[n+]5c4c2[n+](c1)[Fe]56([n+]7cccc8c7c9[n+]6cccc9c1c8[nH]c(n1)c1ccsc1)(N=C=S)N=C=S)nc([nH]3)c1ccsc1,comp_12,spin-crossover,low-spin
ATAVEY01,c1cc2c3c(c4ccc[n+]5c4c2[n+](c1)[Fe]56([n+]7cccc8c7c9[n+]6cccc9c1c8[nH]c(n1)c1cccs1)(N=C=S)N=C=S)nc([nH]3)c1cccs1,comp_13,spin-crossover,high-spin
ATAVEY,c1cc2c3c(c4ccc[n+]5c4c2[n+](c1)[Fe]56([n+]7cccc8c7c9[n+]6cccc9c1c8[nH]c(n1)c1cccs1)(N=C=S)N=C=S)nc([nH]3)c1cccs1,comp_13,spin-crossover,low-spin
DUSMAH,CC1(COC2=[N+]1[Fe]345([n+]6c2cccc6C7=[N+]3C(CO7)(C)C)[n+]8c(cccc8C9=[N+]4C(CO9)(C)C)C1=[N+]5C(CO1)(C)C)C,comp_14,spin-crossover,high-spin
DUSMAH03,CC1(COC2=[N+]1[Fe]345([n+]6c2cccc6C7=[N+]3C(CO7)(C)C)[n+]8c(cccc8C9=[N+]4C(CO9)(C)C)C1=[N+]5C(CO1)(C)C)C,comp_14,spin-crossover,low-spin
DUSMUB,CC1(COC2=[N+]1[Fe]345([n+]6c2cccc6C7=[N+]3C(CO7)(C)C)[n+]8c(cccc8C9=[N+]4C(CO9)(C)C)C1=[N+]5C(CO1)(C)C)C,comp_14,high-spin,high-spin
AWUKEK01,CC1(COC2=[N+]1[Fe]345([n+]6c2cccc6C7=[N+]3C(CO7)(C)C)[n+]8c(cccc8C9=[N+]4C(CO9)(C)C)C1=[N+]5C(CO1)(C)C)C,comp_14,high-spin,high-spin
IZADEU,CC1(COC2=[N+]1[Fe]345([n+]6c2cccc6C7=[N+]3C(CO7)(C)C)[n+]8c(cccc8C9=[N+]4C(CO9)(C)C)C1=[N+]5C(CO1)(C)C)C,comp_14,spin-crossover,high-spin
IZADEU01,CC1(COC2=[N+]1[Fe]345([n+]6c2cccc6C7=[N+]3C(CO7)(C)C)[n+]8c(cccc8C9=[N+]4C(CO9)(C)C)C1=[N+]5C(CO1)(C)C)C,comp_14,spin-crossover,mixture
IZADOE,CC1(COC2=[N+]1[Fe]345([n+]6c2cccc6C7=[N+]3C(CO7)(C)C)[n+]8c(cccc8C9=[N+]4C(CO9)(C)C)C1=[N+]5C(CO1)(C)C)C,comp_14,high-spin,high-spin
IZADUK01,CC1(COC2=[N+]1[Fe]345([n+]6c2cccc6C7=[N+]3C(CO7)(C)C)[n+]8c(cccc8C9=[N+]4C(CO9)(C)C)C1=[N+]5C(CO1)(C)C)C,comp_14,spin-crossover,high-spin
IZADUK,CC1(COC2=[N+]1[Fe]345([n+]6c2cccc6C7=[N+]3C(CO7)(C)C)[n+]8c(cccc8C9=[N+]4C(CO9)(C)C)C1=[N+]5C(CO1)(C)C)C,comp_14,spin-crossover,low-spin
BAXXAB01,c1cc[n+]2c(c1)C[N@@H+]3[Fe]24([n+]5ccccc5C[N@H+]4CC3)(N=C=S)N=C=S,comp_15,spin-crossover,high-spin
BAYZEH01,c1cc[n+]2c(c1)C(=C3SC=CS3)c4cccc[n+]4[Fe]25([n+]6ccccc6C(=C7SC=CS7)c8[n+]5cccc8)(N=C=S)N=C=S,comp_16,spin-crossover,high-spin
BAYZEH,c1cc[n+]2c(c1)C(=C3SC=CS3)c4cccc[n+]4[Fe]25([n+]6ccccc6C(=C7SC=CS7)c8[n+]5cccc8)(N=C=S)N=C=S,comp_16,spin-crossover,low-spin
BOCYOK02,Cn1cc[n+]2c1C(=O)c3n(cc[n+]3[Fe]24([n+]5ccn(c5C(=O)c6[n+]4ccn6C)C)(N=C=S)N=C=S)C,comp_17,spin-crossover,high-spin
BOCYOK,Cn1cc[n+]2c1C(=O)c3n(cc[n+]3[Fe]24([n+]5ccn(c5C(=O)c6[n+]4ccn6C)C)(N=C=S)N=C=S)C,comp_17,spin-crossover,low-spin
BOCZEB03,Cn1cc[n+]2c1C(=O)c3n(cc[n+]3[Fe]24([n+]5ccn(c5C(=O)c6[n+]4ccn6C)C)(N=C=[Se])N=C=[Se])C,comp_18,spin-crossover,high-spin
BOCZEB,Cn1cc[n+]2c1C(=O)c3n(cc[n+]3[Fe]24([n+]5ccn(c5C(=O)c6[n+]4ccn6C)C)(N=C=[Se])N=C=[Se])C,comp_18,spin-crossover,low-spin
BUNSIN,c1cc[n+]2c(c1)C[N@+]34[Fe]2567[n+]8ccccc8C[N@@+]5(CCC[N@@H+]6CC3)CC[N@H+]7CCC4,comp_19,spin-crossover,high-spin
BUNSIN01,c1cc[n+]2c(c1)C[N@+]34[Fe]2567[n+]8ccccc8C[N@@+]5(CCC[N@@H+]6CC3)CC[N@H+]7CCC4,comp_19,spin-crossover,low-spin
ETUHIM,c1cc[n+]2c(c1)C[N@+]34[Fe]2567[n+]8ccccc8C[N@@+]5(CCC[N@@H+]6CC3)CC[N@H+]7CCC4,comp_19,spin-crossover,high-spin
ETUHIM02,c1cc[n+]2c(c1)C[N@+]34[Fe]2567[n+]8ccccc8C[N@@+]5(CCC[N@@H+]6CC3)CC[N@H+]7CCC4,comp_19,spin-crossover,low-spin
ETUJEK,c1cc[n+]2c(c1)C[N@+]34[Fe]2567[n+]8ccccc8C[N@@+]5(CCC[N@@H+]6CC3)CC[N@H+]7CCC4,comp_19,spin-crossover,high-spin
CATWUS,c1cc2c-3[n+](c1)[Fe]45([n+]6c3c(ccc6)C2=O)([n+]7cccc8c7-c9[n+]4cccc9C8=O)[n+]1cccc2c1-c1[n+]5cccc1C2=O,comp_20,high-spin,high-spin
CECVUD,c1ccc2c(c1)ccc3[n+]2[Fe]45([n+]6ccccc6C[N+]4(C3)Cc7[n+]5cccc7)(N=C=S)N=C=S,comp_21,high-spin,high-spin
CERDEJ01,[B-]12(n3ccc([n+]3[Fe]45([n+]6n1ccc6C)([n+]7n2ccc7C)[n+]8c(ccn8[B-](n9[n+]4c(cc9)C)(n1[n+]5c(cc1)C)c1ccccc1)C)C)c1ccccc1,comp_22,high-spin,high-spin
COLJAO,c1cc[n+]2c(c1)-c3csc4[n+]3[Fe]256([n+]7ccccc7-c8[n+]5c(sc8)Nc9[n+]6cccc9)[n+]1ccccc1N4,comp_23,high-spin,high-spin
COMQUR,c1ccc2c(c1)cccc2C#Cc3ccc(cc3)[N+]4=Cc5cccc[n+]5[Fe]46([n+]7ccccc7C=[N+]6c8ccc(cc8)C#Cc9cccc1c9cccc1)(N=C=S)N=C=S,comp_24,spin-crossover,high-spin
COMQUR01,c1ccc2c(c1)cccc2C#Cc3ccc(cc3)[N+]4=Cc5cccc[n+]5[Fe]46([n+]7ccccc7C=[N+]6c8ccc(cc8)C#Cc9cccc1c9cccc1)(N=C=S)N=C=S,comp_24,spin-crossover,low-spin
COMRAY,c1cn-2[n+](c1)[Fe]345([n+]6cccn6-c7[n+]3c2cc(c7)I)[n+]8cccn8-c9[n+]4c(cc(c9)I)-n1[n+]5ccc1,comp_25,spin-crossover,low-spin
COMREC,c1cn-2[n+](c1)[Fe]345([n+]6cccn6-c7[n+]3c2cc(c7)c8ccc(cc8)O)[n+]9cccn9-c1[n+]4c(cc(c1)c1ccc(cc1)O)-n1[n+]5ccc1,comp_26,spin-crossover,low-spin
DEDNOQ,c1cn-2[n+](c1)[Fe]345([n+]6cccn6-c7[n+]3c2cnc7)[n+]8cccn8-c9[n+]4c(cnc9)-n1[n+]5ccc1,comp_27,high-spin,high-spin
JAFCEZ,c1cn-2[n+](c1)[Fe]345([n+]6cccn6-c7[n+]3c2cnc7)[n+]8cccn8-c9[n+]4c(cnc9)-n1[n+]5ccc1,comp_27,spin-crossover,high-spin
JAFCEZ01,c1cn-2[n+](c1)[Fe]345([n+]6cccn6-c7[n+]3c2cnc7)[n+]8cccn8-c9[n+]4c(cnc9)-n1[n+]5ccc1,comp_27,spin-crossover,low-spin
EMIPIZ01,c1cn-2[n+](c1)[Fe]345([n+]6cccn6-c7[n+]3c2cnc7)[n+]8cccn8-c9[n+]4c(cnc9)-n1[n+]5ccc1,comp_27,spin-crossover,high-spin
DEVDUD,c1c-2[n+](cs1)[Fe]34([n+]5c2csc5)([n+]6cscc6-c7[n+]3csc7)[n+]8cscc8-c9[n+]4csc9,comp_28,spin-crossover,low-spin
DOMQED,c1ccc2c(c1)[nH]c-3[n+]2[Fe]456([n+]7cccc8c7c9[n+]4c3ccc9cc8)[n+]1cccc2c1c1[n+]5c(ccc1cc2)-c1[n+]6c2ccccc2[nH]1,comp_29,low-spin,low-spin
DOMQIH,c1ccc2c(c1)nc-3n2[Fe]456(n7c8ccccc8nc7-c9[n+]4c1c(ccc2c1[n+]5ccc2)cc9)[n+]1cccc2c1c1[n+]6c3ccc1cc2,comp_30,low-spin,low-spin
DOMQON,Cc1ccc2ccc3ccc-4[n+]5c3c2[n+]1[Fe]567([n+]8c(ccc9c8c1[n+]6c(ccc1cc9)-c1[n+]7c2ccccc2[nH]1)C)[n+]1c4[nH]c2c1cccc2,comp_31,high-spin,high-spin
DOMQUT02,Cc1ccc2ccc3ccc-4[n+]5c3c2[n+]1[Fe]567(n8c4nc9c8cccc9)n1c2ccccc2nc1-c1[n+]6c2c(ccc3c2[n+]7c(cc3)C)cc1,comp_32,spin-crossover,high-spin
DOMQUT01,Cc1ccc2ccc3ccc-4[n+]5c3c2[n+]1[Fe]567(n8c4nc9c8cccc9)n1c2ccccc2nc1-c1[n+]6c2c(ccc3c2[n+]7c(cc3)C)cc1,comp_32,spin-crossover,mixture
DOMQUT,Cc1ccc2ccc3ccc-4[n+]5c3c2[n+]1[Fe]567(n8c4nc9c8cccc9)n1c2ccccc2nc1-c1[n+]6c2c(ccc3c2[n+]7c(cc3)C)cc1,comp_32,spin-crossover,low-spin
DOQRAC,CC#[N+][Fe]12([N+]3(CC[N+]1(CC[N+]2(CC3)C)C)C)([N+]#CC)[N+]#CC,comp_33,spin-crossover,high-spin
DOQRAC01,CC#[N+][Fe]12([N+]3(CC[N+]1(CC[N+]2(CC3)C)C)C)([N+]#CC)[N+]#CC,comp_33,spin-crossover,low-spin
DUCFOW,c1cc[n+]2c(c1)C[N+]34[Fe]2567[n+]8ccccc8C[N+]5(CC3)CC[N+]6(CC4)Cc9[n+]7cccc9,comp_34,low-spin,low-spin
DUKJAW01,c1cc(cnc1)c2[nH]c3c4ccc[n+]5c4c6c(c3n2)ccc[n+]6[Fe]57([n+]8cccc9c8c1[n+]7cccc1c1c9[nH]c(n1)c1cccnc1)(N=C=S)N=C=S,comp_35,spin-crossover,high-spin
DUKJAW,c1cc(cnc1)c2[nH]c3c4ccc[n+]5c4c6c(c3n2)ccc[n+]6[Fe]57([n+]8cccc9c8c1[n+]7cccc1c1c9[nH]c(n1)c1cccnc1)(N=C=S)N=C=S,comp_35,spin-crossover,low-spin
DUKJIE,c1cc2c3c(c4ccc[n+]5c4c2[n+](c1)[Fe]56([n+]7cccc8c7c9[n+]6cccc9c1c8[nH]c(n1)c1ccncc1)(N=C=S)N=C=S)nc([nH]3)c1ccncc1,comp_36,high-spin,high-spin
DULBUK02,CC1(CSC2=[N+]1[Fe]345([n+]6c2cccc6C7=[N+]3C(CS7)(C)C)[n+]8c(cccc8C9=[N+]4C(CS9)(C)C)C1=[N+]5C(CS1)(C)C)C,comp_37,spin-crossover,high-spin
DULBUK,CC1(CSC2=[N+]1[Fe]345([n+]6c2cccc6C7=[N+]3C(CS7)(C)C)[n+]8c(cccc8C9=[N+]4C(CS9)(C)C)C1=[N+]5C(CS1)(C)C)C,comp_37,spin-crossover,low-spin
DULCIZ,CC1(CSC2=[N+]1[Fe]345([n+]6c2cccc6C7=[N+]3C(CS7)(C)C)[n+]8c(cccc8C9=[N+]4C(CS9)(C)C)C1=[N+]5C(CS1)(C)C)C,comp_37,spin-crossover,low-spin
DULCOF,CC1(CSC2=[N+]1[Fe]345([n+]6c2cccc6C7=[N+]3C(CS7)(C)C)[n+]8c(cccc8C9=[N+]4C(CS9)(C)C)C1=[N+]5C(CS1)(C)C)C,comp_37,spin-crossover,low-spin
DULDAS,c1cc2[n+]3c(c1)C4=[N+]([Fe]356([n+]7c(cccc7C8=[N+]5CCS8)C9=[N+]6CCS9)[N+]1=C2SCC1)CCS4,comp_38,low-spin,low-spin
DUWHIO03,c1cc[n+]2c(c1)-c3cccc4[n+]3[Fe]25([n+]6ccccc6-c7[n+]5c(ccc7)N4)(N=C=S)N=C=S,comp_39,spin-crossover,high-spin
DUWHIO,c1cc[n+]2c(c1)-c3cccc4[n+]3[Fe]25([n+]6ccccc6-c7[n+]5c(ccc7)N4)(N=C=S)N=C=S,comp_39,spin-crossover,low-spin
EBUQAU01,c1c2[n+](c[nH]1)[Fe]3456[n+]7c[nH]cc7C=[N+]3CCN(CC[N+]4=C2)CC[N+]5=Cc8[n+]6c[nH]c8,comp_40,spin-crossover,high-spin
EBUQAU,c1c2[n+](c[nH]1)[Fe]3456[n+]7c[nH]cc7C=[N+]3CCN(CC[N+]4=C2)CC[N+]5=Cc8[n+]6c[nH]c8,comp_40,spin-crossover,low-spin
EGIPOC,CCCCCCCCCCCCCCCCn1c2ccccc2[n+]3c1-c4cc(cc-5[n+]4[Fe]367([n+]8c5n(c9c8cccc9)CCCCCCCCCCCCCCCC)[n+]1c2ccccc2n(c1-c1[n+]6c(cc(c1)OCCCCCCCCCCCCCCCC)-c1[n+]7c2ccccc2n1CCCCCCCCCCCCCCCC)CCCCCCCCCCCCCCCC)OCCCCCCCCCCCCCCCC,comp_41,spin-crossover,low-spin
ENUBAR,c1c[n+]2c([nH]1)C=[N+]3[Fe]2456[n+]7cc[nH]c7C=[N+]4CCN(CC3)CC[N+]5=Cc8[n+]6cc[nH]8,comp_42,spin-crossover,high-spin
ENUBAR02,c1c[n+]2c([nH]1)C=[N+]3[Fe]2456[n+]7cc[nH]c7C=[N+]4CCN(CC3)CC[N+]5=Cc8[n+]6cc[nH]8,comp_42,spin-crossover,low-spin
EYIJEB,c1c[n+]2c([nH]1)C=[N+]3[Fe]2456[n+]7cc[nH]c7C=[N+]4CCN(CC3)CC[N+]5=Cc8[n+]6cc[nH]8,comp_42,spin-crossover,low-spin
FADVUC,Cc1ccc(cc1)n2c(n[n+]3c2-c4cccc[n+]4[Fe]35([n+]6ccccc6-c7[n+]5nc(n7c8ccc(cc8)C)c9ccccn9)(N=C=S)N=C=S)c1ccccn1,comp_43,spin-crossover,high-spin
FEBPYC04,c1cc[n+]2c(c1)-c3cccc[n+]3[Fe]24([n+]5ccccc5-c6[n+]4cccc6)(N=C=S)N=C=S,comp_44,spin-crossover,high-spin
FEBPYC02,c1cc[n+]2c(c1)-c3cccc[n+]3[Fe]24([n+]5ccccc5-c6[n+]4cccc6)(N=C=S)N=C=S,comp_44,spin-crossover,low-spin
QAHPIY02,c1c[n+](oc1)[Fe]([n+]2ccco2)([n+]3ccco3)([n+]4ccco4)([n+]5ccco5)[n+]6ccco6,comp_45,spin-crossover,mixture
QAHPIY01,c1c[n+](oc1)[Fe]([n+]2ccco2)([n+]3ccco3)([n+]4ccco4)([n+]5ccco5)[n+]6ccco6,comp_45,spin-crossover,mixture
FEISXC01,c1c[n+](oc1)[Fe]([n+]2ccco2)([n+]3ccco3)([n+]4ccco4)([n+]5ccco5)[n+]6ccco6,comp_45,spin-crossover,high-spin
FEKYEA,c1ccc2c(c1)[nH]c-3[n+]2[Fe]456(n7c8ccccc8nc7-c9[n+]4c3ccc9)n1c2ccccc2nc1-c1[n+]5c(ccc1)-c1[n+]6c2ccccc2[nH]1,comp_46,spin-crossover,low-spin
FENFOW,c1cc2ccc3ccc4[n+]5c3c2[n+](c1)[Fe]567([n+]8cccc9c8c1[n+]6c(ccc1cc9)N=[N+]7c1ccc(cc1)Cl)[N+](=N4)c1ccc(cc1)Cl,comp_47,low-spin,low-spin
FETPYR,c1cc[n+](cc1)[Fe](N=C=S)(N=C=S)([n+]2ccccc2)([n+]3ccccc3)[n+]4ccccc4,comp_48,high-spin,high-spin
FIJTIC,CCn1cc[n+]2c1N=[N+]([Fe]23([n+]4ccn(c4N=[N+]3c5ccc(cc5)C)CC)(N=C=S)N=C=S)c6ccc(cc6)C,comp_49,high-spin,high-spin
FIWXEP,[B-]12(n3ccc([n+]3[Fe]45([n+]6n1ccc6C)([n+]7n2ccc7C)[n+]8c(ccn8[B-](n9[n+]4c(cc9)C)(n1[n+]5c(cc1)C)c1ccc(cc1)C#Cc1ccccc1)C)C)c1ccc(cc1)C#Cc1ccccc1,comp_50,spin-crossover,high-spin
FIWXIT,[B-]12(n3ccc([n+]3[Fe]45([n+]6n1ccc6C)([n+]7n2ccc7C)[n+]8c(ccn8[B-](n9[n+]4c(cc9)C)(n1[n+]5c(cc1)C)c1ccc(cc1)C#C[Si](C)(C)C)C)C)c1ccc(cc1)C#C[Si](C)(C)C,comp_51,spin-crossover,high-spin
FIWXOZ02,[B-]12(n3ccc([n+]3[Fe]45([n+]6n1ccc6C)([n+]7n2ccc7C)[n+]8c(ccn8[B-](n9[n+]4c(cc9)C)(n1[n+]5c(cc1)C)c1ccc(cc1)C#C)C)C)c1ccc(cc1)C#C,comp_52,spin-crossover,high-spin
FIWXOZ,[B-]12(n3ccc([n+]3[Fe]45([n+]6n1ccc6C)([n+]7n2ccc7C)[n+]8c(ccn8[B-](n9[n+]4c(cc9)C)(n1[n+]5c(cc1)C)c1ccc(cc1)C#C)C)C)c1ccc(cc1)C#C,comp_52,spin-crossover,low-spin
FIWXOZ01,[B-]12(n3ccc([n+]3[Fe]45([n+]6n1ccc6C)([n+]7n2ccc7C)[n+]8c(ccn8[B-](n9[n+]4c(cc9)C)(n1[n+]5c(cc1)C)c1ccc(cc1)C#C)C)C)c1ccc(cc1)C#C,comp_52,spin-crossover,mixture
FOSBOG,c1ccc2cc(ccc2c1)c3cc-4[n+]([nH]3)[Fe]567([n+]8c4cccc8-c9[n+]5[nH]c(c9)c1ccc2ccccc2c1)[n+]1c(cccc1-c1[n+]6[nH]c(c1)c1ccc2ccccc2c1)-c1[n+]7[nH]c(c1)c1ccc2ccccc2c1,comp_53,high-spin,high-spin
FOSCAT,c1ccc2cc(ccc2c1)c3cc-4[n+]([nH]3)[Fe]567([n+]8c4cccc8-c9[n+]5[nH]c(c9)c1ccc2ccccc2c1)[n+]1c(cccc1-c1[n+]6[nH]c(c1)c1ccc2ccccc2c1)-c1[n+]7[nH]c(c1)c1ccc2ccccc2c1,comp_53,spin-crossover,mixture
FOSCEX,c1ccc2cc(ccc2c1)c3cc-4[n+]([nH]3)[Fe]567([n+]8c4cccc8-c9[n+]5[nH]c(c9)c1ccc2ccccc2c1)[n+]1c(cccc1-c1[n+]6[nH]c(c1)c1ccc2ccccc2c1)-c1[n+]7[nH]c(c1)c1ccc2ccccc2c1,comp_53,spin-crossover,high-spin
FOSCEX01,c1ccc2cc(ccc2c1)c3cc-4[n+]([nH]3)[Fe]567([n+]8c4cccc8-c9[n+]5[nH]c(c9)c1ccc2ccccc2c1)[n+]1c(cccc1-c1[n+]6[nH]c(c1)c1ccc2ccccc2c1)-c1[n+]7[nH]c(c1)c1ccc2ccccc2c1,comp_53,spin-crossover,mixture
FOSCOH,c1ccc2cc(ccc2c1)c3cc-4[n+]([nH]3)[Fe]567([n+]8c4cccc8-c9[n+]5[nH]c(c9)c1ccc2ccccc2c1)[n+]1c(cccc1-c1[n+]6[nH]c(c1)c1ccc2ccccc2c1)-c1[n+]7[nH]c(c1)c1ccc2ccccc2c1,comp_53,spin-crossover,mixture
FOYYAU,c1cn-2[n+](c1)[Fe]345([n+]6cccn6-c7[n+]3c2cc(c7)CSC#N)[n+]8cccn8-c9[n+]4c(cc(c9)CSC#N)-n1[n+]5ccc1,comp_54,high-spin,high-spin
FOYYAU06,c1cn-2[n+](c1)[Fe]345([n+]6cccn6-c7[n+]3c2cc(c7)CSC#N)[n+]8cccn8-c9[n+]4c(cc(c9)CSC#N)-n1[n+]5ccc1,comp_54,spin-crossover,high-spin
FOYYAU02,c1cn-2[n+](c1)[Fe]345([n+]6cccn6-c7[n+]3c2cc(c7)CSC#N)[n+]8cccn8-c9[n+]4c(cc(c9)CSC#N)-n1[n+]5ccc1,comp_54,spin-crossover,low-spin
GAKKOS03,C1CSC2=[N+]1[Fe]3([N+]4=C2SCC4)([N+]5=C(C6=[N+]3CCS6)SCC5)(N=C=S)N=C=S,comp_55,spin-crossover,high-spin
GAKKOS05,C1CSC2=[N+]1[Fe]3([N+]4=C2SCC4)([N+]5=C(C6=[N+]3CCS6)SCC5)(N=C=S)N=C=S,comp_55,spin-crossover,low-spin
GAKKOS04,C1CSC2=[N+]1[Fe]3([N+]4=C2SCC4)([N+]5=C(C6=[N+]3CCS6)SCC5)(N=C=S)N=C=S,comp_55,high-spin,high-spin
GAPSUM,c1ccc(cc1)c2ccn-3[n+]2[Fe]456([n+]7c(ccn7-c8[n+]4c3ccc8)c9ccccc9)[n+]1c(ccn1-c1[n+]5c(ccc1)-n1[n+]6c(cc1)c1ccccc1)c1ccccc1,comp_56,high-spin,high-spin
GAPSUM01,c1ccc(cc1)c2ccn-3[n+]2[Fe]456([n+]7c(ccn7-c8[n+]4c3ccc8)c9ccccc9)[n+]1c(ccn1-c1[n+]5c(ccc1)-n1[n+]6c(cc1)c1ccccc1)c1ccccc1,comp_56,high-spin,high-spin
GAPTAT,CC(C)c1ccn-2[n+]1[Fe]345([n+]6c(ccn6-c7[n+]3c2ccc7)C(C)C)[n+]8c(ccn8-c9[n+]4c(ccc9)-n1[n+]5c(cc1)C(C)C)C(C)C,comp_57,high-spin,high-spin
GAPTEX,CCOC(=O)c1ccn-2[n+]1[Fe]345([n+]6c(ccn6-c7[n+]3c2ccc7)C(=O)OCC)[n+]8c(ccn8-c9[n+]4c(ccc9)-n1[n+]5c(cc1)C(=O)OCC)C(=O)OCC,comp_58,high-spin,high-spin
GAPTIB,c1cc-2[n+]3c(c1)-n4ccc([n+]4[Fe]356([n+]7n2ccc7CO)[n+]8c(ccn8-c9[n+]5c(ccc9)-n1[n+]6c(cc1)CO)CO)CO,comp_59,high-spin,high-spin
GAZQUT,c1ccc(cc1)C(c2ccccc2)(c3ccccc3)n4cc5[n+](c4)[Fe]6789[n+]1cn(cc1C=[N+]6CCN(CC[N+]7=C5)CC[N+]8=Cc1[n+]9cn(c1)C(c1ccccc1)(c1ccccc1)c1ccccc1)C(c1ccccc1)(c1ccccc1)c1ccccc1,comp_60,high-spin,high-spin
NEMSAZ,c1cc-2[n+]3c(c1)-c4cc[nH][n+]4[Fe]356([n+]7c(cccc7-c8[n+]5[nH]cc8)-c9[n+]6[nH]cc9)[n+]1c2cc[nH]1,comp_61,spin-crossover,high-spin
NEMSED,c1cc-2[n+]3c(c1)-c4cc[nH][n+]4[Fe]356([n+]7c(cccc7-c8[n+]5[nH]cc8)-c9[n+]6[nH]cc9)[n+]1c2cc[nH]1,comp_61,spin-crossover,high-spin
UJEDOC01,c1cc-2[n+]3c(c1)-c4cc[nH][n+]4[Fe]356([n+]7c(cccc7-c8[n+]5[nH]cc8)-c9[n+]6[nH]cc9)[n+]1c2cc[nH]1,comp_61,spin-crossover,high-spin
UJEDOC,c1cc-2[n+]3c(c1)-c4cc[nH][n+]4[Fe]356([n+]7c(cccc7-c8[n+]5[nH]cc8)-c9[n+]6[nH]cc9)[n+]1c2cc[nH]1,comp_61,spin-crossover,low-spin
ILACON,c1cc-2[n+]3c(c1)-c4cc[nH][n+]4[Fe]356([n+]7c(cccc7-c8[n+]5[nH]cc8)-c9[n+]6[nH]cc9)[n+]1c2cc[nH]1,comp_61,spin-crossover,low-spin
LAQYIM,c1cc-2[n+]3c(c1)-c4cc[nH][n+]4[Fe]356([n+]7c(cccc7-c8[n+]5[nH]cc8)-c9[n+]6[nH]cc9)[n+]1c2cc[nH]1,comp_61,spin-crossover,mixture
HECCOJ01,c1cc-2[n+]3c(c1)-c4cc[nH][n+]4[Fe]356([n+]7c(cccc7-c8[n+]5[nH]cc8)-c9[n+]6[nH]cc9)[n+]1c2cc[nH]1,comp_61,spin-crossover,high-spin
HECCOJ,c1cc-2[n+]3c(c1)-c4cc[nH][n+]4[Fe]356([n+]7c(cccc7-c8[n+]5[nH]cc8)-c9[n+]6[nH]cc9)[n+]1c2cc[nH]1,comp_61,spin-crossover,low-spin
NERDIA01,c1cc-2[n+]3c(c1)-c4cc[nH][n+]4[Fe]356([n+]7c(cccc7-c8[n+]5[nH]cc8)-c9[n+]6[nH]cc9)[n+]1c2cc[nH]1,comp_61,spin-crossover,high-spin
NERDIA,c1cc-2[n+]3c(c1)-c4cc[nH][n+]4[Fe]356([n+]7c(cccc7-c8[n+]5[nH]cc8)-c9[n+]6[nH]cc9)[n+]1c2cc[nH]1,comp_61,spin-crossover,low-spin
SOJKUY,c1cc-2[n+]3c(c1)-c4cc[nH][n+]4[Fe]356([n+]7c(cccc7-c8[n+]5[nH]cc8)-c9[n+]6[nH]cc9)[n+]1c2cc[nH]1,comp_61,high-spin,high-spin
VEVQOE,c1cc-2[n+]3c(c1)-c4cc[nH][n+]4[Fe]356([n+]7c(cccc7-c8[n+]5[nH]cc8)-c9[n+]6[nH]cc9)[n+]1c2cc[nH]1,comp_61,spin-crossover,mixture
GIVZIV,c1cc-2[n+]3c(c1)-c4cc[nH][n+]4[Fe]356([n+]7c(cccc7-c8[n+]5[nH]cc8)-c9[n+]6[nH]cc9)[n+]1c2cc[nH]1,comp_61,high-spin,high-spin
GIVZAN,c1cc-2[n+]3c(c1)-c4cc[nH][n+]4[Fe]356([n+]7c(cccc7-c8[n+]5[nH]cc8)-c9[n+]6[nH]cc9)[n+]1c2cc[nH]1,comp_61,spin-crossover,low-spin
GIVZER,c1cc-2[n+]3c(c1)-c4cc[nH][n+]4[Fe]356([n+]7c(cccc7-c8[n+]5[nH]cc8)-c9[n+]6[nH]cc9)[n+]1c2cc[nH]1,comp_61,spin-crossover,mixture
HOMXIT,c1cc-2[n+]3c(c1)-c4cc[nH][n+]4[Fe]356([n+]7c(cccc7-c8[n+]5[nH]cc8)-c9[n+]6[nH]cc9)[n+]1c2cc[nH]1,comp_61,spin-crossover,high-spin
HOMXIT01,c1cc-2[n+]3c(c1)-c4cc[nH][n+]4[Fe]356([n+]7c(cccc7-c8[n+]5[nH]cc8)-c9[n+]6[nH]cc9)[n+]1c2cc[nH]1,comp_61,spin-crossover,mixture
HOMXIT02,c1cc-2[n+]3c(c1)-c4cc[nH][n+]4[Fe]356([n+]7c(cccc7-c8[n+]5[nH]cc8)-c9[n+]6[nH]cc9)[n+]1c2cc[nH]1,comp_61,spin-crossover,low-spin
GOGDUB,c1cc[n+]2c(c1)Nc3ccc4ccc5ccc[n+]6c5c4[n+]3[Fe]2678[n+]9ccccc9Nc1[n+]7c2c(ccc3c2[n+]8ccc3)cc1,comp_62,low-spin,low-spin
HAPDOU,COc1ccc2c-3c1-c4c(ccc5c4-c6c(cc7ccc8ccc[n+]9c8c7[n+]6[Fe]91([n+]4cccc6c4c4[n+]1c3c(cc4cc6)CC2)(N=C=S)N=C=S)CC5)OC,comp_63,high-spin,high-spin
HAXHIY,c1ccc(cc1)C[N@+]23CC[N+]45[Fe]2([n+]6ccccc6C3)([n+]7ccccc7C4)([n+]8ccccc8C5)[N+]#C[N-]C#N,comp_64,low-spin,low-spin
HECBUO,c1ccc(c(c1)c2cc-3[n+]([nH]2)[Fe]456([n+]7c3cccc7-c8[n+]4[nH]c(c8)c9ccccc9O)[n+]1c(cccc1-c1[n+]5[nH]c(c1)c1ccccc1O)-c1[n+]6[nH]c(c1)c1ccccc1O)O,comp_65,high-spin,high-spin
HECCEZ,c1ccc(c(c1)c2cc-3[n+]([nH]2)[Fe]456([n+]7c3cccc7-c8[n+]4[nH]c(c8)c9ccccc9O)[n+]1c(cccc1-c1[n+]5[nH]c(c1)c1ccccc1O)-c1[n+]6[nH]c(c1)c1ccccc1O)O,comp_65,high-spin,high-spin
HECCID,c1ccc(c(c1)c2cc-3[n+]([nH]2)[Fe]456([n+]7c3cccc7-c8[n+]4[nH]c(c8)c9ccccc9O)[n+]1c(cccc1-c1[n+]5[nH]c(c1)c1ccccc1O)-c1[n+]6[nH]c(c1)c1ccccc1O)O,comp_65,high-spin,high-spin
ITINOP,c1ccc(c(c1)c2cc-3[n+]([nH]2)[Fe]456([n+]7c3cccc7-c8[n+]4[nH]c(c8)c9ccccc9O)[n+]1c(cccc1-c1[n+]5[nH]c(c1)c1ccccc1O)-c1[n+]6[nH]c(c1)c1ccccc1O)O,comp_65,spin-crossover,high-spin
ITINOP03,c1ccc(c(c1)c2cc-3[n+]([nH]2)[Fe]456([n+]7c3cccc7-c8[n+]4[nH]c(c8)c9ccccc9O)[n+]1c(cccc1-c1[n+]5[nH]c(c1)c1ccccc1O)-c1[n+]6[nH]c(c1)c1ccccc1O)O,comp_65,spin-crossover,low-spin
VISCAD,c1ccc(c(c1)c2cc-3[n+]([nH]2)[Fe]456([n+]7c3cccc7-c8[n+]4[nH]c(c8)c9ccccc9O)[n+]1c(cccc1-c1[n+]5[nH]c(c1)c1ccccc1O)-c1[n+]6[nH]c(c1)c1ccccc1O)O,comp_65,spin-crossover,high-spin
HIXDOK01,c1ccc(cc1)c2cc-3[n+]([nH]2)[Fe]456([n+]7c8ccccc8[nH]c7-c9[n+]4c3ccc9)[n+]1c2ccccc2[nH]c1-c1[n+]5c(ccc1)-c1[n+]6[nH]c(c1)c1ccccc1,comp_66,spin-crossover,high-spin
HIXDOK,c1ccc(cc1)c2cc-3[n+]([nH]2)[Fe]456([n+]7c8ccccc8[nH]c7-c9[n+]4c3ccc9)[n+]1c2ccccc2[nH]c1-c1[n+]5c(ccc1)-c1[n+]6[nH]c(c1)c1ccccc1,comp_66,spin-crossover,low-spin
HIXFOK,CCCCCCOc1ccc2[n+](c1)[Fe]3456[n+]7cc(ccc7C=[N+]3CCN(CC[N+]4=C2)CC[N+]5=Cc8[n+]6cc(cc8)OCCCCCC)OCCCCCC,comp_67,low-spin,low-spin
HIXFUQ01,CCCCCCOc1ccc2[n+](c1C)[Fe]3456[n+]7c(c(ccc7C=[N+]3CCN(CC[N+]4=C2)CC[N+]5=Cc8[n+]6c(c(cc8)OCCCCCC)C)OCCCCCC)C,comp_68,spin-crossover,high-spin
HIXFUQ,CCCCCCOc1ccc2[n+](c1C)[Fe]3456[n+]7c(c(ccc7C=[N+]3CCN(CC[N+]4=C2)CC[N+]5=Cc8[n+]6c(c(cc8)OCCCCCC)C)OCCCCCC)C,comp_68,spin-crossover,low-spin
HMPBFE,[BH-]12n3c(cc([n+]3[Fe]45([n+]6n1c(cc6C)C)([n+]7n2c(cc7C)C)[n+]8c(cc(n8[BH-](n9[n+]4c(cc9C)C)n1[n+]5c(cc1C)C)C)C)C)C,comp_69,spin-crossover,high-spin
HOLSIN,C[N@+]12CC[N@+]3([Fe]1([n+]4c(ccc5c4cccc5)C2)([n+]6c(ccc7c6cccc7)C3)(N=C=S)N=C=S)C,comp_70,high-spin,high-spin
HOLTEK,[BH3-]C#[N+][Fe]123([n+]4ccccc4C[N@@+]1(CC[N@+]2(Cc5[n+]3cccc5)Cc6ccccc6)Cc7ccccc7)[N+]#C[BH3-],comp_71,spin-crossover,high-spin
HOLSOT,[BH3-]C#[N+][Fe]123([n+]4ccccc4C[N@@+]1(CC[N@+]2(Cc5[n+]3cccc5)Cc6ccccc6)Cc7ccccc7)[N+]#C[BH3-],comp_71,spin-crossover,low-spin
HOLSUZ,c1ccc(cc1)C[N@@+]23CC[N@@+]4([Fe]2([n+]5ccccc5C3)([n+]6ccccc6C4)(N=C=S)N=C=S)Cc7ccccc7,comp_72,spin-crossover,high-spin
HOLTUA,c1ccc(cc1)C[N@@+]23CC[N@@+]4([Fe]2([n+]5ccccc5C3)([n+]6ccccc6C4)(N=C=S)N=C=S)Cc7ccccc7,comp_72,high-spin,high-spin
HOLTAG,C[N@+]12CC[N@+]3([Fe]1([n+]4c(ccc5c4cccc5)C2)([n+]6c(ccc7c6cccc7)C3)(N=C=[Se])N=C=[Se])C,comp_73,high-spin,high-spin
HOLTOU,c1ccc(cc1)C[N@@+]23CC[N@@+]4([Fe]2([n+]5ccccc5C3)([n+]6ccccc6C4)(N=C=[Se])N=C=[Se])Cc7ccccc7,comp_74,high-spin,high-spin
HOQFID,[B-]12(n3ccc([n+]3[Fe]45([n+]6n1ccc6C)([n+]7n2ccc7C)[n+]8c(ccn8[B-](n9[n+]4c(cc9)C)(n1[n+]5c(cc1)C)C(C)(C)C)C)C)C(C)(C)C,comp_75,spin-crossover,low-spin
HPZBFE,[BH-]12n3ccc[n+]3[Fe]45([n+]6n1ccc6)([n+]7n2ccc7)[n+]8cccn8[BH-](n9[n+]4ccc9)n1[n+]5ccc1,comp_76,spin-crossover,low-spin
IGEDUU,c1cc-2[n+]3c(c1)-n4cc(c[n+]4[Fe]356([n+]7n2cc(c7)I)[n+]8cc(cn8-c9[n+]5c(ccc9)-n1[n+]6cc(c1)I)I)I,comp_77,low-spin,low-spin
ILAWUP,c1ccc(c(c1)c2cc-3[n+]([nH]2)[Fe]456([n+]7c8ccccc8[nH]c7-c9[n+]4c(ccc9)-c1[n+]5c2ccccc2[nH]1)[n+]1c3cccc1-c1[n+]6[nH]c(c1)c1ccccc1O)O,comp_78,high-spin,high-spin
IMAHIO01,Cc1cccc-2[n+]1[Fe]34([n+]5c2cccc5)([N+]6=C(C7=[N+]3CCCN7)NCCC6)[N+]8=C(C9=[N+]4CCCN9)NCCC8,comp_79,spin-crossover,high-spin
IMAHIO,Cc1cccc-2[n+]1[Fe]34([n+]5c2cccc5)([N+]6=C(C7=[N+]3CCCN7)NCCC6)[N+]8=C(C9=[N+]4CCCN9)NCCC8,comp_79,spin-crossover,low-spin
IQIJAT02,c1ccnc(c1)c2n[n+]3c(n2N)-c4cccc[n+]4[Fe]3567[NH2+]CCC[N+]5(CCC[NH2+]6)Cc8[n+]7cccc8,comp_80,spin-crossover,high-spin
IQIJAT,c1ccnc(c1)c2n[n+]3c(n2N)-c4cccc[n+]4[Fe]3567[NH2+]CCC[N+]5(CCC[NH2+]6)Cc8[n+]7cccc8,comp_80,spin-crossover,low-spin
JIQDAP,c1c[nH][n+]2c1C=[N+]3[Fe]2456[n+]7c(cc[nH]7)C=[N+]4CCN(CC3)CC[N+]5=Cc8[n+]6[nH]cc8,comp_81,high-spin,high-spin
ISULAJ,c1c[nH][n+]2c1C=[N+]3[Fe]2456[n+]7c(cc[nH]7)C=[N+]4CCN(CC3)CC[N+]5=Cc8[n+]6[nH]cc8,comp_81,high-spin,high-spin
JIQDET,c1c[nH][n+]2c1C=[N+]3[Fe]2456[n+]7c(cc[nH]7)C=[N+]4CCN(CC3)CC[N+]5=Cc8[n+]6[nH]cc8,comp_81,spin-crossover,high-spin
JIQDET04,c1c[nH][n+]2c1C=[N+]3[Fe]2456[n+]7c(cc[nH]7)C=[N+]4CCN(CC3)CC[N+]5=Cc8[n+]6[nH]cc8,comp_81,spin-crossover,low-spin
IYUFOX01,c1cn-2[n+](c1)[Fe]345([n+]6cccn6-c7[n+]3c2cc(c7)CO)[n+]8cccn8-c9[n+]4c(cc(c9)CO)-n1[n+]5ccc1,comp_82,spin-crossover,high-spin
IYUFOX,c1cn-2[n+](c1)[Fe]345([n+]6cccn6-c7[n+]3c2cc(c7)CO)[n+]8cccn8-c9[n+]4c(cc(c9)CO)-n1[n+]5ccc1,comp_82,spin-crossover,low-spin
NESVOX,c1cn-2[n+](c1)[Fe]345([n+]6cccn6-c7[n+]3c2cc(c7)CO)[n+]8cccn8-c9[n+]4c(cc(c9)CO)-n1[n+]5ccc1,comp_82,spin-crossover,high-spin
NESVOX02,c1cn-2[n+](c1)[Fe]345([n+]6cccn6-c7[n+]3c2cc(c7)CO)[n+]8cccn8-c9[n+]4c(cc(c9)CO)-n1[n+]5ccc1,comp_82,spin-crossover,low-spin
IZAFEW03,c1cc2[n+]3c(c1)C4=[N+]([Fe]356([n+]7c(cccc7C8=[N+]5CCO8)C9=[N+]6CCO9)[N+]1=C2OCC1)CCO4,comp_83,spin-crossover,high-spin
IZAFEW,c1cc2[n+]3c(c1)C4=[N+]([Fe]356([n+]7c(cccc7C8=[N+]5CCO8)C9=[N+]6CCO9)[N+]1=C2OCC1)CCO4,comp_83,spin-crossover,low-spin
IZAFIA,c1cc2[n+]3c(c1)C4=[N+]([Fe]356([n+]7c(cccc7C8=[N+]5CCO8)C9=[N+]6CCO9)[N+]1=C2OCC1)CCO4,comp_83,spin-crossover,low-spin
IZAFOG01,c1cc2[n+]3c(c1)C4=[N+]([Fe]356([n+]7c(cccc7C8=[N+]5CCO8)C9=[N+]6CCO9)[N+]1=C2OCC1)CCO4,comp_83,spin-crossover,high-spin
IZAFOG,c1cc2[n+]3c(c1)C4=[N+]([Fe]356([n+]7c(cccc7C8=[N+]5CCO8)C9=[N+]6CCO9)[N+]1=C2OCC1)CCO4,comp_83,spin-crossover,low-spin
IZAGAT02,c1cc2[n+]3c(c1)C4=[N+]([Fe]356([n+]7c(cccc7C8=[N+]5CCO8)C9=[N+]6CCO9)[N+]1=C2OCC1)CCO4,comp_83,spin-crossover,mixture
IZAGAT,c1cc2[n+]3c(c1)C4=[N+]([Fe]356([n+]7c(cccc7C8=[N+]5CCO8)C9=[N+]6CCO9)[N+]1=C2OCC1)CCO4,comp_83,spin-crossover,low-spin
JAFBOI01,Cc1ccn-2[n+]1[Fe]345([n+]6c(ccn6-c7[n+]3c2cnc7)C)[n+]8c(ccn8-c9[n+]4c(cnc9)-n1[n+]5c(cc1)C)C,comp_84,spin-crossover,high-spin
JAFBOI03,Cc1ccn-2[n+]1[Fe]345([n+]6c(ccn6-c7[n+]3c2cnc7)C)[n+]8c(ccn8-c9[n+]4c(cnc9)-n1[n+]5c(cc1)C)C,comp_84,spin-crossover,low-spin
JAFBUO01,Cc1ccn-2[n+]1[Fe]345([n+]6c(ccn6-c7[n+]3c2cnc7)C)[n+]8c(ccn8-c9[n+]4c(cnc9)-n1[n+]5c(cc1)C)C,comp_84,spin-crossover,high-spin
JAFBUO03,Cc1ccn-2[n+]1[Fe]345([n+]6c(ccn6-c7[n+]3c2cnc7)C)[n+]8c(ccn8-c9[n+]4c(cnc9)-n1[n+]5c(cc1)C)C,comp_84,spin-crossover,low-spin
JANSAS,CCCn1c[n+](nn1)[Fe]([n+]2cn(nn2)CCC)([n+]3cn(nn3)CCC)([n+]4cn(nn4)CCC)([n+]5cn(nn5)CCC)[n+]6cn(nn6)CCC,comp_85,spin-crossover,high-spin
JANSAS06,CCCn1c[n+](nn1)[Fe]([n+]2cn(nn2)CCC)([n+]3cn(nn3)CCC)([n+]4cn(nn4)CCC)([n+]5cn(nn5)CCC)[n+]6cn(nn6)CCC,comp_85,spin-crossover,low-spin
JUVGUC,CCCn1c[n+](nn1)[Fe]([n+]2cn(nn2)CCC)([n+]3cn(nn3)CCC)([n+]4cn(nn4)CCC)([n+]5cn(nn5)CCC)[n+]6cn(nn6)CCC,comp_85,spin-crossover,high-spin
NEFVID,CCCn1c[n+](nn1)[Fe]([n+]2cn(nn2)CCC)([n+]3cn(nn3)CCC)([n+]4cn(nn4)CCC)([n+]5cn(nn5)CCC)[n+]6cn(nn6)CCC,comp_85,spin-crossover,high-spin
JAQQIB,c1cc[n+]2c(c1)C[N@@+]34[Fe]256([n+]7ccccc7C[N@+]5(CC[NH+]6CC3)CC4)N=C=S,comp_86,low-spin,low-spin
JAQVIG,c1cc[n+]2c(c1)-c3cccc-4[n+]3[Fe]256([n+]7ccccc7-c8[n+]5c(ccc8)-c9[n+]6c[nH]n9)[n+]1c4n[nH]c1,comp_87,spin-crossover,low-spin
JAQVOM,Cn1c[n+]2c(n1)-c3cccc-4[n+]3[Fe]256([n+]7c4cccc7)[n+]8ccccc8-c9[n+]5c(ccc9)-c1[n+]6cn(n1)C,comp_88,spin-crossover,low-spin
JAQVUS,Cc1[nH]nc-2[n+]1[Fe]345([n+]6ccccc6-c7[n+]3c2ccc7)[n+]8ccccc8-c9[n+]4c(ccc9)-c1[n+]5c([nH]n1)C,comp_89,spin-crossover,low-spin
JAQWAZ,Cc1n(nc-2[n+]1[Fe]345([n+]6ccccc6-c7[n+]3c2ccc7)[n+]8ccccc8-c9[n+]4c(ccc9)-c1[n+]5c(n(n1)C)C)C,comp_90,spin-crossover,low-spin
JOJQEE,c1ccc(cc1)c2cc([n+]3c(c2)-c4cccc-5[n+]4[Fe]367([n+]8c5cccc8)[n+]9ccccc9-c1[n+]6c(ccc1)-c1[n+]7c(cc(c1)c1ccccc1)c1ccccc1)c1ccccc1,comp_91,high-spin,high-spin
JUVHIR01,Cn1c[n+](nn1)[Fe]([n+]2cn(nn2)C)([n+]3cn(nn3)C)([n+]4cn(nn4)C)([n+]5cn(nn5)C)[n+]6cn(nn6)C,comp_92,spin-crossover,high-spin
JUVHIR03,Cn1c[n+](nn1)[Fe]([n+]2cn(nn2)C)([n+]3cn(nn3)C)([n+]4cn(nn4)C)([n+]5cn(nn5)C)[n+]6cn(nn6)C,comp_92,spin-crossover,mixture
JUVHEN,Cn1c[n+](nn1)[Fe]([n+]2cn(nn2)C)([n+]3cn(nn3)C)([n+]4cn(nn4)C)([n+]5cn(nn5)C)[n+]6cn(nn6)C,comp_92,spin-crossover,mixture
LAGJEK01,Cn1c[n+](nn1)[Fe]([n+]2cn(nn2)C)([n+]3cn(nn3)C)([n+]4cn(nn4)C)([n+]5cn(nn5)C)[n+]6cn(nn6)C,comp_92,spin-crossover,mixture
LAGJEK02,Cn1c[n+](nn1)[Fe]([n+]2cn(nn2)C)([n+]3cn(nn3)C)([n+]4cn(nn4)C)([n+]5cn(nn5)C)[n+]6cn(nn6)C,comp_92,spin-crossover,mixture
KABYER,Cc1ccc[n+]2c1-c3c(ccc[n+]3[Fe]245([n+]6cccc(c6-c7[n+]4cccc7C)C)[n+]8cccc(c8-c9[n+]5cccc9C)C)C,comp_93,spin-crossover,mixture
KALWUR,Cc1cc-2[n+]([nH]1)[Fe]345([n+]6c2cccc6-c7[n+]3[nH]c(c7)C)[n+]8c(cccc8-c9[n+]4[nH]c(c9)C)-c1[n+]5[nH]c(c1)C,comp_94,spin-crossover,mixture
KALXAY01,Cc1cc-2[n+]([nH]1)[Fe]345([n+]6c2cccc6-c7[n+]3[nH]c(c7)C)[n+]8c(cccc8-c9[n+]4[nH]c(c9)C)-c1[n+]5[nH]c(c1)C,comp_94,spin-crossover,high-spin
KALXAY,Cc1cc-2[n+]([nH]1)[Fe]345([n+]6c2cccc6-c7[n+]3[nH]c(c7)C)[n+]8c(cccc8-c9[n+]4[nH]c(c9)C)-c1[n+]5[nH]c(c1)C,comp_94,spin-crossover,low-spin
KEKVIF,c1cc2ccc3ccc[n+]4c3c2[n+](c1)[Fe]45([n+]6cccc7c6c8[n+]5cccc8cc7)(N=C=S)N=C=S,comp_95,spin-crossover,high-spin
KEKVIF01,c1cc2ccc3ccc[n+]4c3c2[n+](c1)[Fe]45([n+]6cccc7c6c8[n+]5cccc8cc7)(N=C=S)N=C=S,comp_95,spin-crossover,low-spin
KEZPIO01,c1cc[n+]2c(c1)C[N+]34[Fe]256([n+]7ccccc7C3)[n+]8ccccc8C[N+]5(CC4)Cc9[n+]6cccc9,comp_96,spin-crossover,high-spin
KEZPIO,c1cc[n+]2c(c1)C[N+]34[Fe]256([n+]7ccccc7C3)[n+]8ccccc8C[N+]5(CC4)Cc9[n+]6cccc9,comp_96,spin-crossover,low-spin
KEZPEK,c1cc[n+]2c(c1)C[N+]34[Fe]256([n+]7ccccc7C3)[n+]8ccccc8C[N+]5(CC4)Cc9[n+]6cccc9,comp_96,spin-crossover,low-spin
KIFLOD,c1cc[n+]2c(c1)C[N@+]34[Fe]2567[n+]8ccccc8C[N@@+]59CCC[N@@+]6(CC[N@+]7(CCC3)CC9)CC4,comp_97,spin-crossover,low-spin
KIFMAQ01,c1cc[n+]2c(c1)C[N@+]34[Fe]2567[n+]8ccccc8C[N@@+]59CCC[N@@+]6(CC[N@+]7(CCC3)CC9)CC4,comp_97,spin-crossover,high-spin
KIFMAQ,c1cc[n+]2c(c1)C[N@+]34[Fe]2567[n+]8ccccc8C[N@@+]59CCC[N@@+]6(CC[N@+]7(CCC3)CC9)CC4,comp_97,spin-crossover,low-spin
KIFLUJ,c1cc[n+]2c(c1)C[N@@+]34[Fe]2567[n+]8ccccc8C[N@+]59CCC[N@+]6(CC[N@@+]7(CCC3)CC9)CC4,comp_98,spin-crossover,mixture
KOKKUR,c1cc[n+]2c(c1)Cn3ccc-4[n+]3[Fe]256([n+]7ccccc7Cn8[n+]5c(cc8)-c9[n+]6cccc9)[n+]1c4cccc1,comp_99,spin-crossover,high-spin
KOKKUR02,c1cc[n+]2c(c1)Cn3ccc-4[n+]3[Fe]256([n+]7ccccc7Cn8[n+]5c(cc8)-c9[n+]6cccc9)[n+]1c4cccc1,comp_99,spin-crossover,low-spin
KUHRUC,Cc1ccc2[n+](c1)[Fe]34([n+]5cc(ccc5Nc6[n+]3c(ccc6)-c7[n+]4c(ccc7)N2)C)(N=C=S)N=C=S,comp_100,high-spin,high-spin
KULTAO04,c1ccc(c(c1)c2[nH]c3c4ccc[n+]5c4c6c(c3n2)ccc[n+]6[Fe]57([n+]8cccc9c8c1[n+]7cccc1c1c9[nH]c(n1)c1ccccc1C(F)(F)F)(N=C=S)N=C=S)C(F)(F)F,comp_101,spin-crossover,high-spin
KULTAO05,c1ccc(c(c1)c2[nH]c3c4ccc[n+]5c4c6c(c3n2)ccc[n+]6[Fe]57([n+]8cccc9c8c1[n+]7cccc1c1c9[nH]c(n1)c1ccccc1C(F)(F)F)(N=C=S)N=C=S)C(F)(F)F,comp_101,spin-crossover,low-spin
LARZAF,c1cc-2[n+]3c(c1)-c4n[nH]c[n+]4[Fe]356([n+]7c2n[nH]c7)[n+]8c[nH]nc8-c9[n+]5c(ccc9)-c1[n+]6c[nH]n1,comp_102,high-spin,high-spin
LAYREJ01,c1cc[n+]2c(c1)-c3cc[nH][n+]3[Fe]24([n+]5ccccc5-c6[n+]4[nH]cc6)(N=C=S)N=C=S,comp_103,high-spin,high-spin
LAYQUY,c1cc[n+]2c(c1)-c3cc[nH][n+]3[Fe]24([n+]5ccccc5-c6[n+]4[nH]cc6)(N=C=S)N=C=S,comp_103,high-spin,high-spin
LAYRAF,c1cc[n+]2c(c1)-c3[nH]cc[n+]3[Fe]24([n+]5ccccc5-c6[n+]4cc[nH]6)(N=C=S)N=C=S,comp_104,high-spin,high-spin
LINRAC,c1ccc(cc1)C[N@@+]23CC[N+]45[Fe]2([n+]6ccccc6C3)([n+]7ccccc7C4)([n+]8ccccc8C5)N=C=S,comp_105,high-spin,high-spin
LOQPAI,c1ccc2c(c1)nc(c-3[n+]2[Fe]4([n+]5c3cccc5)([n+]6ccccc6-c7[n+]4c8ccccc8nc7c9ccccn9)(N=C=S)N=C=S)c1ccccn1,comp_106,high-spin,high-spin
MALJEP,[B-]12(n3ccc[n+]3[Fe]45([n+]6n1ccc6)([n+]7n2ccc7)[n+]8cccn8[B-](n9[n+]4ccc9)(n1[n+]5ccc1)c1ccc(cc1)I)c1ccc(cc1)I,comp_107,low-spin,low-spin
MALJIT,[B-]12(n3ccc([n+]3[Fe]45([n+]6n1ccc6C)([n+]7n2ccc7C)[n+]8c(ccn8[B-](n9[n+]4c(cc9)C)(n1[n+]5c(cc1)C)c1ccc(cc1)I)C)C)c1ccc(cc1)I,comp_108,high-spin,high-spin
MALJIT01,[B-]12(n3ccc([n+]3[Fe]45([n+]6n1ccc6C)([n+]7n2ccc7C)[n+]8c(ccn8[B-](n9[n+]4c(cc9)C)(n1[n+]5c(cc1)C)c1ccc(cc1)I)C)C)c1ccc(cc1)I,comp_108,spin-crossover,high-spin
MALJIT03,[B-]12(n3ccc([n+]3[Fe]45([n+]6n1ccc6C)([n+]7n2ccc7C)[n+]8c(ccn8[B-](n9[n+]4c(cc9)C)(n1[n+]5c(cc1)C)c1ccc(cc1)I)C)C)c1ccc(cc1)I,comp_108,spin-crossover,low-spin
MALJOZ,[B-]12(n3ccc([n+]3[Fe]45([n+]6n1ccc6C)([n+]7n2ccc7C)[n+]8c(ccn8[B-](n9[n+]4c(cc9)C)(n1[n+]5c(cc1)C)c1ccc(cc1)I)C)C)c1ccc(cc1)I,comp_108,spin-crossover,high-spin
MALJOZ01,[B-]12(n3ccc([n+]3[Fe]45([n+]6n1ccc6C)([n+]7n2ccc7C)[n+]8c(ccn8[B-](n9[n+]4c(cc9)C)(n1[n+]5c(cc1)C)c1ccc(cc1)I)C)C)c1ccc(cc1)I,comp_108,spin-crossover,low-spin
MEGDEH,CC1=[N+]([Fe]234([n+]5c1cccc5C(=[N+]2c6ccc(cc6)OC)C)[n+]7c(cccc7C(=[N+]3c8ccc(cc8)OC)C)C(=[N+]4c9ccc(cc9)OC)C)c1ccc(cc1)OC,comp_109,low-spin,low-spin
MELLOF02,c1cc[n+]2c(c1)C[N@@H+]3[Fe]2456[n+]7ccccc7C[N@@H+]4CCC[N+]5(CCC3)Cc8[n+]6cccc8,comp_110,spin-crossover,high-spin
MELLOF01,c1cc[n+]2c(c1)C[N@@H+]3[Fe]2456[n+]7ccccc7C[N@@H+]4CCC[N+]5(CCC3)Cc8[n+]6cccc8,comp_110,spin-crossover,mixture
MELLOF,c1cc[n+]2c(c1)C[N@@H+]3[Fe]2456[n+]7ccccc7C[N@H+]4CCC[N+]5(CCC3)Cc8[n+]6cccc8,comp_111,spin-crossover,low-spin
MEQXIS01,Cc1[n+]2c(cs1)-c3cccc-4[n+]3[Fe]256([n+]7c4csc7C)[n+]8c(scc8-c9[n+]5c(ccc9)-c1[n+]6c(sc1)C)C,comp_112,spin-crossover,high-spin
MEQXIS,Cc1[n+]2c(cs1)-c3cccc-4[n+]3[Fe]256([n+]7c4csc7C)[n+]8c(scc8-c9[n+]5c(ccc9)-c1[n+]6c(sc1)C)C,comp_112,spin-crossover,low-spin
MEQVEM02,Cc1[n+]2c(cs1)-c3cccc-4[n+]3[Fe]256([n+]7c4csc7C)[n+]8c(scc8-c9[n+]5c(ccc9)-c1[n+]6c(sc1)C)C,comp_112,spin-crossover,high-spin
MEQVEM,Cc1[n+]2c(cs1)-c3cccc-4[n+]3[Fe]256([n+]7c4csc7C)[n+]8c(scc8-c9[n+]5c(ccc9)-c1[n+]6c(sc1)C)C,comp_112,spin-crossover,low-spin
OCEVEA01,Cc1[n+]2c(cs1)-c3cccc-4[n+]3[Fe]256([n+]7c4csc7C)[n+]8c(scc8-c9[n+]5c(ccc9)-c1[n+]6c(sc1)C)C,comp_112,spin-crossover,high-spin
OCEVEA,Cc1[n+]2c(cs1)-c3cccc-4[n+]3[Fe]256([n+]7c4csc7C)[n+]8c(scc8-c9[n+]5c(ccc9)-c1[n+]6c(sc1)C)C,comp_112,spin-crossover,low-spin
MIFRIF,c1c[n+]2c(cc1Cl)C[N@H+]3[Fe]24([n+]5ccc(cc5C[N@@H+]4CC3)Cl)(N=C=S)N=C=S,comp_113,high-spin,high-spin
MIFROL01,c1c[n+]2c(cc1Cl)C[N@H+]3[Fe]24([n+]5ccc(cc5C[N@@H+]4CC3)Cl)(N=C=[Se])N=C=[Se],comp_114,spin-crossover,high-spin
MIFROL,c1c[n+]2c(cc1Cl)C[N@H+]3[Fe]24([n+]5ccc(cc5C[N@@H+]4CC3)Cl)(N=C=[Se])N=C=[Se],comp_114,spin-crossover,low-spin
MIFSAY,[BH3-]C#[N+][Fe]123([n+]4ccc(cc4C[N@H+]1CC[N@@H+]2Cc5[n+]3ccc(c5)Cl)Cl)[N+]#C[BH3-],comp_115,spin-crossover,low-spin
MIFSEC,[BH3-]C#[N+][Fe]123([n+]4ccc(cc4C[N@@H+]1CC[N@H+]2Cc5[n+]3ccc(c5)Cl)Cl)[N+]#C[BH3-],comp_116,spin-crossover,high-spin
MIWJUZ,c1cc[n+]2c(c1)-c3cccc4[n+]3[Fe]25([n+]6ccccc6-c7[n+]5c(ccc7)CC4)(N=C=S)N=C=S,comp_117,high-spin,high-spin
MOFREE,Cc1cc([n+]2n1C3n4c(cc([n+]4[Fe]256([n+]7n3c(cc7C)C)[n+]8c(cc(n8C(n9[n+]5c(cc9C)C)n1[n+]6c(cc1C)C)C)C)C)C)C,comp_118,spin-crossover,high-spin
MOFRAA,Cc1cc([n+]2n1C3n4c(cc([n+]4[Fe]256([n+]7n3c(cc7C)C)[n+]8c(cc(n8C(n9[n+]5c(cc9C)C)n1[n+]6c(cc1C)C)C)C)C)C)C,comp_118,spin-crossover,high-spin
XEFDER02,Cc1cc([n+]2n1C3n4c(cc([n+]4[Fe]256([n+]7n3c(cc7C)C)[n+]8c(cc(n8C(n9[n+]5c(cc9C)C)n1[n+]6c(cc1C)C)C)C)C)C)C,comp_118,spin-crossover,high-spin
XEFDER06,Cc1cc([n+]2n1C3n4c(cc([n+]4[Fe]256([n+]7n3c(cc7C)C)[n+]8c(cc(n8C(n9[n+]5c(cc9C)C)n1[n+]6c(cc1C)C)C)C)C)C)C,comp_118,spin-crossover,mixture
ZEQMEP02,Cc1cc([n+]2n1C3n4c(cc([n+]4[Fe]256([n+]7n3c(cc7C)C)[n+]8c(cc(n8C(n9[n+]5c(cc9C)C)n1[n+]6c(cc1C)C)C)C)C)C)C,comp_118,spin-crossover,high-spin
ULODUV,Cc1[nH]cc2[n+]1[Fe]3456[n+]7c([nH]cc7C=[N+]3CCN(CC[N+]4=C2)CC[N+]5=Cc8[n+]6c([nH]c8)C)C,comp_119,high-spin,high-spin
ULOFAD,Cc1[nH]cc2[n+]1[Fe]3456[n+]7c([nH]cc7C=[N+]3CCN(CC[N+]4=C2)CC[N+]5=Cc8[n+]6c([nH]c8)C)C,comp_119,high-spin,high-spin
ULOFEH,Cc1[nH]cc2[n+]1[Fe]3456[n+]7c([nH]cc7C=[N+]3CCN(CC[N+]4=C2)CC[N+]5=Cc8[n+]6c([nH]c8)C)C,comp_119,high-spin,high-spin
NAVYEP,Cc1[nH]cc2[n+]1[Fe]3456[n+]7c([nH]cc7C=[N+]3CCN(CC[N+]4=C2)CC[N+]5=Cc8[n+]6c([nH]c8)C)C,comp_119,spin-crossover,high-spin
YELWOC,Cc1[nH]cc2[n+]1[Fe]3456[n+]7c([nH]cc7C=[N+]3CCN(CC[N+]4=C2)CC[N+]5=Cc8[n+]6c([nH]c8)C)C,comp_119,spin-crossover,high-spin
YELWOC01,Cc1[nH]cc2[n+]1[Fe]3456[n+]7c([nH]cc7C=[N+]3CCN(CC[N+]4=C2)CC[N+]5=Cc8[n+]6c([nH]c8)C)C,comp_119,spin-crossover,mixture
YELWUI,Cc1[nH]cc2[n+]1[Fe]3456[n+]7c([nH]cc7C=[N+]3CCN(CC[N+]4=C2)CC[N+]5=Cc8[n+]6c([nH]c8)C)C,comp_119,spin-crossover,high-spin
YELWUI02,Cc1[nH]cc2[n+]1[Fe]3456[n+]7c([nH]cc7C=[N+]3CCN(CC[N+]4=C2)CC[N+]5=Cc8[n+]6c([nH]c8)C)C,comp_119,spin-crossover,low-spin
YELXET,Cc1[nH]cc2[n+]1[Fe]3456[n+]7c([nH]cc7C=[N+]3CCN(CC[N+]4=C2)CC[N+]5=Cc8[n+]6c([nH]c8)C)C,comp_119,spin-crossover,high-spin
YELXET01,Cc1[nH]cc2[n+]1[Fe]3456[n+]7c([nH]cc7C=[N+]3CCN(CC[N+]4=C2)CC[N+]5=Cc8[n+]6c([nH]c8)C)C,comp_119,spin-crossover,low-spin
YELXAP,Cc1[nH]cc2[n+]1[Fe]3456[n+]7c([nH]cc7C=[N+]3CCN(CC[N+]4=C2)CC[N+]5=Cc8[n+]6c([nH]c8)C)C,comp_119,spin-crossover,high-spin
ULODIJ,Cc1[nH]cc2[n+]1[Fe]3456[n+]7c([nH]cc7C=[N+]3CCN(CC[N+]4=C2)CC[N+]5=Cc8[n+]6c([nH]c8)C)C,comp_119,spin-crossover,high-spin
ULODIJ01,Cc1[nH]cc2[n+]1[Fe]3456[n+]7c([nH]cc7C=[N+]3CCN(CC[N+]4=C2)CC[N+]5=Cc8[n+]6c([nH]c8)C)C,comp_119,spin-crossover,mixture
NAVYEP01,Cc1[nH]cc2[n+]1[Fe]3456[n+]7c([nH]cc7C=[N+]3CCN(CC[N+]4=C2)CC[N+]5=Cc8[n+]6c([nH]c8)C)C,comp_119,spin-crossover,low-spin
NEFSIA01,c1cc[n+]2c(c1)C[N+]34[Fe]2([NH2+]CC3)([n+]5ccccc5C4)(N=C=S)N=C=S,comp_120,spin-crossover,high-spin
NEFSIA02,c1cc[n+]2c(c1)C[N+]34[Fe]2([NH2+]CC3)([n+]5ccccc5C4)(N=C=S)N=C=S,comp_120,spin-crossover,low-spin
NESVUD,Cc1cn-2[n+](c1)[Fe]345([n+]6cc(cn6-c7[n+]3c2ccc7)C)[n+]8cc(cn8-c9[n+]4c(ccc9)-n1[n+]5cc(c1)C)C,comp_121,spin-crossover,high-spin
NESVUD01,Cc1cn-2[n+](c1)[Fe]345([n+]6cc(cn6-c7[n+]3c2ccc7)C)[n+]8cc(cn8-c9[n+]4c(ccc9)-n1[n+]5cc(c1)C)C,comp_121,spin-crossover,low-spin
NESWAK,Cc1cn-2[n+](c1)[Fe]345([n+]6cc(cn6-c7[n+]3c2ccc7)C)[n+]8cc(cn8-c9[n+]4c(ccc9)-n1[n+]5cc(c1)C)C,comp_121,spin-crossover,low-spin
NETBUJ,c1ccc2c(c1)[nH]c-3[n+]2[Fe]456([n+]7c8ccccc8[nH]c7-c9[n+]4c3ccc9)[n+]1c2ccccc2[nH]c1-c1[n+]5c(ccc1)-c1[n+]6c2ccccc2[nH]1,comp_122,spin-crossover,low-spin
NICSEA,c1cn-2[n+](c1)[Fe]34([n+]5c2cc(cc5)C(=O)O)([n+]6ccc(cc6-n7[n+]3ccc7)C(=O)O)[n+]8ccc(cc8-n9[n+]4ccc9)C(=O)O,comp_123,low-spin,low-spin
NIGXUY01,CC(C)Cn1c[n+](nn1)[Fe]([n+]2cn(nn2)CC(C)C)([n+]3cn(nn3)CC(C)C)([n+]4cn(nn4)CC(C)C)([n+]5cn(nn5)CC(C)C)[n+]6cn(nn6)CC(C)C,comp_124,spin-crossover,high-spin
NIGXUY02,CC(C)Cn1c[n+](nn1)[Fe]([n+]2cn(nn2)CC(C)C)([n+]3cn(nn3)CC(C)C)([n+]4cn(nn4)CC(C)C)([n+]5cn(nn5)CC(C)C)[n+]6cn(nn6)CC(C)C,comp_124,spin-crossover,high-spin
NIQFUP11,Cc1cccc2[n+]1[Fe]3456[n+]7c(cccc7C=[N+]3CCN(CC[N+]4=C2)CC[N+]5=Cc8[n+]6c(ccc8)C)C,comp_125,spin-crossover,high-spin
NIQFUP,Cc1cccc2[n+]1[Fe]3456[n+]7c(cccc7C=[N+]3CCN(CC[N+]4=C2)CC[N+]5=Cc8[n+]6c(ccc8)C)C,comp_125,spin-crossover,low-spin
NIXWEZ,Cc1ccc(cc1)c2cc-3[n+]([nH]2)[Fe]456([n+]7c8ccccc8[nH]c7-c9[n+]4c3ccc9)[n+]1c2ccccc2[nH]c1-c1[n+]5c(ccc1)-c1[n+]6[nH]c(c1)c1ccc(cc1)C,comp_126,spin-crossover,mixture
NIXXAW,Cc1cc(c(c(c1)C)c2cc-3[n+]([nH]2)[Fe]456([n+]7c8ccccc8[nH]c7-c9[n+]4c3ccc9)[n+]1c2ccccc2[nH]c1-c1[n+]5c(ccc1)-c1[n+]6[nH]c(c1)c1c(cc(cc1C)C)C)C,comp_127,spin-crossover,mixture
NIXXEA,Cc1c(c(c(c(c1C)C)c2cc-3[n+]([nH]2)[Fe]456([n+]7c8ccccc8[nH]c7-c9[n+]4c3ccc9)[n+]1c2ccccc2[nH]c1-c1[n+]5c(ccc1)-c1[n+]6[nH]c(c1)c1c(c(c(c(c1C)C)C)C)C)C)C,comp_128,high-spin,high-spin
NOWBIK01,c1ccc(cc1)C#Cc2ccc(cc2)[N+]3=Cc4cccc[n+]4[Fe]35([n+]6ccccc6C=[N+]5c7ccc(cc7)C#Cc8ccccc8)(N=C=S)N=C=S,comp_129,spin-crossover,high-spin
NOWBIK,c1ccc(cc1)C#Cc2ccc(cc2)[N+]3=Cc4cccc[n+]4[Fe]35([n+]6ccccc6C=[N+]5c7ccc(cc7)C#Cc8ccccc8)(N=C=S)N=C=S,comp_129,spin-crossover,low-spin
NOZJAN,c1cc2[n+]3c(c1)/C=N/CCN4CC/N=C/c5[n+]6c(ccc5)C=[N+]7[Fe]3689[N+](=Cc1[n+]8c(ccc1)/C=N/CC4)CCN(CC7)CC[N+]9=C2,comp_130,high-spin,high-spin
NUMBEC01,c1cc[n+]2c(c1)C[N+]34[Fe]2([NH2+]CCC3)([n+]5ccccc5C4)(N=C=S)N=C=S,comp_131,spin-crossover,high-spin
NUMBEC,c1cc[n+]2c(c1)C[N+]34[Fe]2([NH2+]CCC3)([n+]5ccccc5C4)(N=C=S)N=C=S,comp_131,high-spin,high-spin
NUMBEC02,c1cc[n+]2c(c1)C[N+]34[Fe]2([NH2+]CCC3)([n+]5ccccc5C4)(N=C=S)N=C=S,comp_131,spin-crossover,high-spin
OBUJAW,[BH-]12n3ccc([n+]3[Fe]45([n+]6n1ccc6C(F)(F)F)([n+]7n2ccc7C(F)(F)F)[n+]8c(ccn8[BH-](n9[n+]4c(cc9)C(F)(F)F)n1[n+]5c(cc1)C(F)(F)F)C(F)(F)F)C(F)(F)F,comp_132,high-spin,high-spin
OCOPAA,c1cc2ccc3ccc[n+]4c3c2[n+](c1)[Fe]456([n+]7cccc8c7c9[n+]5cccc9cc8)[n+]1cccc2c1c1[n+]6cccc1cc2,comp_133,low-spin,low-spin
OJIVOS,c1ccn2c(c1)c-3[n+](n2)[Fe]45([n+]6c3cccc6)([n+]7ccccc7-c8[n+]4nn9c8cccc9)[n+]1ccccc1-c1[n+]5nn2c1cccc2,comp_134,low-spin,low-spin
OLAYAC,c1cc[n+]2c(c1)C[NH2+][Fe]234([N+]5=C(C6=[N+]3CCCN6)NCCC5)[N+]7=C(C8=[N+]4CCCN8)NCCC7,comp_135,spin-crossover,high-spin
OLAYAC01,c1cc[n+]2c(c1)C[NH2+][Fe]234([N+]5=C(C6=[N+]3CCCN6)NCCC5)[N+]7=C(C8=[N+]4CCCN8)NCCC7,comp_135,spin-crossover,high-spin
PAGXAW,Cc1ccc2ccc3ccc([n+]4c3c2[n+]1[Fe]45([n+]6c(ccc7c6c8[n+]5c(ccc8cc7)C)C)(N=C=S)N=C=S)C,comp_136,high-spin,high-spin
PASDOD01,Cc1c2[n+](c[nH]1)[Fe]3456[n+]7c[nH]c(c7C=[N+]3CCN(CC[N+]4=C2)CC[N+]5=Cc8[n+]6c[nH]c8C)C,comp_137,spin-crossover,high-spin
PASDOD,Cc1c2[n+](c[nH]1)[Fe]3456[n+]7c[nH]c(c7C=[N+]3CCN(CC[N+]4=C2)CC[N+]5=Cc8[n+]6c[nH]c8C)C,comp_137,spin-crossover,high-spin
PASGOF,C1C[N+]2=C(C3=[N+]([Fe]24([N+]5=C(C6=[N+]4CCCS6)SCCC5)(N=C=S)N=C=S)CCCS3)SC1,comp_138,spin-crossover,high-spin
PASGOF01,C1C[N+]2=C(C3=[N+]([Fe]24([N+]5=C(C6=[N+]4CCCS6)SCCC5)(N=C=S)N=C=S)CCCS3)SC1,comp_138,spin-crossover,low-spin
RAKZIM,c1n(nn[n+]1[Fe]([n+]2cn(nn2)CCCl)([n+]3cn(nn3)CCCl)([n+]4cn(nn4)CCCl)([n+]5cn(nn5)CCCl)[n+]6cn(nn6)CCCl)CCCl,comp_139,spin-crossover,high-spin
RAKZIM01,c1n(nn[n+]1[Fe]([n+]2cn(nn2)CCCl)([n+]3cn(nn3)CCCl)([n+]4cn(nn4)CCCl)([n+]5cn(nn5)CCCl)[n+]6cn(nn6)CCCl)CCCl,comp_139,spin-crossover,low-spin
PEJQIF,c1n(nn[n+]1[Fe]([n+]2cn(nn2)CCCl)([n+]3cn(nn3)CCCl)([n+]4cn(nn4)CCCl)([n+]5cn(nn5)CCCl)[n+]6cn(nn6)CCCl)CCCl,comp_139,spin-crossover,high-spin
PEJQIF01,c1n(nn[n+]1[Fe]([n+]2cn(nn2)CCCl)([n+]3cn(nn3)CCCl)([n+]4cn(nn4)CCCl)([n+]5cn(nn5)CCCl)[n+]6cn(nn6)CCCl)CCCl,comp_139,spin-crossover,low-spin
PIVFEG,c1n(nn[n+]1[Fe]([n+]2cn(nn2)C3CC3)([n+]4cn(nn4)C5CC5)([n+]6cn(nn6)C7CC7)([n+]8cn(nn8)C9CC9)[n+]1cn(nn1)C1CC1)C1CC1,comp_140,spin-crossover,high-spin
POGMED,Cc1ccccc1[N+]2=Cc3[nH]cc[n+]3[Fe]24([n+]5cc[nH]c5C=[N+]4c6ccccc6C)(N=C=S)N=C=S,comp_141,high-spin,high-spin
POGXOA,c1cc[n+]2c(c1)-c3csc([n+]3[Fe]24([n+]5ccccc5-c6[n+]4c(sc6)N)(N=C=S)N=C=S)N,comp_142,high-spin,high-spin
POGXUG,c1cc[n+]2c(c1)-c3csc([n+]3[Fe]24([n+]5ccccc5-c6[n+]4c(sc6)N)(N=C=[Se])N=C=[Se])N,comp_143,high-spin,high-spin
POHLON,c1cc2c3c4c1ncc[n+]4[Fe]5([n+]3ccn2)([n+]6ccnc7c6c8[n+]5ccnc8cc7)(N=C=S)N=C=S,comp_144,spin-crossover,high-spin
POHLON01,c1cc2c3c4c1ncc[n+]4[Fe]5([n+]3ccn2)([n+]6ccnc7c6c8[n+]5ccnc8cc7)(N=C=S)N=C=S,comp_144,spin-crossover,low-spin
POWSID,c1ccc2c(c1)nc3c4ccc[n+]5c4c6c(c3n2)ccc[n+]6[Fe]57([n+]8cccc9c8c1[n+]7cccc1c1c9nc2ccccc2n1)(N=C=S)N=C=S,comp_145,spin-crossover,high-spin
POWSID01,c1ccc2c(c1)nc3c4ccc[n+]5c4c6c(c3n2)ccc[n+]6[Fe]57([n+]8cccc9c8c1[n+]7cccc1c1c9nc2ccccc2n1)(N=C=S)N=C=S,comp_145,spin-crossover,high-spin
PUBBOD,Cc1csc-2[n+]1[Fe]345([n+]6ccccc6-c7[n+]3c2ccc7)[n+]8ccccc8-c9[n+]4c(ccc9)-c1[n+]5c(cs1)C,comp_146,spin-crossover,low-spin
QAHVIE,c1ccnc(c1)c2n[n+]3c(n2N)-c4cccc[n+]4[Fe]35([n+]6ccccc6-c7[n+]5nc(n7N)c8ccccn8)(N=C=S)N=C=S,comp_147,spin-crossover,high-spin
QAHVOK,c1ccnc(c1)c2n[n+]3c(n2N)-c4cccc[n+]4[Fe]35([n+]6ccccc6-c7[n+]5nc(n7N)c8ccccn8)(N=C=[Se])N=C=[Se],comp_148,spin-crossover,high-spin
QALMAR,c1cc[n+]2c(c1)-c3n[nH]c[n+]3[Fe]245([n+]6ccccc6-c7[n+]4c[nH]n7)[n+]8ccccc8-c9[n+]5c[nH]n9,comp_149,spin-crossover,high-spin
QALMAR01,c1cc[n+]2c(c1)-c3n[nH]c[n+]3[Fe]245([n+]6ccccc6-c7[n+]4c[nH]n7)[n+]8ccccc8-c9[n+]5c[nH]n9,comp_149,spin-crossover,mixture
ZOKBOQ,c1c[n+]2c([nH]1)Cc3[nH]cc4[n+]3[Fe]256([n+]7cc[nH]c7Cc8[n+]5c(c[nH]8)Cc9[n+]6c[nH]c9)[n+]1c[nH]cc1C4,comp_150,spin-crossover,high-spin
QERDOH,c1c[n+]2c([nH]1)Cc3[nH]cc4[n+]3[Fe]256([n+]7cc[nH]c7Cc8[n+]5c(c[nH]8)Cc9[n+]6c[nH]c9)[n+]1c[nH]cc1C4,comp_150,spin-crossover,low-spin
QERDIB,c1c[n+]2c([nH]1)Cc3[nH]cc4[n+]3[Fe]256([n+]7cc[nH]c7Cc8[n+]5c(c[nH]8)Cc9[n+]6c[nH]c9)[n+]1c[nH]cc1C4,comp_150,spin-crossover,high-spin
QERDIB01,c1c[n+]2c([nH]1)Cc3[nH]cc4[n+]3[Fe]256([n+]7cc[nH]c7Cc8[n+]5c(c[nH]8)Cc9[n+]6c[nH]c9)[n+]1c[nH]cc1C4,comp_150,spin-crossover,low-spin
QIDJET,c1cc2ccc3ccc-4[n+]5c3c2[n+](c1)[Fe]567(n8c4nnn8)n9c(nnn9)-c1[n+]6c2c(ccc3c2[n+]7ccc3)cc1,comp_151,spin-crossover,high-spin
QIDJET01,c1cc2ccc3ccc-4[n+]5c3c2[n+](c1)[Fe]567(n8c4nnn8)n9c(nnn9)-c1[n+]6c2c(ccc3c2[n+]7ccc3)cc1,comp_151,spin-crossover,low-spin
QIDJIX,c1cc2ccc3ccc-4[n+]5c3c2[n+](c1)[Fe]567(n8c4nnn8)n9c(nnn9)-c1[n+]6c2c(ccc3c2[n+]7ccc3)cc1,comp_151,spin-crossover,low-spin
QIDJOD,Cn1nc-2[n+](n1)[Fe]345([n+]6cccc7c6c8[n+]3c2ccc8cc7)[n+]9cccc1c9c2[n+]4c(ccc2cc1)-c1[n+]5nn(n1)C,comp_152,spin-crossover,low-spin
QIDJUJ,Cn1nc-2[n+](n1)[Fe]345([n+]6cccc7c6c8[n+]3c2ccc8cc7)[n+]9cccc1c9c2[n+]4c(ccc2cc1)-c1[n+]5nn(n1)C,comp_152,low-spin,low-spin
QIDKAQ,CCn1nc-2[n+](n1)[Fe]345([n+]6cccc7c6c8[n+]3c2ccc8cc7)[n+]9cccc1c9c2[n+]4c(ccc2cc1)-c1[n+]5nn(n1)CC,comp_153,spin-crossover,low-spin
QIDKEU,CCn1nc-2[n+](n1)[Fe]345([n+]6cccc7c6c8[n+]3c2ccc8cc7)[n+]9cccc1c9c2[n+]4c(ccc2cc1)-c1[n+]5nn(n1)CC,comp_153,spin-crossover,low-spin
QIDKIY,CCCCn1nc-2[n+](n1)[Fe]345([n+]6cccc7c6c8[n+]3c2ccc8cc7)[n+]9cccc1c9c2[n+]4c(ccc2cc1)-c1[n+]5nn(n1)CCCC,comp_154,spin-crossover,low-spin
QIDKOE,CCCCCn1nc-2[n+](n1)[Fe]345([n+]6cccc7c6c8[n+]3c2ccc8cc7)[n+]9cccc1c9c2[n+]4c(ccc2cc1)-c1[n+]5nn(n1)CCCCC,comp_155,spin-crossover,low-spin
QIDKUK,CCCCCn1nc-2[n+](n1)[Fe]345([n+]6cccc7c6c8[n+]3c2ccc8cc7)[n+]9cccc1c9c2[n+]4c(ccc2cc1)-c1[n+]5nn(n1)CCCCC,comp_155,spin-crossover,low-spin
QIDLAR,CCCCCCn1nc-2[n+](n1)[Fe]345([n+]6cccc7c6c8[n+]3c2ccc8cc7)[n+]9cccc1c9c2[n+]4c(ccc2cc1)-c1[n+]5nn(n1)CCCCCC,comp_156,low-spin,low-spin
QIDLEV,CCCCCCn1nc-2[n+](n1)[Fe]345([n+]6cccc7c6c8[n+]3c2ccc8cc7)[n+]9cccc1c9c2[n+]4c(ccc2cc1)-c1[n+]5nn(n1)CCCCCC,comp_156,low-spin,low-spin
QIDLIZ,CCCCCCCn1nc-2[n+](n1)[Fe]345([n+]6cccc7c6c8[n+]3c2ccc8cc7)[n+]9cccc1c9c2[n+]4c(ccc2cc1)-c1[n+]5nn(n1)CCCCCCC,comp_157,low-spin,low-spin
QIDLOF,CCCCCCCn1nc-2[n+](n1)[Fe]345([n+]6cccc7c6c8[n+]3c2ccc8cc7)[n+]9cccc1c9c2[n+]4c(ccc2cc1)-c1[n+]5nn(n1)CCCCCCC,comp_157,low-spin,low-spin
QIDLUL,CCCCCCCCCCCCCCCCn1nc-2[n+](n1)[Fe]345([n+]6cccc7c6c8[n+]3c2ccc8cc7)[n+]9cccc1c9c2[n+]4c(ccc2cc1)-c1[n+]5nn(n1)CCCCCCCCCCCCCCCC,comp_158,spin-crossover,high-spin
QIDLUL01,CCCCCCCCCCCCCCCCn1nc-2[n+](n1)[Fe]345([n+]6cccc7c6c8[n+]3c2ccc8cc7)[n+]9cccc1c9c2[n+]4c(ccc2cc1)-c1[n+]5nn(n1)CCCCCCCCCCCCCCCC,comp_158,spin-crossover,mixture
QOMDAY,c1cc[n+]2c(c1)Nc3cccc-4[n+]3[Fe]25([n+]6ccccc6Nc7[n+]5c4ccc7)(N=C=S)N=C=S,comp_159,spin-crossover,high-spin
QOMDAY01,c1cc[n+]2c(c1)Nc3cccc-4[n+]3[Fe]25([n+]6ccccc6Nc7[n+]5c4ccc7)(N=C=S)N=C=S,comp_159,spin-crossover,mixture
QOMDAY02,c1cc[n+]2c(c1)Nc3cccc-4[n+]3[Fe]25([n+]6ccccc6Nc7[n+]5c4ccc7)(N=C=S)N=C=S,comp_159,spin-crossover,low-spin
QOSVOJ,c1ccc(cc1)c2[nH]cc3[n+]2[Fe]4567[n+]8c(c[nH]c8c9ccccc9)C=[N+]4CCN(CC[N+]5=C3)CC[N+]6=Cc1[n+]7c([nH]c1)c1ccccc1,comp_160,high-spin,high-spin
QOZNOL,c1ccc(cc1)C[C@@H]2COC3=[N+]2[Fe]456([n+]7c3cccc7C8=[N+]4[C@@H](CO8)Cc9ccccc9)[n+]1c(cccc1C1=[N+]5[C@@H](CO1)Cc1ccccc1)C1=[N+]6[C@@H](CO1)Cc1ccccc1,comp_161,high-spin,high-spin
QUHWAT,C[N@@+]12CC[N@@+]3([Fe]1([n+]4ccccc4C2)([n+]5ccccc5C3)(N=C=[Se])N=C=[Se])C,comp_162,spin-crossover,high-spin
QUHWAT01,C[N@@+]12CC[N@@+]3([Fe]1([n+]4ccccc4C2)([n+]5ccccc5C3)(N=C=[Se])N=C=[Se])C,comp_162,spin-crossover,mixture
QUHWAT02,C[N@+]12CC[N@+]3([Fe]1([n+]4ccccc4C2)([n+]5ccccc5C3)(N=C=[Se])N=C=[Se])C,comp_163,high-spin,high-spin
QUNYAA,c1cc2c3c(c4ccc[n+]5c4c2[n+](c1)[Fe]56([n+]7cccc8c7c9[n+]6cccc9c1c8nsn1)(N=C=S)N=C=S)nsn3,comp_164,spin-crossover,low-spin
QUNYEE01,c1cc2c3c(c4ccc[n+]5c4c2[n+](c1)[Fe]56([n+]7cccc8c7c9[n+]6cccc9c1c8nsn1)(N=C=S)N=C=S)nsn3,comp_164,spin-crossover,high-spin
QUNYEE,c1cc2c3c(c4ccc[n+]5c4c2[n+](c1)[Fe]56([n+]7cccc8c7c9[n+]6cccc9c1c8nsn1)(N=C=S)N=C=S)nsn3,comp_164,spin-crossover,low-spin
RESWES,[BH-]12n3c(c(c([n+]3[Fe]45([n+]6n1c(c(c6C)C)C)([n+]7n2c(c(c7C)C)C)[n+]8c(c(c(n8[BH-](n9[n+]4c(c(c9C)C)C)n1[n+]5c(c(c1C)C)C)C)C)C)C)C)C,comp_165,high-spin,high-spin
RESWIW,[B-]12(n3ccc([n+]3[Fe]45([n+]6n1ccc6C7CC7)([n+]8n2ccc8C9CC9)[n+]1c(ccn1[B-](n1[n+]4c(cc1)C1CC1)(n1[n+]5c(cc1)C1CC1)n1ccc(n1)C1CC1)C1CC1)C1CC1)n1ccc(n1)C1CC1,comp_166,spin-crossover,high-spin
RESWIW01,[B-]12(n3ccc([n+]3[Fe]45([n+]6n1ccc6C7CC7)([n+]8n2ccc8C9CC9)[n+]1c(ccn1[B-](n1[n+]4c(cc1)C1CC1)(n1[n+]5c(cc1)C1CC1)n1ccc(n1)C1CC1)C1CC1)C1CC1)n1ccc(n1)C1CC1,comp_166,spin-crossover,mixture
REWPOZ,c1cc-2[n+]3c(c1)-n4cc(c[n+]4[Fe]356([n+]7n2cc(c7)Br)[n+]8cc(cn8-c9[n+]5c(ccc9)-n1[n+]6cc(c1)Br)Br)Br,comp_167,spin-crossover,high-spin
REWPUF,c1cc-2[n+]3c(c1)-n4cc(c[n+]4[Fe]356([n+]7n2cc(c7)Cl)[n+]8cc(cn8-c9[n+]5c(ccc9)-n1[n+]6cc(c1)Cl)Cl)Cl,comp_168,spin-crossover,high-spin
REWPUF02,c1cc-2[n+]3c(c1)-n4cc(c[n+]4[Fe]356([n+]7n2cc(c7)Cl)[n+]8cc(cn8-c9[n+]5c(ccc9)-n1[n+]6cc(c1)Cl)Cl)Cl,comp_168,spin-crossover,low-spin
RIZSOI,c1cc[n+]2c(c1)-c3csc4[n+]3[Fe]256([n+]7ccccc7-c8[n+]5c(sc8)Nc9[n+]6ccnc9)[n+]1ccncc1N4,comp_169,spin-crossover,low-spin
RONPIT41,c1ccc(cc1)c2ccc(cc2)[N+]3=Cc4cccc[n+]4[Fe]35([n+]6ccccc6C=[N+]5c7ccc(cc7)c8ccccc8)(N=C=S)N=C=S,comp_170,spin-crossover,high-spin
RONPIT39,c1ccc(cc1)c2ccc(cc2)[N+]3=Cc4cccc[n+]4[Fe]35([n+]6ccccc6C=[N+]5c7ccc(cc7)c8ccccc8)(N=C=S)N=C=S,comp_170,spin-crossover,low-spin
RONPIT26,c1ccc(cc1)c2ccc(cc2)[N+]3=Cc4cccc[n+]4[Fe]35([n+]6ccccc6C=[N+]5c7ccc(cc7)c8ccccc8)(N=C=S)N=C=S,comp_170,spin-crossover,high-spin
RONPIT34,c1ccc(cc1)c2ccc(cc2)[N+]3=Cc4cccc[n+]4[Fe]35([n+]6ccccc6C=[N+]5c7ccc(cc7)c8ccccc8)(N=C=S)N=C=S,comp_170,spin-crossover,low-spin
RUCJEF,c1ccnc(c1)C23c4cccc[n+]4[Fe]56([n+]7c2cccc7)([n+]8c3cccc8)[n+]9ccccc9C(c1[n+]5cccc1)(c1[n+]6cccc1)c1ccccn1,comp_171,low-spin,low-spin
SIXJUE,c1cc-2[n+](nc1)[Fe]34([n+]5c2cccn5)([n+]6c(cccn6)-c7[n+]3nccc7)[n+]8c(cccn8)-c9[n+]4nccc9,comp_172,low-spin,low-spin
TEKHAU,Cc1cccc2[n+]1[Fe]34([n+]5ccccc5CC[N+]3(C2)Cc6[n+]4c(ccc6)C)(N=C=S)N=C=S,comp_173,high-spin,high-spin
TEKHEY,Cc1cccc2[n+]1[Fe]34([n+]5c(cccc5C[N+]3(C2)CC[N+]4(C)C)C)(N=C=S)N=C=S,comp_174,high-spin,high-spin
TEKHIC,C[N+]1(CC[N+]23[Fe]1([n+]4ccccc4C2)([n+]5ccccc5C3)(N=C=S)N=C=S)C,comp_175,high-spin,high-spin
TEKHOI,CC(=[N+]1CC[N+]23[Fe]1([n+]4ccccc4C2)([n+]5ccccc5C3)(N=C=S)N=C=S)C,comp_176,high-spin,high-spin
TEKHUO,CN(C)C(=[N+]1CC[N+]23[Fe]1([n+]4ccccc4C2)([n+]5ccccc5C3)(N=C=S)N=C=S)N(C)C,comp_177,high-spin,high-spin
TESMAF,Cc1n(nc-2[n+]1[Fe]345([n+]6cccc7c6c8[n+]3c2ccc8cc7)[n+]9cccc1c9c2[n+]4c(ccc2cc1)-c1[n+]5c(n(n1)C)C)C,comp_178,spin-crossover,mixture
TESLUY,Cc1n(nc-2[n+]1[Fe]345([n+]6cccc7c6c8[n+]3c2ccc8cc7)[n+]9cccc1c9c2[n+]4c(ccc2cc1)-c1[n+]5c(n(n1)C)C)C,comp_178,low-spin,low-spin
TETXAR,Cc1[nH]nc-2[n+]1[Fe]345([n+]6cccc7c6c8[n+]3c2ccc8cc7)[n+]9cccc1c9c2[n+]4c(ccc2cc1)-c1[n+]5c([nH]n1)C,comp_179,spin-crossover,low-spin
TIHTAF01,c1cc[n+]2c(c1)C[N+]34[Fe]25([NH2+]CC3)([n+]6ccccc6C4)[n+]7cc[nH]c7-c8[n+]5cc[nH]8,comp_180,spin-crossover,high-spin
TIHTAF,c1cc[n+]2c(c1)C[N+]34[Fe]25([NH2+]CC3)([n+]6ccccc6C4)[n+]7cc[nH]c7-c8[n+]5cc[nH]8,comp_180,spin-crossover,low-spin
TISWIC,Cc1cnc2c3ccc[n+]4c3c5c(c2n1)ccc[n+]5[Fe]4(N=C=S)(N=C=S)([n+]6ccccc6)[n+]7ccccc7,comp_181,spin-crossover,high-spin
TISWIC01,Cc1cnc2c3ccc[n+]4c3c5c(c2n1)ccc[n+]5[Fe]4(N=C=S)(N=C=S)([n+]6ccccc6)[n+]7ccccc7,comp_181,spin-crossover,low-spin
TULHEQ,CCc1cccc(c1n2c(cc-3[n+]2[Fe]456([n+]7c3cccc7-c8[n+]4n(c(c8)O)c9c(cccc9CC)CC)[n+]1c(cccc1-c1[n+]5n(c(c1)O)c1c(cccc1CC)CC)-c1[n+]6n(c(c1)O)c1c(cccc1CC)CC)O)CC,comp_182,spin-crossover,low-spin
TULHIU,c1cc(c(c(c1)F)n2c(cc-3[n+]2[Fe]456([n+]7c3cccc7-c8[n+]4n(c(c8)O)c9c(cccc9F)F)[n+]1c(cccc1-c1[n+]5n(c(c1)O)c1c(cccc1F)F)-c1[n+]6n(c(c1)O)c1c(cccc1F)F)O)F,comp_183,high-spin,high-spin
TUNBIN,CCn1c[n+](nn1)[Fe]([n+]2cn(nn2)CC)([n+]3cn(nn3)CC)([n+]4cn(nn4)CC)([n+]5cn(nn5)CC)[n+]6cn(nn6)CC,comp_184,spin-crossover,mixture
UCIGUJ,c1cc[n+]2c(c1)-c3c(c(c-4n3[Fe]256(n7c(c(c(c7-c8[n+]5cccc8)SC#N)SC#N)-c9[n+]6cccc9)[n+]1c4cccc1)SC#N)SC#N,comp_185,high-spin,high-spin
UFIPIJ01,c1ccc(cc1)[N+]2=C(c3cccc[n+]3[Fe]24([n+]5ccccc5C(=[N+]4c6ccccc6)c7ccccn7)(N=C=S)N=C=S)c8ccccn8,comp_186,spin-crossover,high-spin
UFIPIJ,c1ccc(cc1)[N+]2=C(c3cccc[n+]3[Fe]24([n+]5ccccc5C(=[N+]4c6ccccc6)c7ccccn7)(N=C=S)N=C=S)c8ccccn8,comp_186,spin-crossover,low-spin
ULAHIY,c1c[n+](c[nH]1)[Fe]([n+]2cc[nH]c2)([n+]3cc[nH]c3)([n+]4cc[nH]c4)([n+]5cc[nH]c5)[n+]6cc[nH]c6,comp_187,high-spin,high-spin
UZAXUQ,c1cc2c(c(ccc2)/C=N/n3c-4[n+](nc3c5ncccc5)[Fe]6([n+]7nc(n(c7-c8[n+]6cccc8)/N=C/c9c2c(ccc9)cccc2)c2ncccc2)([n+]2c4cccc2)(N=C=S)N=C=S)cc1,comp_188,spin-crossover,high-spin
UZELAN,Cc1cc([n+]2n1C[N+]34[Fe]2([n+]5c(cc(n5C3)C)C)([n+]6c(cc(n6C4)C)C)(N=C=S)N=C=S)C,comp_189,high-spin,high-spin
VASYOF,Cc1cc[n+]2c(c1)Nc3cccc-4[n+]3[Fe]25([n+]6ccc(cc6Nc7[n+]5c4ccc7)C)(N=C=S)N=C=S,comp_190,high-spin,high-spin
VASYUL01,Cc1ccc[n+]2c1Nc3cccc-4[n+]3[Fe]25([n+]6cccc(c6Nc7[n+]5c4ccc7)C)(N=C=S)N=C=S,comp_191,spin-crossover,high-spin
VASYUL,Cc1ccc[n+]2c1Nc3cccc-4[n+]3[Fe]25([n+]6cccc(c6Nc7[n+]5c4ccc7)C)(N=C=S)N=C=S,comp_191,spin-crossover,low-spin
VASZEW,c1ccc2c(c1)cc[n+]3c2Nc4cccc-5[n+]4[Fe]36([n+]7ccc8ccccc8c7Nc9[n+]6c5ccc9)(N=C=S)N=C=S,comp_192,spin-crossover,high-spin
VASZEW01,c1ccc2c(c1)cc[n+]3c2Nc4cccc-5[n+]4[Fe]36([n+]7ccc8ccccc8c7Nc9[n+]6c5ccc9)(N=C=S)N=C=S,comp_192,spin-crossover,low-spin
VEWVEY,Cc1cccc-2[n+]1[Fe]34([n+]5c2cccc5)([n+]6ccccc6-c7[n+]3c(ccc7)C)[n+]8ccccc8-c9[n+]4c(ccc9)C,comp_193,spin-crossover,high-spin
VEYTIC,c1ccc2c(c1)[nH]c-3[n+]2[Fe]45([n+]6c3[nH]c7c6cccc7)([n+]8c9ccccc9[nH]c8-c1[n+]4c2ccccc2[nH]1)[n+]1c2ccccc2[nH]c1-c1[n+]5c2ccccc2[nH]1,comp_194,high-spin,high-spin
VEYTEY,c1ccc2c(c1)[nH]c-3[n+]2[Fe]45([n+]6c3[nH]c7c6cccc7)([n+]8c9ccccc9[nH]c8-c1[n+]4c2ccccc2[nH]1)[n+]1c2ccccc2[nH]c1-c1[n+]5c2ccccc2[nH]1,comp_194,high-spin,high-spin
VIFNAC,c1n(nn[n+]1[Fe]([n+]2cn(nn2)CCCCl)([n+]3cn(nn3)CCCCl)([n+]4cn(nn4)CCCCl)([n+]5cn(nn5)CCCCl)[n+]6cn(nn6)CCCCl)CCCCl,comp_195,spin-crossover,high-spin
VIFNAC01,c1n(nn[n+]1[Fe]([n+]2cn(nn2)CCCCl)([n+]3cn(nn3)CCCCl)([n+]4cn(nn4)CCCCl)([n+]5cn(nn5)CCCCl)[n+]6cn(nn6)CCCCl)CCCCl,comp_195,spin-crossover,mixture
VILZAT,C=CCn1ccc-2[n+]1[Fe]345([n+]6c2cccc6-c7[n+]3n(cc7)CC=C)[n+]8c(cccc8-c9[n+]4n(cc9)CC=C)-c1[n+]5n(cc1)CC=C,comp_196,high-spin,high-spin
VILZEX,c1ccc(cc1)Cn2ccc-3[n+]2[Fe]456([n+]7c3cccc7-c8[n+]4n(cc8)Cc9ccccc9)[n+]1c(cccc1-c1[n+]5n(cc1)Cc1ccccc1)-c1[n+]6n(cc1)Cc1ccccc1,comp_197,high-spin,high-spin
VILZOH,Cn1ccc-2[n+]1[Fe]345([n+]6c2cccc6-c7[n+]3n(cc7)C)[n+]8c(cccc8-c9[n+]4n(cc9)C)-c1[n+]5n(cc1)C,comp_198,high-spin,high-spin
VIMBAW,Cn1ccc-2[n+]1[Fe]345([n+]6c2cccc6-c7[n+]3n(cc7)C)[n+]8c(cccc8-c9[n+]4n(cc9)C)-c1[n+]5n(cc1)C,comp_198,high-spin,high-spin
VOJPAM,CCCCn1c[n+](nn1)[Fe]([n+]2cn(nn2)CCCC)([n+]3cn(nn3)CCCC)([n+]4cn(nn4)CCCC)([n+]5cn(nn5)CCCC)[n+]6cn(nn6)CCCC,comp_199,spin-crossover,high-spin
VUJRIC,Cc1cc([n+]2n1[C+]3n4c(cc([n+]4[Fe]256([n+]7n3c(cc7C)C)[n+]8c(cc(n8[C+](n9[n+]5c(cc9C)C)n1[n+]6c(cc1C)C)C)C)C)C)C,comp_200,spin-crossover,low-spin
WAHKEX01,c1cc[n+]2c(c1)CC[N+]34[Fe]2([n+]5ccccc5C3)([n+]6ccccc6C4)(N=C=S)N=C=S,comp_201,spin-crossover,high-spin
WAHKEX,c1cc[n+]2c(c1)CC[N+]34[Fe]2([n+]5ccccc5C3)([n+]6ccccc6C4)(N=C=S)N=C=S,comp_201,spin-crossover,low-spin
WATJEJ,c1ccc(cc1)C#Cc2ccc(cc2)[N+]3=Cc4cccc[n+]4[Fe]35([n+]6ccccc6C=[N+]5c7ccc(cc7)C#Cc8ccccc8)(N=C=[Se])N=C=[Se],comp_202,spin-crossover,mixture
WATJEJ01,c1ccc(cc1)C#Cc2ccc(cc2)[N+]3=Cc4cccc[n+]4[Fe]35([n+]6ccccc6C=[N+]5c7ccc(cc7)C#Cc8ccccc8)(N=C=[Se])N=C=[Se],comp_202,spin-crossover,low-spin
WEKJED,CC1=[N+]2CC[NH2+][Fe]234([NH2+]CC[N+]3=C(c5[n+]4cccc5)C)[n+]6c1cccc6,comp_203,low-spin,low-spin
WEKJIH,CC1=[N+]2CC[N@H+]([Fe]234([n+]5c1cccc5)[n+]6ccccc6C(=[N+]3CC[N@@H+]4C)C)C,comp_204,low-spin,low-spin
WIDGEW,c1cc2[n+]3c(c1)-c4cccc5[n+]4[Fe]3([n+]6cccn6C2)([n+]7cccn7C5)(N=C=S)N=C=S,comp_205,spin-crossover,high-spin
WIDGIA,Cc1cc([n+]2n1Cc3cccc-4[n+]3[Fe]25([n+]6c(cc(n6Cc7[n+]5c4ccc7)C)C)(N=C=S)N=C=S)C,comp_206,high-spin,high-spin
WIDGOG,Cc1cc([n+]2n1Cc3cccc-4[n+]3[Fe]25([n+]6c(cc(n6Cc7[n+]5c4ccc7)C)C)([N+]#C[N-]C#N)[N+]#C[N-]C#N)C,comp_207,high-spin,high-spin
WIFZUG,c1ccc(cc1)/C=C/c2cc[n+](cc2)[Fe]([n+]3ccc(cc3)/C=C/c4ccccc4)([n+]5ccc(cc5)/C=C/c6ccccc6)([n+]7ccc(cc7)/C=C/c8ccccc8)(N=C=S)N=C=S,comp_208,spin-crossover,high-spin
WIGBAP,c1ccc(cc1)/C=C\c2cc[n+](cc2)[Fe]([n+]3ccc(cc3)/C=C\c4ccccc4)([n+]5ccc(cc5)/C=C\c6ccccc6)([n+]7ccc(cc7)/C=C\c8ccccc8)(N=C=S)N=C=S,comp_209,high-spin,high-spin
XADFEN,Cc1[n+]2c(no1)-c3cccc-4[n+]3[Fe]256([n+]7c4cccc7)[n+]8ccccc8-c9[n+]5c(ccc9)-c1[n+]6c(on1)C,comp_210,spin-crossover,low-spin
XAMNII,c1cn2[n+](c1)[Fe]345([n+]6cccn6C2n7[n+]3ccc7)[n+]8cccn8C(n9[n+]4ccc9)n1[n+]5ccc1,comp_211,spin-crossover,low-spin
XAMNII01,c1cn2[n+](c1)[Fe]345([n+]6cccn6C2n7[n+]3ccc7)[n+]8cccn8C(n9[n+]4ccc9)n1[n+]5ccc1,comp_211,spin-crossover,low-spin
XEVYUS,c1cn2[n+](c1)[Fe]345([n+]6cccn6C2n7[n+]3ccc7)[n+]8cccn8C(n9[n+]4ccc9)n1[n+]5ccc1,comp_211,spin-crossover,low-spin
XECMIB01,c1ccc(cc1)c2ccc(cc2)c3ccc(cc3)[N+]4=Cc5cccc[n+]5[Fe]46([n+]7ccccc7C=[N+]6c8ccc(cc8)c9ccc(cc9)c1ccccc1)(N=C=S)N=C=S,comp_212,spin-crossover,high-spin
XECMIB02,c1ccc(cc1)c2ccc(cc2)c3ccc(cc3)[N+]4=Cc5cccc[n+]5[Fe]46([n+]7ccccc7C=[N+]6c8ccc(cc8)c9ccc(cc9)c1ccccc1)(N=C=S)N=C=S,comp_212,spin-crossover,low-spin
XECNAU01,c1ccc(cc1)/N=N/c2ccc(cc2)[N+]3=Cc4[n+](cccc4)[Fe]35([N+](=Cc6[n+]5cccc6)c7ccc(cc7)/N=N/c8ccccc8)(N=C=S)N=C=S,comp_213,spin-crossover,high-spin
XECNAU,c1ccc(cc1)/N=N/c2ccc(cc2)[N+]3=Cc4[n+](cccc4)[Fe]35([N+](=Cc6[n+]5cccc6)c7ccc(cc7)/N=N/c8ccccc8)(N=C=S)N=C=S,comp_213,spin-crossover,low-spin
XOCFIF,CC(=O)Sc1ccc(cc1)C#Cc2cc-3[n+]4c(c2)-n5ccc[n+]5[Fe]467([n+]8n3ccc8)[n+]9cccn9-c1[n+]6c(cc(c1)C#Cc1ccc(cc1)SC(=O)C)-n1[n+]7ccc1,comp_214,spin-crossover,low-spin
XODCEB,c1ccc(cc1)c2cc-3[n+]([nH]2)[Fe]456(n7c8ccccc8nc7-c9[n+]4c3ccc9)n1c2ccccc2nc1-c1[n+]5c(ccc1)-c1[n+]6[nH]c(c1)c1ccccc1,comp_215,low-spin,low-spin
XUGGEO,c1cc[n+]2c(c1)C[N@@H+]3[Fe]24([n+]5ccccc5C[N@H+]4[C@H]6[C@H]3CCCC6)(N=C=[Se])N=C=[Se],comp_216,spin-crossover,high-spin
XUGGEO02,c1cc[n+]2c(c1)C[N@@H+]3[Fe]24([n+]5ccccc5C[N@H+]4[C@H]6[C@H]3CCCC6)(N=C=[Se])N=C=[Se],comp_216,spin-crossover,low-spin
XUGGEO01,c1cc[n+]2c(c1)C[N@@H+]3[Fe]24([n+]5ccccc5C[N@H+]4[C@H]6[C@H]3CCCC6)(N=C=[Se])N=C=[Se],comp_216,spin-crossover,high-spin
XUGGEO03,c1cc[n+]2c(c1)C[N@@H+]3[Fe]24([n+]5ccccc5C[N@H+]4[C@H]6[C@H]3CCCC6)(N=C=[Se])N=C=[Se],comp_216,spin-crossover,low-spin
XUGGUE,c1cc[n+]2c(c1)C[N@@H+]3[Fe]24([n+]5ccccc5C[N@H+]4[C@H]6[C@H]3CCCC6)(N=C=[Se])N=C=[Se],comp_216,high-spin,high-spin
XUGGIS01,c1cc[n+]2c(c1)C[N@H+]3[Fe]24([n+]5ccccc5C[N@@H+]4[C@@H]6[C@@H]3CCCC6)(N=C=[Se])N=C=[Se],comp_217,spin-crossover,high-spin
XUGGIS,c1cc[n+]2c(c1)C[N@H+]3[Fe]24([n+]5ccccc5C[N@@H+]4[C@@H]6[C@@H]3CCCC6)(N=C=[Se])N=C=[Se],comp_217,spin-crossover,low-spin
XUGHAL,c1cc[n+]2c(c1)C[N@H+]3[Fe]24([n+]5ccccc5C[N@@H+]4[C@@H]6[C@@H]3CCCC6)(N=C=[Se])N=C=[Se],comp_217,spin-crossover,high-spin
XUGGIS02,c1cc[n+]2c(c1)C[N@H+]3[Fe]24([n+]5ccccc5C[N@@H+]4[C@@H]6[C@@H]3CCCC6)(N=C=[Se])N=C=[Se],comp_217,spin-crossover,low-spin
YAGYIP01,c1n(nn[n+]1[Fe]([n+]2cn(nn2)CCBr)([n+]3cn(nn3)CCBr)([n+]4cn(nn4)CCBr)([n+]5cn(nn5)CCBr)[n+]6cn(nn6)CCBr)CCBr,comp_218,spin-crossover,high-spin
YAGYIP,c1n(nn[n+]1[Fe]([n+]2cn(nn2)CCBr)([n+]3cn(nn3)CCBr)([n+]4cn(nn4)CCBr)([n+]5cn(nn5)CCBr)[n+]6cn(nn6)CCBr)CCBr,comp_218,spin-crossover,low-spin
YAGYUB01,c1n(nn[n+]1[Fe]([n+]2cn(nn2)CCI)([n+]3cn(nn3)CCI)([n+]4cn(nn4)CCI)([n+]5cn(nn5)CCI)[n+]6cn(nn6)CCI)CCI,comp_219,spin-crossover,high-spin
YAGYUB,c1n(nn[n+]1[Fe]([n+]2cn(nn2)CCI)([n+]3cn(nn3)CCI)([n+]4cn(nn4)CCI)([n+]5cn(nn5)CCI)[n+]6cn(nn6)CCI)CCI,comp_219,spin-crossover,low-spin
YAMXAL,c1cc[n+]2c(c1)C[N+]34[Fe]256([n+]7ccccc7C3)[n+]8ccccc8C[N+]5(Cc9[n+]6cccc9)[C@H]1[C@H]4CCCC1,comp_220,spin-crossover,low-spin
YECMAW,c1ccnc(c1)N2c3cccc[n+]3[Fe]456([n+]7ccccc7N(c8[n+]4c2ccc8)c9ccccn9)[n+]1ccccc1N(c1[n+]5c(ccc1)N(c1[n+]6cccc1)c1ccccn1)c1ccccn1,comp_221,spin-crossover,low-spin
YEQKIR,CC(C)n1c[n+](nn1)[Fe]([n+]2cn(nn2)C(C)C)([n+]3cn(nn3)C(C)C)([n+]4cn(nn4)C(C)C)([n+]5cn(nn5)C(C)C)[n+]6cn(nn6)C(C)C,comp_222,spin-crossover,high-spin
YIMYEZ,Cc1cc([n+]2n1C3n4c(cc([n+]4[Fe]256([n+]7cccn7C(n8[n+]5ccc8)n9[n+]6ccc9)[n+]1n3c(cc1C)C)C)C)C,comp_223,spin-crossover,low-spin
YIMYEZ02,Cc1cc([n+]2n1C3n4c(cc([n+]4[Fe]256([n+]7cccn7C(n8[n+]5ccc8)n9[n+]6ccc9)[n+]1n3c(cc1C)C)C)C)C,comp_223,spin-crossover,high-spin
YIMYEZ01,Cc1cc([n+]2n1C3n4c(cc([n+]4[Fe]256([n+]7cccn7C(n8[n+]5ccc8)n9[n+]6ccc9)[n+]1n3c(cc1C)C)C)C)C,comp_223,spin-crossover,low-spin
YIMYID04,Cc1cc([n+]2n1C3n4c(cc([n+]4[Fe]256([n+]7cc(cn7C(n8[n+]5cc(c8)C)n9[n+]6cc(c9)C)C)[n+]1n3c(cc1C)C)C)C)C,comp_224,spin-crossover,high-spin
YIMYID02,Cc1cc([n+]2n1C3n4c(cc([n+]4[Fe]256([n+]7cc(cn7C(n8[n+]5cc(c8)C)n9[n+]6cc(c9)C)C)[n+]1n3c(cc1C)C)C)C)C,comp_224,spin-crossover,low-spin
YIMYOJ,Cc1cc([n+]2n1C3n4c(cc([n+]4[Fe]256([n+]7cccn7C(n8[n+]5ccc8)(n9[n+]6ccc9)CO)[n+]1n3c(cc1C)C)C)C)C,comp_225,spin-crossover,low-spin
YIVSEB,Cc1n(nc-2[n+]1[Fe]34([n+]5c2cccc5)([n+]6ccccc6-c7[n+]3c(n(n7)C)C)[n+]8ccccc8-c9[n+]4c(n(n9)C)C)C,comp_226,spin-crossover,high-spin
YUJBUB01,Cc1cc[n+]2n1C3n4ccc([n+]4[Fe]256([n+]7ccc(n7C(n8[n+]5c(cc8)C)n9[n+]6c(cc9)C)C)[n+]1n3ccc1C)C,comp_227,spin-crossover,mixture
YUJBUB,Cc1cc[n+]2n1C3n4ccc([n+]4[Fe]256([n+]7ccc(n7C(n8[n+]5c(cc8)C)n9[n+]6c(cc9)C)C)[n+]1n3ccc1C)C,comp_227,spin-crossover,low-spin
YUYHOR01,[BH3-]C#[N+][Fe]123([n+]4ccccc4C[N@H+]1CC[N@@H+]2Cc5[n+]3cccc5)[N+]#C[BH3-],comp_228,spin-crossover,high-spin
YUYHOR,[BH3-]C#[N+][Fe]123([n+]4ccccc4C[N@H+]1CC[N@@H+]2Cc5[n+]3cccc5)[N+]#C[BH3-],comp_228,spin-crossover,low-spin
YUZTOD,c1cc(cnc1)c2cc-3[n+]4c(c2)-n5ccc[n+]5[Fe]467([n+]8n3ccc8)[n+]9cccn9-c1[n+]6c(cc(c1)c1cccnc1)-n1[n+]7ccc1,comp_229,spin-crossover,low-spin
YUZTIX,c1cc(cnc1)c2cc-3[n+]4c(c2)-n5ccc[n+]5[Fe]467([n+]8n3ccc8)[n+]9cccn9-c1[n+]6c(cc(c1)c1cccnc1)-n1[n+]7ccc1,comp_229,spin-crossover,low-spin
YUZTUJ,c1cc(c[nH+]c1)c2cc-3[n+]4c(c2)-n5ccc[n+]5[Fe]467([n+]8n3ccc8)[n+]9cccn9-c1[n+]6c(cc(c1)c1cccnc1)-n1[n+]7ccc1,comp_230,spin-crossover,low-spin
ZIKKUC04,COc1ccccc1c2cc-3[n+]([nH]2)[Fe]456([n+]7c8ccccc8[nH]c7-c9[n+]4c(ccc9)-c1[n+]5c2ccccc2[nH]1)[n+]1c3cccc1-c1[n+]6[nH]c(c1)c1ccccc1OC,comp_231,spin-crossover,high-spin
ZIKKUC,COc1ccccc1c2cc-3[n+]([nH]2)[Fe]456([n+]7c8ccccc8[nH]c7-c9[n+]4c(ccc9)-c1[n+]5c2ccccc2[nH]1)[n+]1c3cccc1-c1[n+]6[nH]c(c1)c1ccccc1OC,comp_231,spin-crossover,mixture
ZIKMAK09,COc1ccccc1c2cc-3[n+]([nH]2)[Fe]456([n+]7c8ccccc8[nH]c7-c9[n+]4c(ccc9)-c1[n+]5c2ccccc2[nH]1)[n+]1c3cccc1-c1[n+]6[nH]c(c1)c1ccccc1OC,comp_231,spin-crossover,mixture
ZIKMAK05,COc1ccccc1c2cc-3[n+]([nH]2)[Fe]456([n+]7c8ccccc8[nH]c7-c9[n+]4c(ccc9)-c1[n+]5c2ccccc2[nH]1)[n+]1c3cccc1-c1[n+]6[nH]c(c1)c1ccccc1OC,comp_231,spin-crossover,low-spin
ZIMMAJ,c1c[n+]2c([nH]1)-c3[nH]cc[n+]3[Fe]245([n+]6cc[nH]c6-c7[n+]4cc[nH]7)[n+]8cc[nH]c8-c9[n+]5cc[nH]9,comp_232,high-spin,high-spin
ZOYKUV01,CCCCCCCCCCCCCCCC(=O)Nn1c(n[n+]2c1-c3cccc[n+]3[Fe]24([n+]5ccccc5-c6[n+]4nc(n6NC(=O)CCCCCCCCCCCCCCC)c7ccccn7)(N=C=S)N=C=S)c8ccccn8,comp_233,spin-crossover,high-spin
ZOYKUV,CCCCCCCCCCCCCCCC(=O)Nn1c(n[n+]2c1-c3cccc[n+]3[Fe]24([n+]5ccccc5-c6[n+]4nc(n6NC(=O)CCCCCCCCCCCCCCC)c7ccccn7)(N=C=S)N=C=S)c8ccccn8,comp_233,spin-crossover,low-spin
ZUBNAO01,c1ccc2c(c1)cc3ccccc3c2c4[nH]c5c6ccc[n+]7c6c8c(c5n4)ccc[n+]8[Fe]79([n+]1cccc2c1c1[n+]9cccc1c1c2[nH]c(n1)c1c2ccccc2cc2c1cccc2)(N=C=S)N=C=S,comp_234,spin-crossover,high-spin
ZUBNAO,c1ccc2c(c1)cc3ccccc3c2c4[nH]c5c6ccc[n+]7c6c8c(c5n4)ccc[n+]8[Fe]79([n+]1cccc2c1c1[n+]9cccc1c1c2[nH]c(n1)c1c2ccccc2cc2c1cccc2)(N=C=S)N=C=S,comp_234,spin-crossover,low-spin
ZUBNES,c1ccc2c(c1)cc3ccccc3c2c4[nH]c5c6ccc[n+]7c6c8c(c5n4)ccc[n+]8[Fe]79([n+]1cccc2c1c1[n+]9cccc1c1c2[nH]c(n1)c1c2ccccc2cc2c1cccc2)(N=C=S)N=C=S,comp_234,spin-crossover,high-spin
ZUBNIW01,c1ccc2c(c1)cc3ccccc3c2c4[nH]c5c6ccc[n+]7c6c8c(c5n4)ccc[n+]8[Fe]79([n+]1cccc2c1c1[n+]9cccc1c1c2[nH]c(n1)c1c2ccccc2cc2c1cccc2)(N=C=S)N=C=S,comp_234,spin-crossover,low-spin
ZUBNOC,c1ccc2c(c1)cc3ccccc3c2c4[nH]c5c6ccc[n+]7c6c8c(c5n4)ccc[n+]8[Fe]79([n+]1cccc2c1c1[n+]9cccc1c1c2[nH]c(n1)c1c2ccccc2cc2c1cccc2)(N=C=S)N=C=S,comp_234,high-spin,high-spin
ZUCROE01,c1ccnc(c1)c2n[n+]3c(n2N)-c4cccc[n+]4[Fe]35([n+]6ccccc6-c7[n+]5nc(n7N)c8ccccn8)([N+]#CC(=c9ccc(=C(C#N)C#N)cc9)C#N)[N+]#CC(=c1ccc(=C(C#N)C#N)cc1)C#N,comp_235,spin-crossover,mixture
ZUCROE,c1ccnc(c1)c2n[n+]3c(n2N)-c4cccc[n+]4[Fe]35([n+]6ccccc6-c7[n+]5nc(n7N)c8ccccn8)([N+]#CC(=c9ccc(=C(C#N)C#N)cc9)C#N)[N+]#CC(=c1ccc(=C(C#N)C#N)cc1)C#N,comp_235,spin-crossover,low-spin
