ccdc_id,smi,Spin-state behaviour,Spin-state of crystal structure,rename_id
FETPYR,C(=[N-])=S,high-spin,high-spin,lig_1
WIGBAP,C(=[N-])=S,high-spin,high-spin,lig_1
WIFZUG,C(=[N-])=S,spin-crossover,high-spin,lig_1
AKENAF,C(=[N-])=S,spin-crossover,high-spin,lig_1
AKENAF01,C(=[N-])=S,spin-crossover,low-spin,lig_1
RONPIT41,C(=[N-])=S,spin-crossover,high-spin,lig_1
RONPIT39,C(=[N-])=S,spin-crossover,low-spin,lig_1
RONPIT26,C(=[N-])=S,spin-crossover,high-spin,lig_1
RONPIT34,C(=[N-])=S,spin-crossover,low-spin,lig_1
NOWBIK01,C(=[N-])=S,spin-crossover,high-spin,lig_1
NOWBIK,C(=[N-])=S,spin-crossover,low-spin,lig_1
XECNAU01,C(=[N-])=S,spin-crossover,high-spin,lig_1
XECNAU,C(=[N-])=S,spin-crossover,low-spin,lig_1
XECMIB01,C(=[N-])=S,spin-crossover,high-spin,lig_1
XECMIB02,C(=[N-])=S,spin-crossover,low-spin,lig_1
COMQUR,C(=[N-])=S,spin-crossover,high-spin,lig_1
COMQUR01,C(=[N-])=S,spin-crossover,low-spin,lig_1
UFIPIJ01,C(=[N-])=S,spin-crossover,high-spin,lig_1
UFIPIJ,C(=[N-])=S,spin-crossover,low-spin,lig_1
POGXOA,C(=[N-])=S,high-spin,high-spin,lig_1
FEBPYC04,C(=[N-])=S,spin-crossover,high-spin,lig_1
FEBPYC02,C(=[N-])=S,spin-crossover,low-spin,lig_1
KEKVIF,C(=[N-])=S,spin-crossover,high-spin,lig_1
KEKVIF01,C(=[N-])=S,spin-crossover,low-spin,lig_1
PAGXAW,C(=[N-])=S,high-spin,high-spin,lig_1
POHLON,C(=[N-])=S,spin-crossover,high-spin,lig_1
POHLON01,C(=[N-])=S,spin-crossover,low-spin,lig_1
POWSID,C(=[N-])=S,spin-crossover,high-spin,lig_1
LAYREJ01,C(=[N-])=S,high-spin,high-spin,lig_1
LAYQUY,C(=[N-])=S,high-spin,high-spin,lig_1
LAYRAF,C(=[N-])=S,high-spin,high-spin,lig_1
LOQPAI,C(=[N-])=S,high-spin,high-spin,lig_1
QAHVIE,C(=[N-])=S,spin-crossover,high-spin,lig_1
FADVUC,C(=[N-])=S,spin-crossover,high-spin,lig_1
GAKKOS03,C(=[N-])=S,spin-crossover,high-spin,lig_1
GAKKOS05,C(=[N-])=S,spin-crossover,low-spin,lig_1
GAKKOS04,C(=[N-])=S,high-spin,high-spin,lig_1
PASGOF,C(=[N-])=S,spin-crossover,high-spin,lig_1
PASGOF01,C(=[N-])=S,spin-crossover,low-spin,lig_1
BAYZEH01,C(=[N-])=S,spin-crossover,high-spin,lig_1
BAYZEH,C(=[N-])=S,spin-crossover,low-spin,lig_1
POGMED,C(=[N-])=S,high-spin,high-spin,lig_1
FIJTIC,C(=[N-])=S,high-spin,high-spin,lig_1
QOMDAY,C(=[N-])=S,spin-crossover,high-spin,lig_1
QOMDAY01,C(=[N-])=S,spin-crossover,mixture,lig_1
QOMDAY02,C(=[N-])=S,spin-crossover,low-spin,lig_1
QUNYAA,C(=[N-])=S,spin-crossover,low-spin,lig_1
QUNYEE01,C(=[N-])=S,spin-crossover,high-spin,lig_1
QUNYEE,C(=[N-])=S,spin-crossover,low-spin,lig_1
VASYOF,C(=[N-])=S,high-spin,high-spin,lig_1
VASYUL01,C(=[N-])=S,spin-crossover,high-spin,lig_1
VASYUL,C(=[N-])=S,spin-crossover,low-spin,lig_1
VASZEW,C(=[N-])=S,spin-crossover,high-spin,lig_1
VASZEW01,C(=[N-])=S,spin-crossover,low-spin,lig_1
MIWJUZ,C(=[N-])=S,high-spin,high-spin,lig_1
KUHRUC,C(=[N-])=S,high-spin,high-spin,lig_1
DUWHIO03,C(=[N-])=S,spin-crossover,high-spin,lig_1
DUWHIO,C(=[N-])=S,spin-crossover,low-spin,lig_1
WIDGEW,C(=[N-])=S,spin-crossover,high-spin,lig_1
WIDGIA,C(=[N-])=S,high-spin,high-spin,lig_1
ZUBNAO01,C(=[N-])=S,spin-crossover,high-spin,lig_1
ZUBNAO,C(=[N-])=S,spin-crossover,low-spin,lig_1
ZUBNES,C(=[N-])=S,spin-crossover,high-spin,lig_1
ZUBNIW01,C(=[N-])=S,spin-crossover,low-spin,lig_1
ZUBNOC,C(=[N-])=S,high-spin,high-spin,lig_1
ATAVAU,C(=[N-])=S,spin-crossover,low-spin,lig_1
ATAVEY01,C(=[N-])=S,spin-crossover,high-spin,lig_1
ATAVEY,C(=[N-])=S,spin-crossover,low-spin,lig_1
DUKJAW01,C(=[N-])=S,spin-crossover,high-spin,lig_1
DUKJAW,C(=[N-])=S,spin-crossover,low-spin,lig_1
DUKJIE,C(=[N-])=S,high-spin,high-spin,lig_1
HAPDOU,C(=[N-])=S,high-spin,high-spin,lig_1
KULTAO04,C(=[N-])=S,spin-crossover,high-spin,lig_1
KULTAO05,C(=[N-])=S,spin-crossover,low-spin,lig_1
POWSID01,C(=[N-])=S,spin-crossover,high-spin,lig_1
TISWIC,C(=[N-])=S,spin-crossover,high-spin,lig_1
TISWIC01,C(=[N-])=S,spin-crossover,low-spin,lig_1
BOCYOK02,C(=[N-])=S,spin-crossover,high-spin,lig_1
BOCYOK,C(=[N-])=S,spin-crossover,low-spin,lig_1
UZAXUQ,C(=[N-])=S,spin-crossover,high-spin,lig_1
ZOYKUV01,C(=[N-])=S,spin-crossover,high-spin,lig_1
ZOYKUV,C(=[N-])=S,spin-crossover,low-spin,lig_1
AJAXEP,C(=[N-])=S,spin-crossover,high-spin,lig_1
NEFSIA01,C(=[N-])=S,spin-crossover,high-spin,lig_1
NEFSIA02,C(=[N-])=S,spin-crossover,low-spin,lig_1
NUMBEC01,C(=[N-])=S,spin-crossover,high-spin,lig_1
NUMBEC,C(=[N-])=S,high-spin,high-spin,lig_1
NUMBEC02,C(=[N-])=S,spin-crossover,high-spin,lig_1
UZELAN,C(=[N-])=S,high-spin,high-spin,lig_1
BAXXAB01,C(=[N-])=S,spin-crossover,high-spin,lig_1
ABISOV,C(=[N-])=S,spin-crossover,high-spin,lig_1
ABISOV02,C(=[N-])=S,spin-crossover,low-spin,lig_1
ABITEM,C(=[N-])=S,spin-crossover,high-spin,lig_1
ABITEM01,C(=[N-])=S,spin-crossover,low-spin,lig_1
ABITUC01,C(=[N-])=S,spin-crossover,high-spin,lig_1
ABITUC,C(=[N-])=S,spin-crossover,low-spin,lig_1
ABIVAK,C(=[N-])=S,spin-crossover,high-spin,lig_1
ABIVAK01,C(=[N-])=S,spin-crossover,low-spin,lig_1
CECVUD,C(=[N-])=S,high-spin,high-spin,lig_1
EBOTOG,C(=[N-])=S,spin-crossover,high-spin,lig_1
EBOTOG01,C(=[N-])=S,spin-crossover,low-spin,lig_1
EBOVAU,C(=[N-])=S,high-spin,high-spin,lig_1
LUWSUS01,C(=[N-])=S,spin-crossover,high-spin,lig_1
LUWSUS,C(=[N-])=S,spin-crossover,mixture,lig_1
LUWSUS03,C(=[N-])=S,spin-crossover,high-spin,lig_1
LUWSUS02,C(=[N-])=S,spin-crossover,mixture,lig_1
LUWSUS06,C(=[N-])=S,spin-crossover,high-spin,lig_1
LUWSUS05,C(=[N-])=S,spin-crossover,mixture,lig_1
LUWSUS04,C(=[N-])=S,spin-crossover,low-spin,lig_1
LUWSUS09,C(=[N-])=S,spin-crossover,high-spin,lig_1
LUWSUS07,C(=[N-])=S,spin-crossover,low-spin,lig_1
LUWTED02,C(=[N-])=S,spin-crossover,high-spin,lig_1
LUWTED01,C(=[N-])=S,spin-crossover,mixture,lig_1
LUWTED,C(=[N-])=S,spin-crossover,low-spin,lig_1
WAHKEX01,C(=[N-])=S,spin-crossover,high-spin,lig_1
WAHKEX,C(=[N-])=S,spin-crossover,low-spin,lig_1
TEKHAU,C(=[N-])=S,high-spin,high-spin,lig_1
TEKHEY,C(=[N-])=S,high-spin,high-spin,lig_1
TEKHIC,C(=[N-])=S,high-spin,high-spin,lig_1
HOLSIN,C(=[N-])=S,high-spin,high-spin,lig_1
HOLSUZ,C(=[N-])=S,spin-crossover,high-spin,lig_1
HOLTUA,C(=[N-])=S,high-spin,high-spin,lig_1
JAQQIB,C(=[N-])=S,low-spin,low-spin,lig_1
LINRAC,C(=[N-])=S,high-spin,high-spin,lig_1
MIFRIF,C(=[N-])=S,high-spin,high-spin,lig_1
TEKHOI,C(=[N-])=S,high-spin,high-spin,lig_1
TEKHUO,C(=[N-])=S,high-spin,high-spin,lig_1
JUVHIR01,Cn1cnnn1,spin-crossover,high-spin,lig_2
JUVHIR03,Cn1cnnn1,spin-crossover,mixture,lig_2
JUVHEN,Cn1cnnn1,spin-crossover,mixture,lig_2
LAGJEK01,Cn1cnnn1,spin-crossover,mixture,lig_2
LAGJEK02,Cn1cnnn1,spin-crossover,mixture,lig_2
APAFEH,c1ccnc(c1)CN,low-spin,low-spin,lig_3
APAFEM01,c1ccnc(c1)CN,spin-crossover,high-spin,lig_3
APAFEM05,c1ccnc(c1)CN,spin-crossover,low-spin,lig_3
FEPICC36,c1ccnc(c1)CN,spin-crossover,high-spin,lig_3
FEPICC37,c1ccnc(c1)CN,spin-crossover,low-spin,lig_3
IBIXEX,c1ccnc(c1)CN,spin-crossover,high-spin,lig_3
IBIWUM,c1ccnc(c1)CN,high-spin,high-spin,lig_3
IBIXAT10,c1ccnc(c1)CN,spin-crossover,high-spin,lig_3
IBIXAT14,c1ccnc(c1)CN,spin-crossover,low-spin,lig_3
IBIXIB,c1ccnc(c1)CN,high-spin,high-spin,lig_3
DIXLUR10,c1ccnc(c1)CN,spin-crossover,high-spin,lig_3
PUTGOC01,c1ccnc(c1)CN,spin-crossover,high-spin,lig_3
PUTGOC,c1ccnc(c1)CN,spin-crossover,low-spin,lig_3
PUTHAP01,c1ccnc(c1)CN,spin-crossover,high-spin,lig_3
PUTHAP,c1ccnc(c1)CN,spin-crossover,low-spin,lig_3
PUTHIX01,c1ccnc(c1)CN,spin-crossover,high-spin,lig_3
PUTHIX,c1ccnc(c1)CN,spin-crossover,low-spin,lig_3
OLAYAC,c1ccnc(c1)CN,spin-crossover,high-spin,lig_3
OLAYAC01,c1ccnc(c1)CN,spin-crossover,high-spin,lig_3
HIXDOK01,c1ccc(cc1)c2cc(n[nH]2)c3cccc(n3)c4[nH]c5ccccc5n4,spin-crossover,high-spin,lig_4
HIXDOK,c1ccc(cc1)c2cc(n[nH]2)c3cccc(n3)c4[nH]c5ccccc5n4,spin-crossover,low-spin,lig_4
TULHIU,c1cc(c(c(c1)F)n2c(cc(n2)c3cccc(n3)c4cc(n(n4)c5c(cccc5F)F)O)O)F,high-spin,high-spin,lig_5
AKEMUY,C(=[N-])=[Se],spin-crossover,low-spin,lig_6
WATJEJ,C(=[N-])=[Se],spin-crossover,mixture,lig_6
WATJEJ01,C(=[N-])=[Se],spin-crossover,low-spin,lig_6
POGXUG,C(=[N-])=[Se],high-spin,high-spin,lig_6
QAHVOK,C(=[N-])=[Se],spin-crossover,high-spin,lig_6
BOCZEB03,C(=[N-])=[Se],spin-crossover,high-spin,lig_6
BOCZEB,C(=[N-])=[Se],spin-crossover,low-spin,lig_6
AFOYUS02,C(=[N-])=[Se],spin-crossover,high-spin,lig_6
AFOYUS,C(=[N-])=[Se],spin-crossover,low-spin,lig_6
AFUJOD01,C(=[N-])=[Se],spin-crossover,high-spin,lig_6
AFOYOM,C(=[N-])=[Se],spin-crossover,low-spin,lig_6
XUGGEO,C(=[N-])=[Se],spin-crossover,high-spin,lig_6
XUGGEO02,C(=[N-])=[Se],spin-crossover,low-spin,lig_6
XUGGEO01,C(=[N-])=[Se],spin-crossover,high-spin,lig_6
XUGGEO03,C(=[N-])=[Se],spin-crossover,low-spin,lig_6
XUGGIS01,C(=[N-])=[Se],spin-crossover,high-spin,lig_6
XUGGIS,C(=[N-])=[Se],spin-crossover,low-spin,lig_6
XUGHAL,C(=[N-])=[Se],spin-crossover,high-spin,lig_6
XUGGIS02,C(=[N-])=[Se],spin-crossover,low-spin,lig_6
XUGGUE,C(=[N-])=[Se],high-spin,high-spin,lig_6
HOLTAG,C(=[N-])=[Se],high-spin,high-spin,lig_6
HOLTOU,C(=[N-])=[Se],high-spin,high-spin,lig_6
MIFROL01,C(=[N-])=[Se],spin-crossover,high-spin,lig_6
MIFROL,C(=[N-])=[Se],spin-crossover,low-spin,lig_6
QUHWAT,C(=[N-])=[Se],spin-crossover,high-spin,lig_6
QUHWAT01,C(=[N-])=[Se],spin-crossover,mixture,lig_6
QUHWAT02,C(=[N-])=[Se],high-spin,high-spin,lig_6
NUMBEC01,c1ccnc(c1)CN(CCCN)Cc2ccccn2,spin-crossover,high-spin,lig_7
NUMBEC,c1ccnc(c1)CN(CCCN)Cc2ccccn2,high-spin,high-spin,lig_7
NUMBEC02,c1ccnc(c1)CN(CCCN)Cc2ccccn2,spin-crossover,high-spin,lig_7
NEMSAZ,c1cc(nc(c1)c2cc[nH]n2)c3cc[nH]n3,spin-crossover,high-spin,lig_8
NEMSED,c1cc(nc(c1)c2cc[nH]n2)c3cc[nH]n3,spin-crossover,high-spin,lig_8
UJEDOC01,c1cc(nc(c1)c2cc[nH]n2)c3cc[nH]n3,spin-crossover,high-spin,lig_8
UJEDOC,c1cc(nc(c1)c2cc[nH]n2)c3cc[nH]n3,spin-crossover,low-spin,lig_8
ILACON,c1cc(nc(c1)c2cc[nH]n2)c3cc[nH]n3,spin-crossover,low-spin,lig_8
LAQYIM,c1cc(nc(c1)c2cc[nH]n2)c3cc[nH]n3,spin-crossover,mixture,lig_8
HECCOJ01,c1cc(nc(c1)c2cc[nH]n2)c3cc[nH]n3,spin-crossover,high-spin,lig_8
HECCOJ,c1cc(nc(c1)c2cc[nH]n2)c3cc[nH]n3,spin-crossover,low-spin,lig_8
NERDIA01,c1cc(nc(c1)c2cc[nH]n2)c3cc[nH]n3,spin-crossover,high-spin,lig_8
NERDIA,c1cc(nc(c1)c2cc[nH]n2)c3cc[nH]n3,spin-crossover,low-spin,lig_8
SOJKUY,c1cc(nc(c1)c2cc[nH]n2)c3cc[nH]n3,high-spin,high-spin,lig_8
VEVQOE,c1cc(nc(c1)c2cc[nH]n2)c3cc[nH]n3,spin-crossover,mixture,lig_8
GIVZIV,c1cc(nc(c1)c2cc[nH]n2)c3cc[nH]n3,high-spin,high-spin,lig_8
GIVZAN,c1cc(nc(c1)c2cc[nH]n2)c3cc[nH]n3,spin-crossover,low-spin,lig_8
GIVZER,c1cc(nc(c1)c2cc[nH]n2)c3cc[nH]n3,spin-crossover,mixture,lig_8
HOMXIT,c1cc(nc(c1)c2cc[nH]n2)c3cc[nH]n3,spin-crossover,high-spin,lig_8
HOMXIT01,c1cc(nc(c1)c2cc[nH]n2)c3cc[nH]n3,spin-crossover,mixture,lig_8
HOMXIT02,c1cc(nc(c1)c2cc[nH]n2)c3cc[nH]n3,spin-crossover,low-spin,lig_8
JANSAS,CCCn1cnnn1,spin-crossover,high-spin,lig_9
JANSAS06,CCCn1cnnn1,spin-crossover,low-spin,lig_9
JUVGUC,CCCn1cnnn1,spin-crossover,high-spin,lig_9
NEFVID,CCCn1cnnn1,spin-crossover,high-spin,lig_9
COMRAY,c1cnn(c1)c2cc(cc(n2)n3cccn3)I,spin-crossover,low-spin,lig_10
DOMQIH,c1ccc2c(c1)[n-]c(n2)c3ccc4ccc5cccnc5c4n3,low-spin,low-spin,lig_11
QIDKOE,CCCCCn1nc(nn1)c2ccc3ccc4cccnc4c3n2,spin-crossover,low-spin,lig_12
QIDKUK,CCCCCn1nc(nn1)c2ccc3ccc4cccnc4c3n2,spin-crossover,low-spin,lig_12
ZOYKUV01,CCCCCCCCCCCCCCCC(=O)Nn1c(nnc1c2ccccn2)c3ccccn3,spin-crossover,high-spin,lig_13
ZOYKUV,CCCCCCCCCCCCCCCC(=O)Nn1c(nnc1c2ccccn2)c3ccccn3,spin-crossover,low-spin,lig_13
MALJIT,[B-](c1ccc(cc1)I)(n2ccc(n2)C)(n3ccc(n3)C)n4ccc(n4)C,high-spin,high-spin,lig_14
MALJIT01,[B-](c1ccc(cc1)I)(n2ccc(n2)C)(n3ccc(n3)C)n4ccc(n4)C,spin-crossover,high-spin,lig_14
MALJIT03,[B-](c1ccc(cc1)I)(n2ccc(n2)C)(n3ccc(n3)C)n4ccc(n4)C,spin-crossover,low-spin,lig_14
MALJOZ,[B-](c1ccc(cc1)I)(n2ccc(n2)C)(n3ccc(n3)C)n4ccc(n4)C,spin-crossover,high-spin,lig_14
MALJOZ01,[B-](c1ccc(cc1)I)(n2ccc(n2)C)(n3ccc(n3)C)n4ccc(n4)C,spin-crossover,low-spin,lig_14
MOFRAA,Cc1cc(n(n1)C(n2c(cc(n2)C)C)n3c(cc(n3)C)C)C,spin-crossover,high-spin,lig_15
MOFRAA,Cc1cc(n(n1)C(n2c(cc(n2)C)C)n3c(cc(n3)C)C)C,spin-crossover,high-spin,lig_15
MOFREE,Cc1cc(n(n1)C(n2c(cc(n2)C)C)n3c(cc(n3)C)C)C,spin-crossover,high-spin,lig_15
MOFREE,Cc1cc(n(n1)C(n2c(cc(n2)C)C)n3c(cc(n3)C)C)C,spin-crossover,high-spin,lig_15
XEFDER02,Cc1cc(n(n1)C(n2c(cc(n2)C)C)n3c(cc(n3)C)C)C,spin-crossover,high-spin,lig_15
XEFDER02,Cc1cc(n(n1)C(n2c(cc(n2)C)C)n3c(cc(n3)C)C)C,spin-crossover,high-spin,lig_15
XEFDER06,Cc1cc(n(n1)C(n2c(cc(n2)C)C)n3c(cc(n3)C)C)C,spin-crossover,mixture,lig_15
XEFDER06,Cc1cc(n(n1)C(n2c(cc(n2)C)C)n3c(cc(n3)C)C)C,spin-crossover,mixture,lig_15
YIMYEZ,Cc1cc(n(n1)C(n2c(cc(n2)C)C)n3c(cc(n3)C)C)C,spin-crossover,low-spin,lig_15
YIMYEZ01,Cc1cc(n(n1)C(n2c(cc(n2)C)C)n3c(cc(n3)C)C)C,spin-crossover,low-spin,lig_15
YIMYEZ02,Cc1cc(n(n1)C(n2c(cc(n2)C)C)n3c(cc(n3)C)C)C,spin-crossover,high-spin,lig_15
YIMYID02,Cc1cc(n(n1)C(n2c(cc(n2)C)C)n3c(cc(n3)C)C)C,spin-crossover,low-spin,lig_15
YIMYID04,Cc1cc(n(n1)C(n2c(cc(n2)C)C)n3c(cc(n3)C)C)C,spin-crossover,high-spin,lig_15
YIMYOJ,Cc1cc(n(n1)C(n2c(cc(n2)C)C)n3c(cc(n3)C)C)C,spin-crossover,low-spin,lig_15
ZEQMEP02,Cc1cc(n(n1)C(n2c(cc(n2)C)C)n3c(cc(n3)C)C)C,spin-crossover,high-spin,lig_15
ZIKKUC04,COc1ccccc1c2cc(n[nH]2)c3cccc(n3)c4cc([nH]n4)c5ccccc5OC,spin-crossover,high-spin,lig_16
ZIKKUC,COc1ccccc1c2cc(n[nH]2)c3cccc(n3)c4cc([nH]n4)c5ccccc5OC,spin-crossover,mixture,lig_16
ZIKMAK09,COc1ccccc1c2cc(n[nH]2)c3cccc(n3)c4cc([nH]n4)c5ccccc5OC,spin-crossover,mixture,lig_16
ZIKMAK05,COc1ccccc1c2cc(n[nH]2)c3cccc(n3)c4cc([nH]n4)c5ccccc5OC,spin-crossover,low-spin,lig_16
XAMNII,c1cnn(c1)C(n2cccn2)n3cccn3,spin-crossover,low-spin,lig_17
XAMNII,c1cnn(c1)C(n2cccn2)n3cccn3,spin-crossover,low-spin,lig_17
XAMNII01,c1cnn(c1)C(n2cccn2)n3cccn3,spin-crossover,low-spin,lig_17
XAMNII01,c1cnn(c1)C(n2cccn2)n3cccn3,spin-crossover,low-spin,lig_17
XEVYUS,c1cnn(c1)C(n2cccn2)n3cccn3,spin-crossover,low-spin,lig_17
XEVYUS,c1cnn(c1)C(n2cccn2)n3cccn3,spin-crossover,low-spin,lig_17
YIMYEZ,c1cnn(c1)C(n2cccn2)n3cccn3,spin-crossover,low-spin,lig_17
YIMYEZ01,c1cnn(c1)C(n2cccn2)n3cccn3,spin-crossover,low-spin,lig_17
YIMYEZ02,c1cnn(c1)C(n2cccn2)n3cccn3,spin-crossover,high-spin,lig_17
BUNSIN,c1ccnc(c1)C[N@]2CCCNCC[N@](CCCNCC2)Cc3ccccn3,spin-crossover,high-spin,lig_18
BUNSIN01,c1ccnc(c1)C[N@]2CCCNCC[N@](CCCNCC2)Cc3ccccn3,spin-crossover,low-spin,lig_18
ETUHIM,c1ccnc(c1)C[N@]2CCCNCC[N@](CCCNCC2)Cc3ccccn3,spin-crossover,high-spin,lig_18
ETUHIM02,c1ccnc(c1)C[N@]2CCCNCC[N@](CCCNCC2)Cc3ccccn3,spin-crossover,low-spin,lig_18
ETUJEK,c1ccnc(c1)C[N@]2CCCNCC[N@](CCCNCC2)Cc3ccccn3,spin-crossover,high-spin,lig_18
ILAWUP,c1ccc(c(c1)c2cc(n[nH]2)c3cccc(n3)c4cc([nH]n4)c5ccccc5O)O,high-spin,high-spin,lig_19
HECBUO,c1ccc(c(c1)c2cc(n[nH]2)c3cccc(n3)c4cc([nH]n4)c5ccccc5O)O,high-spin,high-spin,lig_19
HECCEZ,c1ccc(c(c1)c2cc(n[nH]2)c3cccc(n3)c4cc([nH]n4)c5ccccc5O)O,high-spin,high-spin,lig_19
HECCID,c1ccc(c(c1)c2cc(n[nH]2)c3cccc(n3)c4cc([nH]n4)c5ccccc5O)O,high-spin,high-spin,lig_19
ITINOP,c1ccc(c(c1)c2cc(n[nH]2)c3cccc(n3)c4cc([nH]n4)c5ccccc5O)O,spin-crossover,high-spin,lig_19
ITINOP03,c1ccc(c(c1)c2cc(n[nH]2)c3cccc(n3)c4cc([nH]n4)c5ccccc5O)O,spin-crossover,low-spin,lig_19
VISCAD,c1ccc(c(c1)c2cc(n[nH]2)c3cccc(n3)c4cc([nH]n4)c5ccccc5O)O,spin-crossover,high-spin,lig_19
HIXFOK,CCCCCCOc1cnc(cc1)/C=N/CCN(CC/N=C/c2ncc(cc2)OCCCCCC)CC/N=C/c3ncc(cc3)OCCCCCC,low-spin,low-spin,lig_20
JIQDAP,c1c(n[nH]c1)/C=N/CCN(CC/N=C/c2n[nH]cc2)CC/N=C/c3n[nH]cc3,high-spin,high-spin,lig_21
ISULAJ,c1c(n[nH]c1)/C=N/CCN(CC/N=C/c2n[nH]cc2)CC/N=C/c3n[nH]cc3,high-spin,high-spin,lig_21
JIQDET,c1c(n[nH]c1)/C=N/CCN(CC/N=C/c2n[nH]cc2)CC/N=C/c3n[nH]cc3,spin-crossover,high-spin,lig_21
JIQDET04,c1c(n[nH]c1)/C=N/CCN(CC/N=C/c2n[nH]cc2)CC/N=C/c3n[nH]cc3,spin-crossover,low-spin,lig_21
RAKZIM,c1nnnn1CCCl,spin-crossover,high-spin,lig_22
RAKZIM01,c1nnnn1CCCl,spin-crossover,low-spin,lig_22
PEJQIF,c1nnnn1CCCl,spin-crossover,high-spin,lig_22
PEJQIF01,c1nnnn1CCCl,spin-crossover,low-spin,lig_22
TISWIC,Cc1cnc2c3cccnc3c4c(c2n1)cccn4,spin-crossover,high-spin,lig_23
TISWIC01,Cc1cnc2c3cccnc3c4c(c2n1)cccn4,spin-crossover,low-spin,lig_23
DOQRAC,CN1CCN(CCN(CC1)C)C,spin-crossover,high-spin,lig_24
DOQRAC01,CN1CCN(CCN(CC1)C)C,spin-crossover,low-spin,lig_24
RONPIT41,c1ccc(cc1)c2ccc(cc2)/N=C/c3ccccn3,spin-crossover,high-spin,lig_25
RONPIT39,c1ccc(cc1)c2ccc(cc2)/N=C/c3ccccn3,spin-crossover,low-spin,lig_25
RONPIT26,c1ccc(cc1)c2ccc(cc2)/N=C/c3ccccn3,spin-crossover,high-spin,lig_25
RONPIT34,c1ccc(cc1)c2ccc(cc2)/N=C/c3ccccn3,spin-crossover,low-spin,lig_25
JOJQEE,c1ccc(cc1)c2cc(nc(c2)c3cccc(n3)c4ccccn4)c5ccccc5,high-spin,high-spin,lig_26
ABISOV,c1ccnc(c1)CN(Cc2ccccn2)Cc3ccccn3,spin-crossover,high-spin,lig_27
ABISOV02,c1ccnc(c1)CN(Cc2ccccn2)Cc3ccccn3,spin-crossover,low-spin,lig_27
ABITEM,c1ccnc(c1)CN(Cc2ccccn2)Cc3ccccn3,spin-crossover,high-spin,lig_27
ABITEM01,c1ccnc(c1)CN(Cc2ccccn2)Cc3ccccn3,spin-crossover,low-spin,lig_27
ABITUC01,c1ccnc(c1)CN(Cc2ccccn2)Cc3ccccn3,spin-crossover,high-spin,lig_27
ABITUC,c1ccnc(c1)CN(Cc2ccccn2)Cc3ccccn3,spin-crossover,low-spin,lig_27
ABIVAK,c1ccnc(c1)CN(Cc2ccccn2)Cc3ccccn3,spin-crossover,high-spin,lig_27
ABIVAK01,c1ccnc(c1)CN(Cc2ccccn2)Cc3ccccn3,spin-crossover,low-spin,lig_27
EBOTOG,c1ccnc(c1)CN(Cc2ccccn2)Cc3ccccn3,spin-crossover,high-spin,lig_27
EBOTOG01,c1ccnc(c1)CN(Cc2ccccn2)Cc3ccccn3,spin-crossover,low-spin,lig_27
EBOVAU,c1ccnc(c1)CN(Cc2ccccn2)Cc3ccccn3,high-spin,high-spin,lig_27
LUWSUS01,c1ccnc(c1)CN(Cc2ccccn2)Cc3ccccn3,spin-crossover,high-spin,lig_27
LUWSUS,c1ccnc(c1)CN(Cc2ccccn2)Cc3ccccn3,spin-crossover,mixture,lig_27
LUWSUS03,c1ccnc(c1)CN(Cc2ccccn2)Cc3ccccn3,spin-crossover,high-spin,lig_27
LUWSUS02,c1ccnc(c1)CN(Cc2ccccn2)Cc3ccccn3,spin-crossover,mixture,lig_27
LUWSUS06,c1ccnc(c1)CN(Cc2ccccn2)Cc3ccccn3,spin-crossover,high-spin,lig_27
LUWSUS05,c1ccnc(c1)CN(Cc2ccccn2)Cc3ccccn3,spin-crossover,mixture,lig_27
LUWSUS04,c1ccnc(c1)CN(Cc2ccccn2)Cc3ccccn3,spin-crossover,low-spin,lig_27
LUWSUS09,c1ccnc(c1)CN(Cc2ccccn2)Cc3ccccn3,spin-crossover,high-spin,lig_27
LUWSUS07,c1ccnc(c1)CN(Cc2ccccn2)Cc3ccccn3,spin-crossover,low-spin,lig_27
LUWTED02,c1ccnc(c1)CN(Cc2ccccn2)Cc3ccccn3,spin-crossover,high-spin,lig_27
LUWTED01,c1ccnc(c1)CN(Cc2ccccn2)Cc3ccccn3,spin-crossover,mixture,lig_27
LUWTED,c1ccnc(c1)CN(Cc2ccccn2)Cc3ccccn3,spin-crossover,low-spin,lig_27
AFOYUS02,c1ccnc(c1)CN(Cc2ccccn2)Cc3ccccn3,spin-crossover,high-spin,lig_27
AFOYUS,c1ccnc(c1)CN(Cc2ccccn2)Cc3ccccn3,spin-crossover,low-spin,lig_27
AFUJOD01,c1ccnc(c1)CN(Cc2ccccn2)Cc3ccccn3,spin-crossover,high-spin,lig_27
AFOYOM,c1ccnc(c1)CN(Cc2ccccn2)Cc3ccccn3,spin-crossover,low-spin,lig_27
DUWHIO03,c1ccnc(c1)c2cccc(n2)Nc3cccc(n3)c4ccccn4,spin-crossover,high-spin,lig_28
DUWHIO,c1ccnc(c1)c2cccc(n2)Nc3cccc(n3)c4ccccn4,spin-crossover,low-spin,lig_28
KOKKUR,c1ccnc(c1)Cn2ccc(n2)c3ccccn3,spin-crossover,high-spin,lig_29
KOKKUR02,c1ccnc(c1)Cn2ccc(n2)c3ccccn3,spin-crossover,low-spin,lig_29
DUKJAW01,c1cc(cnc1)c2[nH]c3c4cccnc4c5c(c3n2)cccn5,spin-crossover,high-spin,lig_30
DUKJAW,c1cc(cnc1)c2[nH]c3c4cccnc4c5c(c3n2)cccn5,spin-crossover,low-spin,lig_30
KALWUR,Cc1cc(n[nH]1)c2cccc(n2)c3cc([nH]n3)C,spin-crossover,mixture,lig_31
KALXAY01,Cc1cc(n[nH]1)c2cccc(n2)c3cc([nH]n3)C,spin-crossover,high-spin,lig_31
KALXAY,Cc1cc(n[nH]1)c2cccc(n2)c3cc([nH]n3)C,spin-crossover,low-spin,lig_31
KIFLUJ,c1ccnc(c1)C[N@]2CCC[N@@]3CC[N@@](CCC[N@@](CC3)Cc4ccccn4)CC2,spin-crossover,mixture,lig_32
VASZEW,c1ccc2c(c1)ccnc2Nc3cccc(n3)c4cccc(n4)Nc5c6ccccc6ccn5,spin-crossover,high-spin,lig_33
VASZEW01,c1ccc2c(c1)ccnc2Nc3cccc(n3)c4cccc(n4)Nc5c6ccccc6ccn5,spin-crossover,low-spin,lig_33
YUYHOR01,[BH3-]C#N,spin-crossover,high-spin,lig_34
YUYHOR,[BH3-]C#N,spin-crossover,low-spin,lig_34
HOLTEK,[BH3-]C#N,spin-crossover,high-spin,lig_34
HOLSOT,[BH3-]C#N,spin-crossover,low-spin,lig_34
MIFSEC,[BH3-]C#N,spin-crossover,high-spin,lig_34
MIFSAY,[BH3-]C#N,spin-crossover,low-spin,lig_34
ECELII,Cc1ccn(n1)c2cccc(n2)n3ccc(n3)C,high-spin,high-spin,lig_35
AFANEB02,Cc1ccn(n1)c2cccc(n2)n3ccc(n3)C,spin-crossover,high-spin,lig_35
AFANEB,Cc1ccn(n1)c2cccc(n2)n3ccc(n3)C,spin-crossover,low-spin,lig_35
AFANIF02,Cc1ccn(n1)c2cccc(n2)n3ccc(n3)C,spin-crossover,high-spin,lig_35
VASYUL01,Cc1cccnc1Nc2cccc(n2)c3cccc(n3)Nc4c(cccn4)C,spin-crossover,high-spin,lig_36
VASYUL,Cc1cccnc1Nc2cccc(n2)c3cccc(n3)Nc4c(cccn4)C,spin-crossover,low-spin,lig_36
VEYTIC,c1ccc2c(c1)[nH]c(n2)c3[nH]c4ccccc4n3,high-spin,high-spin,lig_37
VEYTEY,c1ccc2c(c1)[nH]c(n2)c3[nH]c4ccccc4n3,high-spin,high-spin,lig_37
YUZTOD,c1cc(cnc1)c2cc(nc(c2)n3cccn3)n4cccn4,spin-crossover,low-spin,lig_38
YUZTIX,c1cc(cnc1)c2cc(nc(c2)n3cccn3)n4cccn4,spin-crossover,low-spin,lig_38
YUZTUJ,c1cc(cnc1)c2cc(nc(c2)n3cccn3)n4cccn4,spin-crossover,low-spin,lig_38
COLJAO,c1ccnc(c1)c2csc(n2)Nc3ccccn3,high-spin,high-spin,lig_39
QIDLIZ,CCCCCCCn1nc(nn1)c2ccc3ccc4cccnc4c3n2,low-spin,low-spin,lig_40
QIDLOF,CCCCCCCn1nc(nn1)c2ccc3ccc4cccnc4c3n2,low-spin,low-spin,lig_40
NESVUD,Cc1cnn(c1)c2cccc(n2)n3cc(cn3)C,spin-crossover,high-spin,lig_41
NESVUD01,Cc1cnn(c1)c2cccc(n2)n3cc(cn3)C,spin-crossover,low-spin,lig_41
NESWAK,Cc1cnn(c1)c2cccc(n2)n3cc(cn3)C,spin-crossover,low-spin,lig_41
NIQFUP11,Cc1nc(ccc1)/C=N/CCN(CC/N=C/c2nc(ccc2)C)CC/N=C/c3nc(ccc3)C,spin-crossover,high-spin,lig_42
NIQFUP,Cc1nc(ccc1)/C=N/CCN(CC/N=C/c2nc(ccc2)C)CC/N=C/c3nc(ccc3)C,spin-crossover,low-spin,lig_42
YIVSEB,Cc1nc(nn1C)c2ccccn2,spin-crossover,high-spin,lig_43
BAYZEH01,c1ccnc(c1)C(=C2SC=CS2)c3ccccn3,spin-crossover,high-spin,lig_44
BAYZEH,c1ccnc(c1)C(=C2SC=CS2)c3ccccn3,spin-crossover,low-spin,lig_44
MELLOF02,c1ccnc(c1)CNCCCN(CCCNCc2ccccn2)Cc3ccccn3,spin-crossover,high-spin,lig_45
MELLOF01,c1ccnc(c1)CNCCCN(CCCNCc2ccccn2)Cc3ccccn3,spin-crossover,mixture,lig_45
MELLOF,c1ccnc(c1)CNCCCN(CCCNCc2ccccn2)Cc3ccccn3,spin-crossover,low-spin,lig_45
VEWVEY,Cc1cccc(n1)c2ccccn2,spin-crossover,high-spin,lig_46
IMAHIO01,Cc1cccc(n1)c2ccccn2,spin-crossover,high-spin,lig_46
IMAHIO,Cc1cccc(n1)c2ccccn2,spin-crossover,low-spin,lig_46
EBUQAU01,c1[nH]cnc1/C=N/CCN(CC/N=C/c2nc[nH]c2)CC/N=C/c3nc[nH]c3,spin-crossover,high-spin,lig_47
EBUQAU,c1[nH]cnc1/C=N/CCN(CC/N=C/c2nc[nH]c2)CC/N=C/c3nc[nH]c3,spin-crossover,low-spin,lig_47
COMREC,c1cnn(c1)c2cc(cc(n2)n3cccn3)c4ccc(cc4)O,spin-crossover,low-spin,lig_48
LOQPAI,c1ccc2c(c1)nc(c(n2)c3ccccn3)c4ccccn4,high-spin,high-spin,lig_49
QUNYAA,c1cc2c(c3c(cccn3)c4c2nsn4)nc1,spin-crossover,low-spin,lig_50
QUNYEE01,c1cc2c(c3c(cccn3)c4c2nsn4)nc1,spin-crossover,high-spin,lig_50
QUNYEE,c1cc2c(c3c(cccn3)c4c2nsn4)nc1,spin-crossover,low-spin,lig_50
NIXXAW,Cc1cc(c(c(c1)C)c2cc(n[nH]2)c3cccc(n3)c4[nH]c5ccccc5n4)C,spin-crossover,mixture,lig_51
FEBPYC04,c1ccnc(c1)c2ccccn2,spin-crossover,high-spin,lig_52
FEBPYC02,c1ccnc(c1)c2ccccn2,spin-crossover,low-spin,lig_52
ENUBAR,c1[nH]c(nc1)/C=N/CCN(CC/N=C/c2ncc[nH]2)CC/N=C/c3ncc[nH]3,spin-crossover,high-spin,lig_53
ENUBAR02,c1[nH]c(nc1)/C=N/CCN(CC/N=C/c2ncc[nH]2)CC/N=C/c3ncc[nH]3,spin-crossover,low-spin,lig_53
EYIJEB,c1[nH]c(nc1)/C=N/CCN(CC/N=C/c2ncc[nH]2)CC/N=C/c3ncc[nH]3,spin-crossover,low-spin,lig_53
QOMDAY,c1ccnc(c1)Nc2cccc(n2)c3cccc(n3)Nc4ccccn4,spin-crossover,high-spin,lig_54
QOMDAY01,c1ccnc(c1)Nc2cccc(n2)c3cccc(n3)Nc4ccccn4,spin-crossover,mixture,lig_54
QOMDAY02,c1ccnc(c1)Nc2cccc(n2)c3cccc(n3)Nc4ccccn4,spin-crossover,low-spin,lig_54
OLAYAC,C1CNC(=NC1)C2=NCCCN2,spin-crossover,high-spin,lig_55
OLAYAC01,C1CNC(=NC1)C2=NCCCN2,spin-crossover,high-spin,lig_55
IMAHIO01,C1CNC(=NC1)C2=NCCCN2,spin-crossover,high-spin,lig_55
IMAHIO,C1CNC(=NC1)C2=NCCCN2,spin-crossover,low-spin,lig_55
IZAFEW03,c1cc(nc(c1)C2=NCCO2)C3=NCCO3,spin-crossover,high-spin,lig_56
IZAFEW,c1cc(nc(c1)C2=NCCO2)C3=NCCO3,spin-crossover,low-spin,lig_56
IZAFIA,c1cc(nc(c1)C2=NCCO2)C3=NCCO3,spin-crossover,low-spin,lig_56
IZAFOG01,c1cc(nc(c1)C2=NCCO2)C3=NCCO3,spin-crossover,high-spin,lig_56
IZAFOG,c1cc(nc(c1)C2=NCCO2)C3=NCCO3,spin-crossover,low-spin,lig_56
IZAGAT02,c1cc(nc(c1)C2=NCCO2)C3=NCCO3,spin-crossover,mixture,lig_56
IZAGAT,c1cc(nc(c1)C2=NCCO2)C3=NCCO3,spin-crossover,low-spin,lig_56
YEQKIR,CC(C)n1cnnn1,spin-crossover,high-spin,lig_57
PASGOF,C1CN=C(SC1)C2=NCCCS2,spin-crossover,high-spin,lig_58
PASGOF01,C1CN=C(SC1)C2=NCCCS2,spin-crossover,low-spin,lig_58
JAQVUS,Cc1[nH]nc(n1)c2cccc(n2)c3ccccn3,spin-crossover,low-spin,lig_59
NICSEA,c1cnn(c1)c2cc(ccn2)C(=O)O,low-spin,low-spin,lig_60
QAHVIE,c1ccnc(c1)c2nnc(n2N)c3ccccn3,spin-crossover,high-spin,lig_61
QAHVOK,c1ccnc(c1)c2nnc(n2N)c3ccccn3,spin-crossover,high-spin,lig_61
ZUCROE01,c1ccnc(c1)c2nnc(n2N)c3ccccn3,spin-crossover,mixture,lig_61
ZUCROE,c1ccnc(c1)c2nnc(n2N)c3ccccn3,spin-crossover,low-spin,lig_61
IQIJAT02,c1ccnc(c1)c2nnc(n2N)c3ccccn3,spin-crossover,high-spin,lig_61
IQIJAT,c1ccnc(c1)c2nnc(n2N)c3ccccn3,spin-crossover,low-spin,lig_61
HOLSIN,C[N@@](CC[N@](C)Cc1ccc2ccccc2n1)Cc3ccc4ccccc4n3,high-spin,high-spin,lig_62
HOLTAG,C[N@@](CC[N@](C)Cc1ccc2ccccc2n1)Cc3ccc4ccccc4n3,high-spin,high-spin,lig_62
VILZAT,C=CCn1ccc(n1)c2cccc(n2)c3ccn(n3)CC=C,high-spin,high-spin,lig_63
XECMIB01,c1ccc(cc1)c2ccc(cc2)c3ccc(cc3)/N=C/c4ccccn4,spin-crossover,high-spin,lig_64
XECMIB02,c1ccc(cc1)c2ccc(cc2)c3ccc(cc3)/N=C/c4ccccn4,spin-crossover,low-spin,lig_64
REWPOZ,c1cc(nc(c1)n2cc(cn2)Br)n3cc(cn3)Br,spin-crossover,high-spin,lig_65
QAHPIY02,c1cnoc1,spin-crossover,mixture,lig_66
QAHPIY01,c1cnoc1,spin-crossover,mixture,lig_66
FEISXC01,c1cnoc1,spin-crossover,high-spin,lig_66
YIMYID04,Cc1cnn(c1)C(n2cc(cn2)C)n3cc(cn3)C,spin-crossover,high-spin,lig_67
YIMYID02,Cc1cnn(c1)C(n2cc(cn2)C)n3cc(cn3)C,spin-crossover,low-spin,lig_67
QIDKIY,CCCCn1nc(nn1)c2ccc3ccc4cccnc4c3n2,spin-crossover,low-spin,lig_68
FETPYR,c1ccncc1,high-spin,high-spin,lig_69
TISWIC,c1ccncc1,spin-crossover,high-spin,lig_69
TISWIC01,c1ccncc1,spin-crossover,low-spin,lig_69
NETBUJ,c1ccc2c(c1)[nH]c(n2)c3cccc(n3)c4[nH]c5ccccc5n4,spin-crossover,low-spin,lig_70
ILAWUP,c1ccc2c(c1)[nH]c(n2)c3cccc(n3)c4[nH]c5ccccc5n4,high-spin,high-spin,lig_70
ZIKKUC04,c1ccc2c(c1)[nH]c(n2)c3cccc(n3)c4[nH]c5ccccc5n4,spin-crossover,high-spin,lig_70
ZIKKUC,c1ccc2c(c1)[nH]c(n2)c3cccc(n3)c4[nH]c5ccccc5n4,spin-crossover,mixture,lig_70
ZIKMAK09,c1ccc2c(c1)[nH]c(n2)c3cccc(n3)c4[nH]c5ccccc5n4,spin-crossover,mixture,lig_70
ZIKMAK05,c1ccc2c(c1)[nH]c(n2)c3cccc(n3)c4[nH]c5ccccc5n4,spin-crossover,low-spin,lig_70
UCIGUJ,c1ccnc(c1)c2c(c(c([n-]2)c3ccccn3)SC#N)SC#N,high-spin,high-spin,lig_71
WEKJIH,C/C(=N\CCNC)/c1ccccn1,low-spin,low-spin,lig_72
JAQQIB,c1ccnc(c1)C[N@@]2CCNCC[N@@](CC2)Cc3ccccn3,low-spin,low-spin,lig_73
IYUFOX01,c1cnn(c1)c2cc(cc(n2)n3cccn3)CO,spin-crossover,high-spin,lig_74
IYUFOX,c1cnn(c1)c2cc(cc(n2)n3cccn3)CO,spin-crossover,low-spin,lig_74
NESVOX,c1cnn(c1)c2cc(cc(n2)n3cccn3)CO,spin-crossover,high-spin,lig_74
NESVOX02,c1cnn(c1)c2cc(cc(n2)n3cccn3)CO,spin-crossover,low-spin,lig_74
NIXWEZ,Cc1ccc(cc1)c2cc(n[nH]2)c3cccc(n3)c4[nH]c5ccccc5n4,spin-crossover,mixture,lig_75
HPZBFE,[BH-](n1cccn1)(n2cccn2)n3cccn3,spin-crossover,low-spin,lig_76
HPZBFE,[BH-](n1cccn1)(n2cccn2)n3cccn3,spin-crossover,low-spin,lig_76
XECNAU01,c1ccc(cc1)/N=N/c2ccc(cc2)/N=C/c3ccccn3,spin-crossover,high-spin,lig_77
XECNAU,c1ccc(cc1)/N=N/c2ccc(cc2)/N=C/c3ccccn3,spin-crossover,low-spin,lig_77
IGEDUU,c1cc(nc(c1)n2cc(cn2)I)n3cc(cn3)I,low-spin,low-spin,lig_78
FENFOW,c1cc2ccc3ccc(nc3c2nc1)/N=N/c4ccc(cc4)Cl,low-spin,low-spin,lig_79
POWSID,c1ccc2c(c1)nc3c4cccnc4c5c(c3n2)cccn5,spin-crossover,high-spin,lig_80
POWSID01,c1ccc2c(c1)nc3c4cccnc4c5c(c3n2)cccn5,spin-crossover,high-spin,lig_80
ZIMMAJ,c1cnc([nH]1)c2[nH]ccn2,high-spin,high-spin,lig_81
TIHTAF01,c1cnc([nH]1)c2[nH]ccn2,spin-crossover,high-spin,lig_81
TIHTAF,c1cnc([nH]1)c2[nH]ccn2,spin-crossover,low-spin,lig_81
RESWES,[BH-](n1c(c(c(n1)C)C)C)(n2c(c(c(n2)C)C)C)n3c(c(c(n3)C)C)C,high-spin,high-spin,lig_82
DOMQON,Cc1ccc2ccc3ccc(nc3c2n1)c4[nH]c5ccccc5n4,high-spin,high-spin,lig_83
XUGGEO,c1ccnc(c1)CN[C@@H]2CCCC[C@H]2NCc3ccccn3,spin-crossover,high-spin,lig_84
XUGGEO02,c1ccnc(c1)CN[C@@H]2CCCC[C@H]2NCc3ccccn3,spin-crossover,low-spin,lig_84
XUGGEO01,c1ccnc(c1)CN[C@@H]2CCCC[C@H]2NCc3ccccn3,spin-crossover,high-spin,lig_84
XUGGEO03,c1ccnc(c1)CN[C@@H]2CCCC[C@H]2NCc3ccccn3,spin-crossover,low-spin,lig_84
XUGGUE,c1ccnc(c1)CN[C@@H]2CCCC[C@H]2NCc3ccccn3,high-spin,high-spin,lig_84
JAQVOM,Cn1cnc(n1)c2cccc(n2)c3ccccn3,spin-crossover,low-spin,lig_85
DUSMAH,CC1(COC(=N1)c2cccc(n2)C3=NC(CO3)(C)C)C,spin-crossover,high-spin,lig_86
DUSMAH03,CC1(COC(=N1)c2cccc(n2)C3=NC(CO3)(C)C)C,spin-crossover,low-spin,lig_86
DUSMUB,CC1(COC(=N1)c2cccc(n2)C3=NC(CO3)(C)C)C,high-spin,high-spin,lig_86
AWUKEK01,CC1(COC(=N1)c2cccc(n2)C3=NC(CO3)(C)C)C,high-spin,high-spin,lig_86
IZADEU,CC1(COC(=N1)c2cccc(n2)C3=NC(CO3)(C)C)C,spin-crossover,high-spin,lig_86
IZADEU01,CC1(COC(=N1)c2cccc(n2)C3=NC(CO3)(C)C)C,spin-crossover,mixture,lig_86
IZADOE,CC1(COC(=N1)c2cccc(n2)C3=NC(CO3)(C)C)C,high-spin,high-spin,lig_86
IZADUK01,CC1(COC(=N1)c2cccc(n2)C3=NC(CO3)(C)C)C,spin-crossover,high-spin,lig_86
IZADUK,CC1(COC(=N1)c2cccc(n2)C3=NC(CO3)(C)C)C,spin-crossover,low-spin,lig_86
FIWXOZ02,[B-](c1ccc(cc1)C#C)(n2ccc(n2)C)(n3ccc(n3)C)n4ccc(n4)C,spin-crossover,high-spin,lig_87
FIWXOZ,[B-](c1ccc(cc1)C#C)(n2ccc(n2)C)(n3ccc(n3)C)n4ccc(n4)C,spin-crossover,low-spin,lig_87
FIWXOZ01,[B-](c1ccc(cc1)C#C)(n2ccc(n2)C)(n3ccc(n3)C)n4ccc(n4)C,spin-crossover,mixture,lig_87
GAPSIA,c1cc(nc(c1)n2cccn2)n3cccn3,high-spin,high-spin,lig_88
ADIYUH,c1cc(nc(c1)n2cccn2)n3cccn3,high-spin,high-spin,lig_88
GAPSOG,c1cc(nc(c1)n2cccn2)n3cccn3,high-spin,high-spin,lig_88
OZOGIV,c1cc(nc(c1)n2cccn2)n3cccn3,high-spin,high-spin,lig_88
ECELAA,c1cc(nc(c1)n2cccn2)n3cccn3,high-spin,high-spin,lig_88
ECELEE01,c1cc(nc(c1)n2cccn2)n3cccn3,spin-crossover,mixture,lig_88
XENBEX06,c1cc(nc(c1)n2cccn2)n3cccn3,spin-crossover,high-spin,lig_88
XENBEX07,c1cc(nc(c1)n2cccn2)n3cccn3,spin-crossover,low-spin,lig_88
ADIYOB,c1cc(nc(c1)n2cccn2)n3cccn3,spin-crossover,low-spin,lig_88
LUXMOH,c1cc(nc(c1)n2cccn2)n3cccn3,spin-crossover,high-spin,lig_88
LUXMOH01,c1cc(nc(c1)n2cccn2)n3cccn3,spin-crossover,low-spin,lig_88
ZUBNAO01,c1ccc2c(c1)cc3ccccc3c2c4[nH]c5c6cccnc6c7c(c5n4)cccn7,spin-crossover,high-spin,lig_89
ZUBNAO,c1ccc2c(c1)cc3ccccc3c2c4[nH]c5c6cccnc6c7c(c5n4)cccn7,spin-crossover,low-spin,lig_89
ZUBNES,c1ccc2c(c1)cc3ccccc3c2c4[nH]c5c6cccnc6c7c(c5n4)cccn7,spin-crossover,high-spin,lig_89
ZUBNIW01,c1ccc2c(c1)cc3ccccc3c2c4[nH]c5c6cccnc6c7c(c5n4)cccn7,spin-crossover,low-spin,lig_89
ZUBNOC,c1ccc2c(c1)cc3ccccc3c2c4[nH]c5c6cccnc6c7c(c5n4)cccn7,high-spin,high-spin,lig_89
XUGGIS01,c1ccnc(c1)CN[C@H]2CCCC[C@@H]2NCc3ccccn3,spin-crossover,high-spin,lig_90
XUGGIS,c1ccnc(c1)CN[C@H]2CCCC[C@@H]2NCc3ccccn3,spin-crossover,low-spin,lig_90
XUGHAL,c1ccnc(c1)CN[C@H]2CCCC[C@@H]2NCc3ccccn3,spin-crossover,high-spin,lig_90
XUGGIS02,c1ccnc(c1)CN[C@H]2CCCC[C@@H]2NCc3ccccn3,spin-crossover,low-spin,lig_90
YUZTUJ,c1cc(c[nH+]c1)c2cc(nc(c2)n3cccn3)n4cccn4,spin-crossover,low-spin,lig_91
DEDNOQ,c1cnn(c1)c2cncc(n2)n3cccn3,high-spin,high-spin,lig_92
JAFCEZ,c1cnn(c1)c2cncc(n2)n3cccn3,spin-crossover,high-spin,lig_92
JAFCEZ01,c1cnn(c1)c2cncc(n2)n3cccn3,spin-crossover,low-spin,lig_92
EMIPIZ01,c1cnn(c1)c2cncc(n2)n3cccn3,spin-crossover,high-spin,lig_92
ULODUV,Cc1nc(c[nH]1)/C=N/CCN(CC/N=C/c2nc([nH]c2)C)CC/N=C/c3nc([nH]c3)C,high-spin,high-spin,lig_93
ULOFAD,Cc1nc(c[nH]1)/C=N/CCN(CC/N=C/c2nc([nH]c2)C)CC/N=C/c3nc([nH]c3)C,high-spin,high-spin,lig_93
ULOFEH,Cc1nc(c[nH]1)/C=N/CCN(CC/N=C/c2nc([nH]c2)C)CC/N=C/c3nc([nH]c3)C,high-spin,high-spin,lig_93
NAVYEP,Cc1nc(c[nH]1)/C=N/CCN(CC/N=C/c2nc([nH]c2)C)CC/N=C/c3nc([nH]c3)C,spin-crossover,high-spin,lig_93
YELWOC,Cc1nc(c[nH]1)/C=N/CCN(CC/N=C/c2nc([nH]c2)C)CC/N=C/c3nc([nH]c3)C,spin-crossover,high-spin,lig_93
YELWOC01,Cc1nc(c[nH]1)/C=N/CCN(CC/N=C/c2nc([nH]c2)C)CC/N=C/c3nc([nH]c3)C,spin-crossover,mixture,lig_93
YELWUI,Cc1nc(c[nH]1)/C=N/CCN(CC/N=C/c2nc([nH]c2)C)CC/N=C/c3nc([nH]c3)C,spin-crossover,high-spin,lig_93
YELWUI02,Cc1nc(c[nH]1)/C=N/CCN(CC/N=C/c2nc([nH]c2)C)CC/N=C/c3nc([nH]c3)C,spin-crossover,low-spin,lig_93
YELXET,Cc1nc(c[nH]1)/C=N/CCN(CC/N=C/c2nc([nH]c2)C)CC/N=C/c3nc([nH]c3)C,spin-crossover,high-spin,lig_93
YELXET01,Cc1nc(c[nH]1)/C=N/CCN(CC/N=C/c2nc([nH]c2)C)CC/N=C/c3nc([nH]c3)C,spin-crossover,low-spin,lig_93
YELXAP,Cc1nc(c[nH]1)/C=N/CCN(CC/N=C/c2nc([nH]c2)C)CC/N=C/c3nc([nH]c3)C,spin-crossover,high-spin,lig_93
ULODIJ,Cc1nc(c[nH]1)/C=N/CCN(CC/N=C/c2nc([nH]c2)C)CC/N=C/c3nc([nH]c3)C,spin-crossover,high-spin,lig_93
ULODIJ01,Cc1nc(c[nH]1)/C=N/CCN(CC/N=C/c2nc([nH]c2)C)CC/N=C/c3nc([nH]c3)C,spin-crossover,mixture,lig_93
NAVYEP01,Cc1nc(c[nH]1)/C=N/CCN(CC/N=C/c2nc([nH]c2)C)CC/N=C/c3nc([nH]c3)C,spin-crossover,low-spin,lig_93
BOCYOK02,Cn1ccnc1C(=O)c2nccn2C,spin-crossover,high-spin,lig_94
BOCYOK,Cn1ccnc1C(=O)c2nccn2C,spin-crossover,low-spin,lig_94
BOCZEB03,Cn1ccnc1C(=O)c2nccn2C,spin-crossover,high-spin,lig_94
BOCZEB,Cn1ccnc1C(=O)c2nccn2C,spin-crossover,low-spin,lig_94
VUJRIC,Cc1cc(n(n1)[C-](n2c(cc(n2)C)C)n3c(cc(n3)C)C)C,spin-crossover,low-spin,lig_95
QOSVOJ,c1ccc(cc1)c2nc(c[nH]2)/C=N/CCN(CC/N=C/c3nc([nH]c3)c4ccccc4)CC/N=C/c5nc([nH]c5)c6ccccc6,high-spin,high-spin,lig_96
DOQRAC,CC#N,spin-crossover,high-spin,lig_97
DOQRAC01,CC#N,spin-crossover,low-spin,lig_97
YAGYUB01,c1nnnn1CCI,spin-crossover,high-spin,lig_98
YAGYUB,c1nnnn1CCI,spin-crossover,low-spin,lig_98
TESMAF,Cc1nc(nn1C)c2ccc3ccc4cccnc4c3n2,spin-crossover,mixture,lig_99
TESLUY,Cc1nc(nn1C)c2ccc3ccc4cccnc4c3n2,low-spin,low-spin,lig_99
LINRAC,c1ccc(cc1)C[N@@](CCN(Cc2ccccn2)Cc3ccccn3)Cc4ccccn4,high-spin,high-spin,lig_100
HAXHIY,c1ccc(cc1)C[N@@](CCN(Cc2ccccn2)Cc3ccccn3)Cc4ccccn4,low-spin,low-spin,lig_100
GOGDUB,c1ccnc(c1)Nc2ccc3ccc4cccnc4c3n2,low-spin,low-spin,lig_101
FOYYAU,c1cnn(c1)c2cc(cc(n2)n3cccn3)CSC#N,high-spin,high-spin,lig_102
FOYYAU06,c1cnn(c1)c2cc(cc(n2)n3cccn3)CSC#N,spin-crossover,high-spin,lig_102
FOYYAU02,c1cnn(c1)c2cc(cc(n2)n3cccn3)CSC#N,spin-crossover,low-spin,lig_102
FOSBOG,c1ccc2cc(ccc2c1)c3cc(n[nH]3)c4cccc(n4)c5cc([nH]n5)c6ccc7ccccc7c6,high-spin,high-spin,lig_103
FOSCAT,c1ccc2cc(ccc2c1)c3cc(n[nH]3)c4cccc(n4)c5cc([nH]n5)c6ccc7ccccc7c6,spin-crossover,mixture,lig_103
FOSCEX,c1ccc2cc(ccc2c1)c3cc(n[nH]3)c4cccc(n4)c5cc([nH]n5)c6ccc7ccccc7c6,spin-crossover,high-spin,lig_103
FOSCEX01,c1ccc2cc(ccc2c1)c3cc(n[nH]3)c4cccc(n4)c5cc([nH]n5)c6ccc7ccccc7c6,spin-crossover,mixture,lig_103
FOSCOH,c1ccc2cc(ccc2c1)c3cc(n[nH]3)c4cccc(n4)c5cc([nH]n5)c6ccc7ccccc7c6,spin-crossover,mixture,lig_103
GAKKOS03,C1CSC(=N1)C2=NCCS2,spin-crossover,high-spin,lig_104
GAKKOS05,C1CSC(=N1)C2=NCCS2,spin-crossover,low-spin,lig_104
GAKKOS04,C1CSC(=N1)C2=NCCS2,high-spin,high-spin,lig_104
POHLON,c1cc2c(c3c1nccn3)nccn2,spin-crossover,high-spin,lig_105
POHLON01,c1cc2c(c3c1nccn3)nccn2,spin-crossover,low-spin,lig_105
REWPUF,c1cc(nc(c1)n2cc(cn2)Cl)n3cc(cn3)Cl,spin-crossover,high-spin,lig_106
REWPUF02,c1cc(nc(c1)n2cc(cn2)Cl)n3cc(cn3)Cl,spin-crossover,low-spin,lig_106
ABIWAK,Cn1cnc(n1)c2cnccn2,spin-crossover,low-spin,lig_107
MIWJUZ,c1ccnc(c1)c2cccc(n2)CCc3cccc(n3)c4ccccn4,high-spin,high-spin,lig_108
HIXFUQ01,CCCCCCOc1c(nc(cc1)/C=N/CCN(CC/N=C/c2nc(c(cc2)OCCCCCC)C)CC/N=C/c3nc(c(cc3)OCCCCCC)C)C,spin-crossover,high-spin,lig_109
HIXFUQ,CCCCCCOc1c(nc(cc1)/C=N/CCN(CC/N=C/c2nc(c(cc2)OCCCCCC)C)CC/N=C/c3nc(c(cc3)OCCCCCC)C)C,spin-crossover,low-spin,lig_109
GAPSUM,c1ccc(cc1)c2ccn(n2)c3cccc(n3)n4ccc(n4)c5ccccc5,high-spin,high-spin,lig_110
GAPSUM01,c1ccc(cc1)c2ccn(n2)c3cccc(n3)n4ccc(n4)c5ccccc5,high-spin,high-spin,lig_110
AKENAF,CC(C)/N=C/c1ccccn1,spin-crossover,high-spin,lig_111
AKENAF01,CC(C)/N=C/c1ccccn1,spin-crossover,low-spin,lig_111
AKEMUY,CC(C)/N=C/c1ccccn1,spin-crossover,low-spin,lig_111
XADFEN,Cc1nc(no1)c2cccc(n2)c3ccccn3,spin-crossover,low-spin,lig_112
LAYREJ01,c1ccnc(c1)c2cc[nH]n2,high-spin,high-spin,lig_113
LAYQUY,c1ccnc(c1)c2cc[nH]n2,high-spin,high-spin,lig_113
YECMAW,c1ccnc(c1)N(c2ccccn2)c3cccc(n3)N(c4ccccn4)c5ccccn5,spin-crossover,low-spin,lig_114
DULBUK02,CC1(CSC(=N1)c2cccc(n2)C3=NC(CS3)(C)C)C,spin-crossover,high-spin,lig_115
DULBUK,CC1(CSC(=N1)c2cccc(n2)C3=NC(CS3)(C)C)C,spin-crossover,low-spin,lig_115
DULCIZ,CC1(CSC(=N1)c2cccc(n2)C3=NC(CS3)(C)C)C,spin-crossover,low-spin,lig_115
DULCOF,CC1(CSC(=N1)c2cccc(n2)C3=NC(CS3)(C)C)C,spin-crossover,low-spin,lig_115
UFIPIJ01,c1ccc(cc1)N=C(c2ccccn2)c3ccccn3,spin-crossover,high-spin,lig_116
UFIPIJ,c1ccc(cc1)N=C(c2ccccn2)c3ccccn3,spin-crossover,low-spin,lig_116
XOCFIF,CC(=O)Sc1ccc(cc1)C#Cc2cc(nc(c2)n3cccn3)n4cccn4,spin-crossover,low-spin,lig_117
RUCJEF,c1ccnc(c1)C(c2ccccn2)(c3ccccn3)c4ccccn4,low-spin,low-spin,lig_118
MEQXIS01,Cc1nc(cs1)c2cccc(n2)c3csc(n3)C,spin-crossover,high-spin,lig_119
MEQXIS,Cc1nc(cs1)c2cccc(n2)c3csc(n3)C,spin-crossover,low-spin,lig_119
MEQVEM02,Cc1nc(cs1)c2cccc(n2)c3csc(n3)C,spin-crossover,high-spin,lig_119
MEQVEM,Cc1nc(cs1)c2cccc(n2)c3csc(n3)C,spin-crossover,low-spin,lig_119
OCEVEA01,Cc1nc(cs1)c2cccc(n2)c3csc(n3)C,spin-crossover,high-spin,lig_119
OCEVEA,Cc1nc(cs1)c2cccc(n2)c3csc(n3)C,spin-crossover,low-spin,lig_119
HOLSUZ,c1ccc(cc1)C[N@](CC[N@@](Cc2ccccc2)Cc3ccccn3)Cc4ccccn4,spin-crossover,high-spin,lig_120
HOLTUA,c1ccc(cc1)C[N@](CC[N@@](Cc2ccccc2)Cc3ccccn3)Cc4ccccn4,high-spin,high-spin,lig_120
HOLTOU,c1ccc(cc1)C[N@](CC[N@@](Cc2ccccc2)Cc3ccccn3)Cc4ccccn4,high-spin,high-spin,lig_120
HOLTEK,c1ccc(cc1)C[N@](CC[N@@](Cc2ccccc2)Cc3ccccn3)Cc4ccccn4,spin-crossover,high-spin,lig_120
HOLSOT,c1ccc(cc1)C[N@](CC[N@@](Cc2ccccc2)Cc3ccccn3)Cc4ccccn4,spin-crossover,low-spin,lig_120
KIFLOD,c1ccnc(c1)C[N@@]2CCC[N@]3CC[N@](CCC[N@](CC3)Cc4ccccn4)CC2,spin-crossover,low-spin,lig_121
KIFMAQ01,c1ccnc(c1)C[N@@]2CCC[N@]3CC[N@](CCC[N@](CC3)Cc4ccccn4)CC2,spin-crossover,high-spin,lig_121
KIFMAQ,c1ccnc(c1)C[N@@]2CCC[N@]3CC[N@](CCC[N@](CC3)Cc4ccccn4)CC2,spin-crossover,low-spin,lig_121
CERDEJ01,[B-](c1ccccc1)(n2ccc(n2)C)(n3ccc(n3)C)n4ccc(n4)C,high-spin,high-spin,lig_122
YAGYIP01,c1nnnn1CCBr,spin-crossover,high-spin,lig_123
YAGYIP,c1nnnn1CCBr,spin-crossover,low-spin,lig_123
WIDGOG,C(#N)[N-]C#N,high-spin,high-spin,lig_124
HAXHIY,C(#N)[N-]C#N,low-spin,low-spin,lig_124
YUJBUB01,Cc1ccn(n1)C(n2ccc(n2)C)n3c(ccn3)C,spin-crossover,mixture,lig_125
YUJBUB,Cc1ccn(n1)C(n2ccc(n2)C)n3c(ccn3)C,spin-crossover,low-spin,lig_125
QIDKAQ,CCn1nc(nn1)c2ccc3ccc4cccnc4c3n2,spin-crossover,low-spin,lig_126
QIDKEU,CCn1nc(nn1)c2ccc3ccc4cccnc4c3n2,spin-crossover,low-spin,lig_126
GAPTIB,c1cc(nc(c1)n2ccc(n2)CO)n3ccc(n3)CO,high-spin,high-spin,lig_127
UZELAN,Cc1cc(n(n1)CN(Cn2c(cc(n2)C)C)Cn3c(cc(n3)C)C)C,high-spin,high-spin,lig_128
ATAVEY01,c1cc2c3c(c4cccnc4c2nc1)nc([nH]3)c5cccs5,spin-crossover,high-spin,lig_129
ATAVEY,c1cc2c3c(c4cccnc4c2nc1)nc([nH]3)c5cccs5,spin-crossover,low-spin,lig_129
NOWBIK01,c1ccc(cc1)C#Cc2ccc(cc2)/N=C/c3ccccn3,spin-crossover,high-spin,lig_130
NOWBIK,c1ccc(cc1)C#Cc2ccc(cc2)/N=C/c3ccccn3,spin-crossover,low-spin,lig_130
WATJEJ,c1ccc(cc1)C#Cc2ccc(cc2)/N=C/c3ccccn3,spin-crossover,mixture,lig_130
WATJEJ01,c1ccc(cc1)C#Cc2ccc(cc2)/N=C/c3ccccn3,spin-crossover,low-spin,lig_130
KEKVIF,c1cc2ccc3cccnc3c2nc1,spin-crossover,high-spin,lig_131
KEKVIF01,c1cc2ccc3cccnc3c2nc1,spin-crossover,low-spin,lig_131
OCOPAA,c1cc2ccc3cccnc3c2nc1,low-spin,low-spin,lig_131
IQIJAT02,c1ccnc(c1)CN(CCCN)CCCN,spin-crossover,high-spin,lig_132
IQIJAT,c1ccnc(c1)CN(CCCN)CCCN,spin-crossover,low-spin,lig_132
WEKJED,C/C(=N\CCN)/c1ccccn1,low-spin,low-spin,lig_133
NEFSIA01,c1ccnc(c1)CN(CCN)Cc2ccccn2,spin-crossover,high-spin,lig_134
NEFSIA02,c1ccnc(c1)CN(CCN)Cc2ccccn2,spin-crossover,low-spin,lig_134
TIHTAF01,c1ccnc(c1)CN(CCN)Cc2ccccn2,spin-crossover,high-spin,lig_134
TIHTAF,c1ccnc(c1)CN(CCN)Cc2ccccn2,spin-crossover,low-spin,lig_134
CECVUD,c1ccc2c(c1)ccc(n2)CN(Cc3ccccn3)Cc4ccccn4,high-spin,high-spin,lig_135
POGXOA,c1ccnc(c1)c2csc(n2)N,high-spin,high-spin,lig_136
POGXUG,c1ccnc(c1)c2csc(n2)N,high-spin,high-spin,lig_136
TULHEQ,CCc1cccc(c1n2c(cc(n2)c3cccc(n3)c4cc(n(n4)c5c(cccc5CC)CC)O)O)CC,spin-crossover,low-spin,lig_137
ATAVAU,c1cc2c3c(c4cccnc4c2nc1)nc([nH]3)c5ccsc5,spin-crossover,low-spin,lig_138
EGIPOC,CCCCCCCCCCCCCCCCn1c2ccccc2nc1c3cc(cc(n3)c4nc5ccccc5n4CCCCCCCCCCCCCCCC)OCCCCCCCCCCCCCCCC,spin-crossover,low-spin,lig_139
NIXXEA,Cc1c(c(c(c(c1C)C)c2cc(n[nH]2)c3cccc(n3)c4[nH]c5ccccc5n4)C)C,high-spin,high-spin,lig_140
QIDLUL,CCCCCCCCCCCCCCCCn1nc(nn1)c2ccc3ccc4cccnc4c3n2,spin-crossover,high-spin,lig_141
QIDLUL01,CCCCCCCCCCCCCCCCn1nc(nn1)c2ccc3ccc4cccnc4c3n2,spin-crossover,mixture,lig_141
RESWIW,[B-](n1ccc(n1)C2CC2)(n3ccc(n3)C4CC4)(n5ccc(n5)C6CC6)n7ccc(n7)C8CC8,spin-crossover,high-spin,lig_142
RESWIW01,[B-](n1ccc(n1)C2CC2)(n3ccc(n3)C4CC4)(n5ccc(n5)C6CC6)n7ccc(n7)C8CC8,spin-crossover,mixture,lig_142
QIDJET,c1cc2ccc3ccc(nc3c2nc1)c4[n-]nnn4,spin-crossover,high-spin,lig_143
QIDJET01,c1cc2ccc3ccc(nc3c2nc1)c4[n-]nnn4,spin-crossover,low-spin,lig_143
QIDJIX,c1cc2ccc3ccc(nc3c2nc1)c4[n-]nnn4,spin-crossover,low-spin,lig_143
XODCEB,c1ccc(cc1)c2cc(n[nH]2)c3cccc(n3)c4[n-]c5ccccc5n4,low-spin,low-spin,lig_144
DUCFOW,c1ccnc(c1)CN2CCN(CCN(CC2)Cc3ccccn3)Cc4ccccn4,low-spin,low-spin,lig_145
YAMXAL,c1ccnc(c1)CN(Cc2ccccn2)[C@@H]3CCCC[C@H]3N(Cc4ccccn4)Cc5ccccn5,spin-crossover,low-spin,lig_146
WIFZUG,c1ccc(cc1)/C=C/c2ccncc2,spin-crossover,high-spin,lig_147
JAFBOI01,Cc1ccn(n1)c2cncc(n2)n3ccc(n3)C,spin-crossover,high-spin,lig_148
JAFBOI03,Cc1ccn(n1)c2cncc(n2)n3ccc(n3)C,spin-crossover,low-spin,lig_148
JAFBUO01,Cc1ccn(n1)c2cncc(n2)n3ccc(n3)C,spin-crossover,high-spin,lig_148
JAFBUO03,Cc1ccn(n1)c2cncc(n2)n3ccc(n3)C,spin-crossover,low-spin,lig_148
OBUJAW,[BH-](n1ccc(n1)C(F)(F)F)(n2ccc(n2)C(F)(F)F)n3ccc(n3)C(F)(F)F,high-spin,high-spin,lig_149
OBUJAW,[BH-](n1ccc(n1)C(F)(F)F)(n2ccc(n2)C(F)(F)F)n3ccc(n3)C(F)(F)F,high-spin,high-spin,lig_149
HAPDOU,COc1ccc2c(c1c3c(ccc4c3-c5c(cc6ccc7cccnc7c6n5)CC4)OC)-c8c(cc9ccc1cccnc1c9n8)CC2,high-spin,high-spin,lig_150
WAHKEX01,c1ccnc(c1)CCN(Cc2ccccn2)Cc3ccccn3,spin-crossover,high-spin,lig_151
WAHKEX,c1ccnc(c1)CCN(Cc2ccccn2)Cc3ccccn3,spin-crossover,low-spin,lig_151
DOMQUT02,Cc1ccc2ccc3ccc(nc3c2n1)c4[n-]c5ccccc5n4,spin-crossover,high-spin,lig_152
DOMQUT01,Cc1ccc2ccc3ccc(nc3c2n1)c4[n-]c5ccccc5n4,spin-crossover,mixture,lig_152
DOMQUT,Cc1ccc2ccc3ccc(nc3c2n1)c4[n-]c5ccccc5n4,spin-crossover,low-spin,lig_152
QIDJOD,Cn1nc(nn1)c2ccc3ccc4cccnc4c3n2,spin-crossover,low-spin,lig_153
QIDJUJ,Cn1nc(nn1)c2ccc3ccc4cccnc4c3n2,low-spin,low-spin,lig_153
KABYER,Cc1cccnc1c2c(cccn2)C,spin-crossover,mixture,lig_154
TETXAR,Cc1[nH]nc(n1)c2ccc3ccc4cccnc4c3n2,spin-crossover,low-spin,lig_155
PIVFEG,c1nnnn1C2CC2,spin-crossover,high-spin,lig_156
BAXXAB01,c1ccnc(c1)CNCCNCc2ccccn2,spin-crossover,high-spin,lig_157
YUYHOR01,c1ccnc(c1)CNCCNCc2ccccn2,spin-crossover,high-spin,lig_157
YUYHOR,c1ccnc(c1)CNCCNCc2ccccn2,spin-crossover,low-spin,lig_157
NIGXUY01,CC(C)Cn1cnnn1,spin-crossover,high-spin,lig_158
NIGXUY02,CC(C)Cn1cnnn1,spin-crossover,high-spin,lig_158
QUHWAT01,C[N@@](CC[N@](C)Cc1ccccn1)Cc2ccccn2,spin-crossover,mixture,lig_159
QUHWAT02,C[N@@](CC[N@](C)Cc1ccccn1)Cc2ccccn2,high-spin,high-spin,lig_159
KEZPIO01,c1ccnc(c1)CN(CCN(Cc2ccccn2)Cc3ccccn3)Cc4ccccn4,spin-crossover,high-spin,lig_160
KEZPIO,c1ccnc(c1)CN(CCN(Cc2ccccn2)Cc3ccccn3)Cc4ccccn4,spin-crossover,low-spin,lig_160
KEZPEK,c1ccnc(c1)CN(CCN(Cc2ccccn2)Cc3ccccn3)Cc4ccccn4,spin-crossover,low-spin,lig_160
MALJEP,[B-](c1ccc(cc1)I)(n2cccn2)(n3cccn3)n4cccn4,low-spin,low-spin,lig_161
TEKHOI,CC(=NCCN(Cc1ccccn1)Cc2ccccn2)C,high-spin,high-spin,lig_162
OJIVOS,c1ccnc(c1)c2c3ccccn3nn2,low-spin,low-spin,lig_163
OJIVOS,c1ccnc(c1)c2c3ccccn3nn2,low-spin,low-spin,lig_163
HOQFID,[B-](C(C)(C)C)(n1ccc(n1)C)(n2ccc(n2)C)n3ccc(n3)C,spin-crossover,low-spin,lig_164
GAPTEX,CCOC(=O)c1ccn(n1)c2cccc(n2)n3ccc(n3)C(=O)OCC,high-spin,high-spin,lig_165
TEKHAU,Cc1cccc(n1)CN(CCc2ccccn2)Cc3cccc(n3)C,high-spin,high-spin,lig_166
AJAXEP,c1ccnc(c1)C(=C2SC(=C(S2)SCCC#N)SCCC#N)c3ccccn3,spin-crossover,high-spin,lig_167
JAQVIG,c1ccnc(c1)c2cccc(n2)c3nc[nH]n3,spin-crossover,low-spin,lig_168
TUNBIN,CCn1cnnn1,spin-crossover,mixture,lig_169
QOZNOL,c1ccc(cc1)C[C@@H]2COC(=N2)c3cccc(n3)C4=N[C@@H](CO4)Cc5ccccc5,high-spin,high-spin,lig_170
PUBBOD,Cc1csc(n1)c2cccc(n2)c3ccccn3,spin-crossover,low-spin,lig_171
UZAXUQ,c1ccc2c(c1)cccc2/C=N/n3c(nnc3c4ccccn4)c5ccccn5,spin-crossover,high-spin,lig_172
WIDGIA,Cc1cc(n(n1)Cc2cccc(n2)c3cccc(n3)Cn4c(cc(n4)C)C)C,high-spin,high-spin,lig_173
WIDGOG,Cc1cc(n(n1)Cc2cccc(n2)c3cccc(n3)Cn4c(cc(n4)C)C)C,high-spin,high-spin,lig_173
FADVUC,Cc1ccc(cc1)n2c(nnc2c3ccccn3)c4ccccn4,spin-crossover,high-spin,lig_174
COMQUR,c1ccc2c(c1)cccc2C#Cc3ccc(cc3)/N=C/c4ccccn4,spin-crossover,high-spin,lig_175
COMQUR01,c1ccc2c(c1)cccc2C#Cc3ccc(cc3)/N=C/c4ccccn4,spin-crossover,low-spin,lig_175
DULDAS,c1cc(nc(c1)C2=NCCS2)C3=NCCS3,low-spin,low-spin,lig_176
PASDOD01,Cc1[nH]cnc1/C=N/CCN(CC/N=C/c2nc[nH]c2C)CC/N=C/c3nc[nH]c3C,spin-crossover,high-spin,lig_177
PASDOD,Cc1[nH]cnc1/C=N/CCN(CC/N=C/c2nc[nH]c2C)CC/N=C/c3nc[nH]c3C,spin-crossover,high-spin,lig_177
ZOKBOQ,c1cnc([nH]1)Cc2[nH]cc(n2)Cc3c[nH]cn3,spin-crossover,high-spin,lig_178
QERDOH,c1cnc([nH]1)Cc2[nH]cc(n2)Cc3c[nH]cn3,spin-crossover,low-spin,lig_178
QERDIB,c1cnc([nH]1)Cc2[nH]cc(n2)Cc3c[nH]cn3,spin-crossover,high-spin,lig_178
QERDIB01,c1cnc([nH]1)Cc2[nH]cc(n2)Cc3c[nH]cn3,spin-crossover,low-spin,lig_178
QIDLAR,CCCCCCn1nc(nn1)c2ccc3ccc4cccnc4c3n2,low-spin,low-spin,lig_179
QIDLEV,CCCCCCn1nc(nn1)c2ccc3ccc4cccnc4c3n2,low-spin,low-spin,lig_179
YIMYOJ,c1cnn(c1)C(CO)(n2cccn2)n3cccn3,spin-crossover,low-spin,lig_180
DUKJIE,c1cc2c3c(c4cccnc4c2nc1)nc([nH]3)c5ccncc5,high-spin,high-spin,lig_181
MIFRIF,c1cnc(cc1Cl)CNCCNCc2cc(ccn2)Cl,high-spin,high-spin,lig_182
MIFROL01,c1cnc(cc1Cl)CNCCNCc2cc(ccn2)Cl,spin-crossover,high-spin,lig_182
MIFROL,c1cnc(cc1Cl)CNCCNCc2cc(ccn2)Cl,spin-crossover,low-spin,lig_182
MIFSEC,c1cnc(cc1Cl)CNCCNCc2cc(ccn2)Cl,spin-crossover,high-spin,lig_182
MIFSAY,c1cnc(cc1Cl)CNCCNCc2cc(ccn2)Cl,spin-crossover,low-spin,lig_182
VILZEX,c1ccc(cc1)Cn2ccc(n2)c3cccc(n3)c4ccn(n4)Cc5ccccc5,high-spin,high-spin,lig_183
LAYRAF,c1ccnc(c1)c2[nH]ccn2,high-spin,high-spin,lig_184
QUHWAT,C[N@](CC[N@@](C)Cc1ccccn1)Cc2ccccn2,spin-crossover,high-spin,lig_185
RIZSOI,c1ccnc(c1)c2csc(n2)Nc3cnccn3,spin-crossover,low-spin,lig_186
KULTAO04,c1ccc(c(c1)c2[nH]c3c4cccnc4c5c(c3n2)cccn5)C(F)(F)F,spin-crossover,high-spin,lig_187
KULTAO05,c1ccc(c(c1)c2[nH]c3c4cccnc4c5c(c3n2)cccn5)C(F)(F)F,spin-crossover,low-spin,lig_187
FIWXIT,[B-](c1ccc(cc1)C#C[Si](C)(C)C)(n2ccc(n2)C)(n3ccc(n3)C)n4ccc(n4)C,spin-crossover,high-spin,lig_188
POGMED,Cc1ccccc1/N=C/c2[nH]ccn2,high-spin,high-spin,lig_189
TEKHUO,CN(C)C(=NCCN(Cc1ccccn1)Cc2ccccn2)N(C)C,high-spin,high-spin,lig_190
VIFNAC,c1nnnn1CCCCl,spin-crossover,high-spin,lig_191
VIFNAC01,c1nnnn1CCCCl,spin-crossover,mixture,lig_191
CATWUS,c1cc2c(nc1)-c3c(cccn3)C2=O,high-spin,high-spin,lig_192
SIXJUE,c1cc(nnc1)c2cccnn2,low-spin,low-spin,lig_193
JAQWAZ,Cc1nc(nn1C)c2cccc(n2)c3ccccn3,spin-crossover,low-spin,lig_194
TEKHIC,CN(C)CCN(Cc1ccccn1)Cc2ccccn2,high-spin,high-spin,lig_195
DOMQED,c1ccc2c(c1)[nH]c(n2)c3ccc4ccc5cccnc5c4n3,low-spin,low-spin,lig_196
WIDGEW,c1cc(nc(c1)c2cccc(n2)Cn3cccn3)Cn4cccn4,spin-crossover,high-spin,lig_197
WIGBAP,c1ccc(cc1)/C=C\c2ccncc2,high-spin,high-spin,lig_198
MEGDEH,C/C(=N\c1ccc(cc1)OC)/c2nc(ccc2)/C(=N/c3ccc(cc3)OC)/C,low-spin,low-spin,lig_199
TEKHEY,Cc1cccc(n1)CN(CCN(C)C)Cc2cccc(n2)C,high-spin,high-spin,lig_200
LARZAF,c1cc(nc(c1)c2nc[nH]n2)c3nc[nH]n3,high-spin,high-spin,lig_201
ULAHIY,c1cnc[nH]1,high-spin,high-spin,lig_202
VASYOF,Cc1ccnc(c1)Nc2cccc(n2)c3cccc(n3)Nc4cc(ccn4)C,high-spin,high-spin,lig_203
FIJTIC,CCn1ccnc1/N=N/c2ccc(cc2)C,high-spin,high-spin,lig_204
VILZOH,Cn1ccc(n1)c2cccc(n2)c3ccn(n3)C,high-spin,high-spin,lig_205
VIMBAW,Cn1ccc(n1)c2cccc(n2)c3ccn(n3)C,high-spin,high-spin,lig_205
ABUGAI,CCn1c2ccccc2nc1c3cccc(n3)c4[n-]c5ccccc5n4,low-spin,low-spin,lig_206
GAPTAT,CC(C)c1ccn(n1)c2cccc(n2)n3ccc(n3)C(C)C,high-spin,high-spin,lig_207
DEVDUD,c1c(ncs1)c2cscn2,spin-crossover,low-spin,lig_208
HMPBFE,[BH-](n1c(cc(n1)C)C)(n2c(cc(n2)C)C)n3c(cc(n3)C)C,spin-crossover,high-spin,lig_209
PAGXAW,Cc1ccc2ccc3ccc(nc3c2n1)C,high-spin,high-spin,lig_210
ZUCROE01,c1cc(=C(C#N)C#N)ccc1=C(C#N)C#N,spin-crossover,mixture,lig_211
ZUCROE,c1cc(=C(C#N)C#N)ccc1=C(C#N)C#N,spin-crossover,low-spin,lig_211
NOZJAN,c1cc\2nc(c1)/C=N/CCN3CC/N=C/c4nc(ccc4)/C=N/CCN(CC/N=C2)CC/N=C/c5nc(ccc5)/C=N/CC3,high-spin,high-spin,lig_212
FIWXEP,[B-](c1ccc(cc1)C#Cc2ccccc2)(n3ccc(n3)C)(n4ccc(n4)C)n5ccc(n5)C,spin-crossover,high-spin,lig_213
KUHRUC,Cc1ccc(nc1)Nc2cccc(n2)c3cccc(n3)Nc4ccc(cn4)C,high-spin,high-spin,lig_214
QALMAR,c1ccnc(c1)c2nc[nH]n2,spin-crossover,high-spin,lig_215
QALMAR01,c1ccnc(c1)c2nc[nH]n2,spin-crossover,mixture,lig_215
ABUFOV,Cn1c2ccccc2nc1c3cccc(n3)c4[n-]c5ccccc5n4,low-spin,low-spin,lig_216
VOJPAM,CCCCn1cnnn1,spin-crossover,high-spin,lig_217
FEKYEA,c1ccc2c(c1)[nH]c(n2)c3cccc(n3)c4[n-]c5ccccc5n4,spin-crossover,low-spin,lig_218
FEKYEA,c1ccc2c(c1)[nH]c(n2)c3cccc(n3)c4[n-]c5ccccc5n4,spin-crossover,low-spin,lig_218
GAZQUT,c1ccc(cc1)C(n2cnc(c2)/C=N/CCN(CC/N=C/c3ncn(c3)C(c4ccccc4)(c5ccccc5)c6ccccc6)CC/N=C/c7ncn(c7)C(c8ccccc8)(c9ccccc9)c1ccccc1)(c1ccccc1)c1ccccc1,high-spin,high-spin,lig_219
