ccdc_id,The zeta parameter,The delta parameter,The sigma parameter,The theta parameter,Mean M-L BL 
ABISOV,0.273644,0.000695,87.588730,215.927314,2.132173
ABISOV02,0.062515,0.000052,43.786713,112.954562,1.963684
ABITEM,0.323452,0.000786,98.456689,250.247925,2.167200
ABITEM01,0.066332,0.000042,50.381371,135.809710,1.976776
ABITUC,0.089330,0.000082,51.708890,139.538374,1.975014
ABITUC01,0.355143,0.000953,99.873197,249.253348,2.165704
ABIVAK,0.351681,0.000993,95.837082,238.027510,2.160557
ABIVAK01,0.104570,0.000103,51.223593,138.054194,1.974387
ABIWAK,0.034990,0.000014,58.783492,179.377779,1.973132
ABUFOV,0.147099,0.000229,80.058156,262.678402,1.937029
ABUGAI,0.169994,0.000243,87.984998,279.964518,1.948853
ADIYOB,0.195209,0.000334,87.728814,285.676026,1.950228
ADIYUH,0.096904,0.000073,197.277525,802.313368,2.196413
AFANEB,0.261736,0.000555,92.889738,293.053879,1.967633
AFANEB02,0.186408,0.000259,155.177337,500.263752,2.166261
AFANIF02,0.183116,0.000237,155.837132,501.154371,2.164887
AFOYOM,0.064320,0.000054,41.979947,107.186825,1.961729
AFOYUS,0.090351,0.000081,52.886532,152.117067,1.973024
AFOYUS02,0.303011,0.000832,100.296548,268.384600,2.169294
AFUJOD01,0.202318,0.000408,69.481220,178.520588,2.078844
AJAXEP,0.141640,0.000154,62.617358,194.645023,2.158184
AKEMUY,0.096503,0.000082,38.053442,143.338736,1.965350
AKENAF,0.247416,0.000438,60.684760,221.614099,2.112175
AKENAF01,0.124950,0.000127,40.612767,147.455518,1.964841
APAFEH,0.128456,0.000117,49.828432,162.774257,2.007002
APAFEM01,0.066427,0.000032,95.502499,292.951235,2.197803
APAFEM05,0.097268,0.000076,57.369977,181.606706,2.016147
ATAVAU,0.143562,0.000170,39.599198,119.331917,1.961532
ATAVEY,0.131192,0.000139,38.664944,133.734858,1.974263
ATAVEY01,0.239042,0.000382,67.801355,283.110962,2.167627
AWUKEK01,0.296891,0.000665,140.896414,471.754604,2.194495
BAXXAB01,0.268004,0.000552,80.725922,248.763934,2.153121
BAYZEH,0.083161,0.000070,27.506308,100.597436,1.985357
BAYZEH01,0.224845,0.000391,49.764878,175.110950,2.163090
BOCYOK,0.009981,0.000001,23.414425,58.988114,1.967276
BOCYOK02,0.096276,0.000066,37.253106,105.060340,2.157221
BOCZEB,0.005422,0.000000,23.369076,60.294720,1.960707
BOCZEB03,0.026250,0.000006,34.736392,100.358054,2.137588
BUNSIN,0.149349,0.000153,90.722039,339.477085,2.196670
BUNSIN01,0.265639,0.000565,90.951830,291.598897,2.076867
CATWUS,0.078308,0.000047,67.194124,198.127442,2.217657
CECVUD,0.404751,0.001322,94.581120,250.564962,2.167016
CERDEJ01,0.202263,0.000322,47.033394,113.963794,2.182250
COLJAO,0.271486,0.000541,100.574906,359.242020,2.175656
COMQUR,0.400282,0.001262,76.926971,220.815973,2.146218
COMQUR01,0.110176,0.000108,46.744148,136.492206,1.959865
COMRAY,0.176496,0.000259,86.120993,285.601547,1.942875
COMREC,0.186550,0.000293,89.009153,292.593712,1.946608
DEDNOQ,0.144210,0.000172,201.937471,805.830803,2.192165
DEVDUD,0.005737,0.000000,49.957543,161.512924,1.971304
DIXLUR10,0.066610,0.000042,100.594857,322.996340,2.193742
DOMQED,0.288088,0.000692,82.722370,286.985683,1.962702
DOMQIH,0.283487,0.000665,83.785402,280.426285,1.962448
DOMQON,0.402942,0.001054,140.916851,566.607181,2.193975
DOMQUT,0.378922,0.001427,88.576870,320.019847,1.991445
DOMQUT01,0.470348,0.001728,114.367986,401.417832,2.082315
DOMQUT02,0.555763,0.002046,139.729820,487.090807,2.183283
DOQRAC,0.123030,0.000117,50.187438,125.111467,2.127252
DOQRAC01,0.235881,0.000411,37.630714,97.574608,2.014676
DUCFOW,0.065593,0.000032,64.314471,163.184760,1.989973
DUKJAW,0.140261,0.000165,41.041638,128.779014,1.957814
DUKJAW01,0.296209,0.000615,68.292785,273.707408,2.152636
DUKJIE,0.385853,0.000988,77.515518,315.105880,2.174880
DULBUK,0.401116,0.001074,134.757183,425.419826,2.178874
DULBUK02,0.372847,0.001075,99.673160,324.696232,2.022246
DULCIZ,0.400483,0.001254,91.498348,295.059140,2.000572
DULCOF,0.383019,0.001176,86.085438,279.402311,1.979684
DULDAS,0.219295,0.000410,91.444483,297.772250,1.948221
DUSMAH,0.291615,0.000647,135.933326,450.477837,2.171917
DUSMAH03,0.272374,0.000605,115.268477,385.799147,2.087521
DUSMUB,0.285673,0.000605,141.361471,473.068882,2.190993
DUWHIO,0.147985,0.000186,57.032730,165.384083,1.957986
DUWHIO03,0.050321,0.000019,51.663453,224.658318,2.069916
EBOTOG,0.358349,0.000972,97.573373,240.833358,2.170603
EBOTOG01,0.292801,0.000699,89.538386,217.845129,2.129262
EBOVAU,0.338385,0.001016,105.456612,276.989470,2.166711
EBUQAU,0.023315,0.000004,54.595370,177.568440,1.985395
EBUQAU01,0.020284,0.000002,103.248431,282.911135,2.192168
ECELAA,0.123595,0.000163,172.669873,686.174626,2.178004
ECELEE01,0.158347,0.000236,122.265838,436.644776,2.069060
ECELII,0.161798,0.000212,148.813138,485.065968,2.167159
EGIPOC,0.165137,0.000248,85.694782,276.800307,1.943426
EMIPIZ01,0.141666,0.000161,179.661252,592.852927,2.184543
ENUBAR,0.047629,0.000020,54.438498,178.058846,1.971291
ENUBAR02,0.070536,0.000047,98.681714,275.592333,2.178399
ETUHIM,0.138474,0.000159,87.755888,349.159665,2.197824
ETUHIM02,0.191858,0.000315,58.184144,208.876716,2.053203
ETUJEK,0.134992,0.000129,91.083234,353.271227,2.186614
EYIJEB,0.046002,0.000024,59.036636,186.755177,1.972204
FADVUC,0.235576,0.000385,102.544889,289.439874,2.173141
FEBPYC02,0.056876,0.000028,45.713380,143.245291,1.959150
FEBPYC04,0.320988,0.000716,64.973895,248.264400,2.133316
FEISXC01,0.004679,0.000000,9.407026,23.060521,2.172492
FEKYEA,0.084161,0.000059,77.620982,250.179227,1.939540
FENFOW,0.364688,0.001333,112.008014,357.775995,1.955458
FEPICC36,0.088198,0.000057,101.713798,315.325718,2.195187
FEPICC37,0.084504,0.000058,60.235550,186.454686,2.010702
FETPYR,0.447587,0.001318,13.930105,52.755294,2.199470
FIJTIC,0.770508,0.003972,106.390735,288.928184,2.178572
FIWXEP,0.170563,0.000246,47.458992,114.884678,2.172181
FIWXIT,0.223255,0.000341,38.174671,93.721059,2.164971
FIWXOZ,0.081586,0.000058,3.157927,11.682829,1.991850
FIWXOZ01,0.123950,0.000161,19.293465,47.323945,2.080537
FIWXOZ02,0.129492,0.000140,33.026310,80.707910,2.139771
FOSBOG,0.195530,0.000284,150.141878,500.967430,2.180796
FOSCAT,0.137033,0.000159,120.170807,397.473210,2.067127
FOSCEX,0.174847,0.000243,135.613680,460.568131,2.138344
FOSCEX01,0.167481,0.000228,127.204200,430.382403,2.078905
FOSCOH,0.210969,0.000383,121.457742,414.598824,2.051659
FOYYAU,0.173714,0.000302,169.083312,631.117013,2.168340
FOYYAU02,0.214020,0.000382,87.292493,289.173684,1.950528
FOYYAU06,0.174009,0.000220,147.317630,497.552116,2.149160
GAKKOS03,0.380340,0.001041,78.727139,289.231841,2.159135
GAKKOS04,0.344027,0.000806,85.339750,329.545467,2.168456
GAKKOS05,0.049826,0.000023,52.907047,161.208116,1.951532
GAPSIA,0.091484,0.000061,186.684734,775.673402,2.185593
GAPSOG,0.103252,0.000085,198.851289,805.782811,2.196910
GAPSUM,0.262290,0.000502,177.324912,529.478309,2.190624
GAPSUM01,0.276558,0.000502,176.870237,528.941958,2.183140
GAPTAT,0.186533,0.000268,150.589006,498.996125,2.175344
GAPTEX,0.314207,0.000747,152.356724,495.115973,2.199473
GAPTIB,0.199672,0.000443,166.280828,580.987563,2.181872
GAZQUT,0.199247,0.000350,100.297988,284.225824,2.199095
GIVZAN,0.199509,0.000376,90.668915,303.731068,1.966337
GIVZER,0.135022,0.000140,123.472573,424.566814,2.075234
GIVZIV,0.160135,0.000158,157.785355,581.894740,2.177263
GOGDUB,0.121193,0.000130,30.809557,113.952414,1.975390
HAPDOU,0.418085,0.001124,125.678009,462.962645,2.216946
HAXHIY,0.192944,0.000473,56.284409,145.351845,1.995991
HECBUO,0.212558,0.000326,152.638040,493.052805,2.188507
HECCEZ,0.151047,0.000181,174.940838,688.608376,2.179327
HECCID,0.114597,0.000093,171.200518,649.830143,2.163149
HECCOJ,0.115747,0.000111,121.543568,420.081179,2.056802
HECCOJ01,0.155063,0.000179,146.405623,501.049211,2.168225
HIXDOK,0.182188,0.000271,94.512412,314.206326,1.957308
HIXDOK01,0.116689,0.000094,141.897744,467.750617,2.152990
HIXFOK,0.059201,0.000031,67.610627,194.444840,1.963903
HIXFUQ,0.406596,0.001177,85.555548,231.154877,2.006708
HIXFUQ01,0.626467,0.002238,116.549765,347.680515,2.234228
HMPBFE,0.099827,0.000070,41.017813,92.552336,2.171361
HOLSIN,0.584851,0.002755,85.702664,247.061168,2.221086
HOLSOT,0.244839,0.000559,51.838952,177.945651,2.001467
HOLSUZ,0.413218,0.001464,77.227929,252.902636,2.169624
HOLTAG,0.513840,0.002032,85.401845,238.916371,2.211733
HOLTEK,0.327885,0.000937,75.866503,239.435508,2.181558
HOLTOU,0.384399,0.001192,79.857368,249.618690,2.178204
HOLTUA,0.422755,0.001466,79.723938,253.803420,2.175016
HOMXIT,0.165836,0.000190,145.672490,466.445725,2.162058
HOMXIT01,0.162055,0.000202,128.988859,410.002967,2.077733
HOMXIT02,0.139290,0.000167,97.350618,316.331376,1.960826
HOQFID,0.041302,0.000014,6.087382,16.226371,1.984656
HPZBFE,0.018705,0.000003,20.860409,47.923538,1.974874
IBIWUM,0.081702,0.000048,103.721683,313.857374,2.197293
IBIXAT10,0.064386,0.000036,86.649930,262.720015,2.130030
IBIXAT14,0.098542,0.000102,58.089053,181.332440,2.000520
IBIXEX,0.088043,0.000066,100.888089,308.566025,2.187118
IBIXIB,0.110341,0.000081,105.104326,328.155237,2.200385
IGEDUU,0.188972,0.000299,86.790713,302.538026,1.943935
ILACON,0.137080,0.000195,92.075097,305.931504,1.955404
ILAWUP,0.156701,0.000198,143.011732,451.018635,2.164088
IMAHIO,0.088107,0.000086,72.717449,213.397413,1.983634
IMAHIO01,0.080639,0.000069,89.482254,285.259970,2.118750
IQIJAT,0.166970,0.000281,40.385961,125.920093,2.022172
IQIJAT02,0.174699,0.000209,63.162075,187.229861,2.198799
ISULAJ,0.265800,0.000408,112.344953,335.433712,2.203168
ITINOP,0.164716,0.000210,145.734518,469.225393,2.166422
ITINOP03,0.142119,0.000168,100.136524,317.577572,1.967120
IYUFOX,0.204808,0.000345,91.148525,300.457881,1.961389
IYUFOX01,0.154424,0.000168,146.343680,460.865388,2.142267
IZADEU,0.301599,0.000704,134.928875,451.409789,2.170279
IZADEU01,0.288998,0.000656,117.423918,391.211728,2.086892
IZADOE,0.333408,0.000843,140.171962,465.754980,2.197249
IZADUK,0.306953,0.000754,90.174333,290.681130,1.980449
IZADUK01,0.302832,0.000615,135.259876,426.161010,2.165340
IZAFEW,0.203696,0.000347,90.154502,291.737558,1.948959
IZAFEW03,0.218239,0.000361,130.414809,417.820837,2.118235
IZAFIA,0.206497,0.000355,92.225008,298.906428,1.957524
IZAFOG,0.190901,0.000308,96.288299,321.749680,1.984014
IZAFOG01,0.208386,0.000296,143.506448,474.346450,2.164505
IZAGAT,0.163153,0.000221,92.255221,292.809152,1.953288
IZAGAT02,0.143404,0.000193,117.203906,372.319681,2.049101
JAFBOI01,0.160348,0.000172,150.137540,471.349518,2.164087
JAFBOI03,0.295568,0.000702,94.032855,298.621589,1.972392
JAFBUO01,0.156075,0.000161,155.902512,490.023454,2.174519
JAFBUO03,0.302139,0.000721,96.171764,304.627636,1.988535
JAFCEZ,0.174964,0.000209,153.648731,519.768308,2.162602
JAFCEZ01,0.243456,0.000498,91.532189,304.415246,1.954275
JANSAS,0.000169,0.000000,13.029313,30.479707,2.151494
JANSAS06,0.000033,0.000000,8.049464,18.738525,1.991583
JAQQIB,0.127521,0.000120,60.302065,140.710733,1.981960
JAQVIG,0.172617,0.000263,81.568286,279.246113,1.952076
JAQVOM,0.109458,0.000122,78.053005,258.702244,1.931072
JAQVUS,0.206686,0.000387,78.688835,265.764968,1.951014
JAQWAZ,0.234520,0.000472,82.682511,270.712957,1.956750
JIQDAP,0.278584,0.000451,111.521891,337.259987,2.201428
JIQDET,0.175647,0.000181,90.079118,298.584703,2.217090
JIQDET04,0.023006,0.000006,65.152049,212.396496,2.013720
JOJQEE,0.415800,0.001150,154.805233,633.370307,2.205287
JUVGUC,0.000051,0.000000,6.434557,14.956937,2.164807
JUVHEN,0.056255,0.000041,8.887783,23.263282,2.184391
JUVHIR01,0.103039,0.000091,9.153882,30.022336,2.178159
JUVHIR03,0.028543,0.000008,6.951583,20.165970,2.089268
KABYER,0.021739,0.000004,72.444644,236.203299,2.063376
KALWUR,0.118977,0.000109,123.136141,389.936589,2.081744
KALXAY,0.129644,0.000129,110.897345,350.546546,2.016411
KALXAY01,0.165961,0.000186,141.695561,444.373717,2.150490
KEKVIF,0.393701,0.001049,62.034477,250.878487,2.155850
KEKVIF01,0.137929,0.000153,37.463764,135.916877,1.991868
KEZPEK,0.028134,0.000008,75.229827,252.645164,1.991840
KEZPIO,0.111833,0.000127,80.002162,283.655639,2.006240
KEZPIO01,0.185424,0.000301,92.037907,339.662222,2.059538
KIFLOD,0.120364,0.000107,68.761885,196.229871,2.059983
KIFLUJ,0.205870,0.000340,73.820122,202.619918,2.050834
KIFMAQ,0.156785,0.000197,75.913976,219.922631,2.086112
KIFMAQ01,0.053459,0.000022,95.947395,281.244018,2.197275
KOKKUR,0.440507,0.001416,103.926311,355.226667,2.148607
KOKKUR02,0.352864,0.001105,58.287061,194.738522,1.965029
KUHRUC,0.051055,0.000023,104.575619,454.096933,2.160565
KULTAO04,0.256967,0.000554,67.647751,222.787600,2.153749
KULTAO05,0.105947,0.000092,36.522491,111.948817,1.957683
LAGJEK01,0.053012,0.000024,11.590402,29.228048,2.184666
LAGJEK02,0.060366,0.000057,14.244075,39.467606,2.119237
LAQYIM,0.128307,0.000126,121.482920,420.955130,2.066207
LARZAF,0.142364,0.000133,137.618357,433.022712,2.178991
LAYQUY,0.253360,0.000554,76.060239,220.680456,2.161158
LAYRAF,0.352025,0.000867,66.654104,237.719067,2.170162
LAYREJ01,0.295884,0.000612,78.240567,270.553386,2.163926
LINRAC,0.350655,0.001278,128.297982,456.380046,2.187924
LOQPAI,0.727466,0.004423,97.313478,264.268252,2.184342
LUWSUS,0.211697,0.000401,70.041177,180.981923,2.043769
LUWSUS01,0.322329,0.000791,96.212375,243.327287,2.167958
LUWSUS02,0.202331,0.000578,78.171073,192.142872,2.065930
LUWSUS03,0.344828,0.001103,98.399673,239.255866,2.161239
LUWSUS04,0.084411,0.000070,47.317856,122.741380,1.957333
LUWSUS05,0.245697,0.000603,76.738505,190.025912,2.074513
LUWSUS06,0.371630,0.001108,95.642350,232.973718,2.150429
LUWSUS07,0.073523,0.000058,42.080875,110.228080,1.962676
LUWSUS09,0.287777,0.000763,86.589401,220.045394,2.145199
LUWTED,0.061683,0.000052,41.815057,108.313826,1.959407
LUWTED01,0.211559,0.000509,72.702277,184.945973,2.080338
LUWTED02,0.288770,0.000773,87.132526,218.000347,2.140887
LUXMOH,0.164224,0.000200,168.570848,515.370541,2.169506
LUXMOH01,0.185937,0.000298,94.039887,295.068404,1.947450
MALJEP,0.043396,0.000020,20.402724,47.967117,1.963585
MALJIT,0.186844,0.000229,48.479184,114.309319,2.183294
MALJIT01,0.208274,0.000291,44.759333,109.749866,2.175293
MALJIT03,0.101178,0.000085,4.204284,15.704500,1.991878
MALJOZ,0.101229,0.000090,44.847255,110.284269,2.162316
MALJOZ01,0.048087,0.000020,6.076692,18.151748,1.992566
MEGDEH,0.315808,0.000840,99.759173,306.515517,1.947121
MELLOF,0.182675,0.000343,63.460352,184.857461,2.060596
MELLOF01,0.220085,0.000409,79.794539,244.016265,2.096506
MELLOF02,0.157444,0.000191,87.862608,270.672304,2.200523
MEQVEM,0.280150,0.000621,82.801922,272.121625,1.995400
MEQVEM02,0.261140,0.000465,129.482081,419.002464,2.173753
MEQXIS,0.285362,0.000661,77.916344,259.668063,1.980523
MEQXIS01,0.243516,0.000407,123.044234,382.706000,2.134879
MIFRIF,0.324737,0.000787,88.413131,280.855013,2.174356
MIFROL,0.170073,0.000298,60.473115,175.106401,1.976749
MIFROL01,0.306009,0.000663,86.911663,272.423538,2.170415
MIFSAY,0.163118,0.000242,42.734688,110.492717,1.973428
MIFSEC,0.244789,0.000445,89.539361,277.290561,2.174997
MIWJUZ,0.281667,0.000554,79.783388,307.377627,2.192034
MOFRAA,0.089421,0.000067,65.334272,147.495478,2.177321
MOFREE,0.042388,0.000012,65.550915,145.009321,2.167429
NAVYEP,0.098443,0.000066,80.838641,261.734131,2.194536
NAVYEP01,0.111265,0.000144,63.030823,196.126734,2.022309
NEFSIA01,0.286356,0.000761,92.044920,223.083104,2.174805
NEFSIA02,0.109774,0.000125,46.447024,117.662183,1.978392
NEFVID,0.029229,0.000006,7.546096,25.260536,2.190935
NEMSAZ,0.151284,0.000161,146.926162,480.755651,2.156400
NEMSED,0.151123,0.000163,147.062704,471.809745,2.165602
NERDIA,0.141286,0.000168,93.366458,299.556650,1.954376
NERDIA01,0.163907,0.000217,138.026761,437.378081,2.144555
NESVOX,0.184388,0.000281,147.371994,464.516024,2.152622
NESVOX02,0.152616,0.000176,145.339127,467.427912,2.149947
NESVUD,0.110631,0.000081,157.110906,496.685396,2.170658
NESVUD01,0.188352,0.000326,88.603092,298.654898,1.947322
NESWAK,0.211112,0.000371,84.257729,280.166156,1.942355
NETBUJ,0.302606,0.000754,86.672282,287.132563,1.950307
NICSEA,0.083350,0.000052,59.266865,176.330220,1.959110
NIGXUY01,0.070781,0.000033,3.960387,12.146586,2.191392
NIGXUY02,0.068155,0.000031,6.710615,22.547486,2.189012
NIQFUP,0.387986,0.001041,83.842008,231.121066,2.014559
NIQFUP11,0.521101,0.001566,111.006538,336.652433,2.216018
NIXWEZ,0.144289,0.000187,103.887062,369.497126,2.064849
NIXXAW,0.175086,0.000244,136.440271,457.401625,2.128883
NIXXEA,0.180263,0.000263,142.176457,501.243271,2.178389
NOWBIK,0.049557,0.000022,57.164480,165.121897,1.951283
NOWBIK01,0.550489,0.002501,75.267179,236.630456,2.158520
NOZJAN,0.548658,0.001700,100.840631,331.664477,2.230733
NUMBEC,0.357265,0.000985,68.860904,143.921371,2.176802
NUMBEC01,0.330123,0.000727,157.050751,2184.420019,2.135613
NUMBEC02,0.352158,0.000949,63.601439,160.126222,2.176841
OBUJAW,0.066677,0.000035,22.558090,53.719498,2.235726
OCEVEA,0.276222,0.000606,78.065862,258.362189,1.985023
OCEVEA01,0.248920,0.000418,124.329386,403.799456,2.160918
OCOPAA,0.042476,0.000016,44.719994,145.657171,1.973678
OJIVOS,0.160342,0.000321,53.454343,176.214320,1.957033
OLAYAC,0.091534,0.000089,60.976688,196.283613,1.995416
OLAYAC01,0.180048,0.000239,93.394086,285.719838,2.168741
OZOGIV,0.130843,0.000128,163.078641,606.393644,2.189405
PAGXAW,0.555775,0.002234,87.081589,224.171658,2.204981
PASDOD,0.035354,0.000011,54.246519,177.661795,1.976757
PASDOD01,0.061865,0.000030,94.665863,280.347635,2.187621
PASGOF,0.279143,0.000538,64.237105,218.375853,2.136369
PASGOF01,0.071301,0.000052,48.068789,156.911524,1.963274
PEJQIF,0.037582,0.000009,15.442048,36.080944,2.178918
PEJQIF01,0.403800,0.001413,17.866066,67.148093,2.010999
PIVFEG,0.000093,0.000000,3.018646,6.963394,2.190282
POGMED,0.543681,0.001989,74.378707,270.399816,2.182130
POGXOA,0.121018,0.000108,76.070053,209.806784,2.164909
POGXUG,0.092935,0.000058,77.722069,218.481128,2.167464
POHLON,0.419863,0.001278,80.439229,197.656866,2.162943
POHLON01,0.128287,0.000148,36.462450,97.769561,1.968644
POWSID,0.288967,0.000654,75.688556,247.230399,2.168042
POWSID01,0.331670,0.000734,76.636805,247.413346,2.180125
PUBBOD,0.330922,0.001062,79.517289,283.271361,1.957770
PUTGOC,0.090716,0.000070,54.366068,180.286250,2.015389
PUTGOC01,0.135352,0.000178,91.516544,322.486924,2.184925
PUTHAP,0.087852,0.000069,52.725425,170.228951,2.003456
PUTHAP01,0.101433,0.000101,86.573948,277.606235,2.192459
PUTHIX,0.154127,0.000168,51.124921,163.923803,1.998171
PUTHIX01,0.084541,0.000066,87.609382,273.944337,2.177721
QAHPIY01,0.026586,0.000009,12.400897,36.356591,2.072938
QAHPIY02,0.009416,0.000001,10.175528,29.042496,2.177791
QAHVIE,0.226045,0.000346,70.800198,277.513777,2.147974
QAHVOK,0.190425,0.000270,71.845204,277.964793,2.141792
QALMAR,0.189179,0.000251,85.995078,265.232658,2.178553
QALMAR01,0.116192,0.000094,59.523459,189.579851,2.027234
QERDIB,0.053028,0.000019,54.059197,201.938675,2.178579
QERDIB01,0.007868,0.000001,29.866388,99.802218,1.996160
QERDOH,0.084150,0.000066,21.210602,72.501527,1.996472
QIDJET,0.322043,0.000757,145.469952,553.324957,2.184365
QIDJET01,0.253912,0.000555,90.264882,341.242197,1.969878
QIDJIX,0.259768,0.000581,87.247714,298.132181,1.958414
QIDJOD,0.236711,0.000454,89.791913,317.745610,1.970088
QIDJUJ,0.244599,0.000500,86.153712,299.212718,1.956379
QIDKAQ,0.235686,0.000469,89.048984,295.581772,1.963462
QIDKEU,0.221923,0.000384,100.703702,335.989276,2.007027
QIDKIY,0.216445,0.000409,89.556778,287.762741,1.959233
QIDKOE,0.229616,0.000479,87.146612,292.353406,1.959165
QIDKUK,0.241758,0.000540,88.806821,296.860218,1.958307
QIDLAR,0.206373,0.000424,90.026617,279.562564,1.947484
QIDLEV,0.200115,0.000402,89.487959,277.802909,1.945291
QIDLIZ,0.213155,0.000414,89.561566,283.809722,1.952594
QIDLOF,0.201998,0.000410,89.807600,284.137647,1.950349
QIDLUL,0.226513,0.000393,138.883683,454.468428,2.143074
QIDLUL01,0.242026,0.000460,117.871076,390.808981,2.068410
QOMDAY,0.032151,0.000007,96.899211,411.596384,2.142888
QOMDAY01,0.078705,0.000063,75.976777,295.321096,2.045476
QOMDAY02,0.115950,0.000114,57.253649,188.831223,1.954628
QOSVOJ,0.163851,0.000367,83.677528,265.945501,2.208918
QOZNOL,0.366472,0.000899,165.090421,650.963832,2.206058
QUHWAT,0.339221,0.000766,75.794219,226.786032,2.177240
QUHWAT01,0.364343,0.000893,75.421871,232.775772,2.179148
QUHWAT02,0.321802,0.000857,84.727758,290.950944,2.192274
QUNYAA,0.118504,0.000117,51.017258,155.438191,1.992642
QUNYEE,0.269132,0.000536,68.402601,198.894781,2.168817
QUNYEE01,0.076595,0.000054,38.147250,117.520343,1.963125
RAKZIM,0.045953,0.000014,4.408794,15.663321,2.208354
RAKZIM01,0.351810,0.001124,24.223007,68.260886,1.901036
RESWES,0.014295,0.000002,45.982216,112.114262,2.190418
RESWIW,0.143760,0.000149,49.082716,112.857191,2.180627
RESWIW01,0.127279,0.000132,25.652021,63.035062,2.088753
REWPOZ,0.167997,0.000188,150.905705,473.346775,2.167499
REWPUF,0.139840,0.000130,155.882661,490.935862,2.169960
REWPUF02,0.200414,0.000356,85.366945,285.022118,1.944418
RIZSOI,0.291292,0.000700,44.351883,163.947703,1.984894
RONPIT26,0.343853,0.001011,80.668113,206.736434,2.164001
RONPIT34,0.105520,0.000086,45.513593,134.090144,1.970546
RONPIT39,0.061910,0.000032,48.485276,144.198433,1.953085
RONPIT41,0.487174,0.001603,89.280765,267.133587,2.173612
RUCJEF,0.096780,0.000075,22.409917,53.218161,1.970898
SIXJUE,0.000441,0.000000,53.561111,173.933433,1.926866
SOJKUY,0.161847,0.000194,148.547347,478.862826,2.173552
TEKHAU,0.409740,0.001267,77.306342,245.437208,2.208307
TEKHEY,0.586281,0.002423,84.352342,234.992626,2.222245
TEKHIC,0.443183,0.002019,83.036287,214.699300,2.189994
TEKHOI,0.406950,0.001191,92.223665,253.254416,2.178661
TEKHUO,0.366027,0.000939,92.923275,217.688683,2.164902
TESLUY,0.310579,0.000804,83.661329,287.453994,1.969828
TESMAF,0.258699,0.000544,123.227658,438.859146,2.096346
TETXAR,0.253258,0.000548,84.465253,279.714795,1.966235
TIHTAF,0.128084,0.000174,61.171581,189.351824,2.001287
TIHTAF01,0.185159,0.000286,103.977632,305.133007,2.187330
TISWIC,0.482294,0.001648,40.246299,155.177829,2.158664
TISWIC01,0.435478,0.001387,38.525631,150.302933,2.110089
TULHEQ,0.272058,0.000604,89.283158,290.780443,1.978304
TULHIU,0.039946,0.000013,163.664076,516.356216,2.163765
TUNBIN,0.018089,0.000003,10.018446,28.609658,2.189729
UCIGUJ,0.661704,0.002931,155.201601,527.911040,2.192497
UFIPIJ,0.103278,0.000092,53.751795,152.151796,1.973004
UFIPIJ01,0.312192,0.000729,79.010843,238.372394,2.169460
UJEDOC,0.102526,0.000092,102.387182,328.292159,1.958428
UJEDOC01,0.124657,0.000103,159.715812,497.715831,2.172991
ULAHIY,0.000165,0.000000,30.450791,72.490970,2.203844
ULODIJ,0.177558,0.000188,84.095980,288.852260,2.200703
ULODIJ01,0.071830,0.000036,63.865146,211.704051,2.046033
ULODUV,0.170073,0.000214,90.089732,287.250252,2.203814
ULOFAD,0.166182,0.000211,89.480084,287.162290,2.207318
ULOFEH,0.145200,0.000161,89.633404,287.529826,2.204191
UZAXUQ,0.282592,0.000564,83.294289,286.098879,2.158331
UZELAN,0.447883,0.001945,104.228680,246.345669,2.174235
VASYOF,0.062041,0.000029,101.060096,438.554579,2.156722
VASYUL,0.198954,0.000316,50.183887,158.582788,1.979522
VASYUL01,0.063706,0.000029,79.039112,275.183710,2.143497
VASZEW,0.136739,0.000154,59.577211,183.733220,1.965197
VASZEW01,0.070362,0.000042,77.736402,253.203649,2.067963
VEVQOE,0.226699,0.000381,130.945172,414.426356,2.150393
VEWVEY,0.168844,0.000230,133.850958,417.805813,2.208441
VEYTEY,0.161305,0.000221,90.011155,263.372520,2.183771
VEYTIC,0.045235,0.000012,84.073289,260.634970,2.205666
VIFNAC,0.000060,0.000000,4.327987,10.041319,2.194335
VIFNAC01,0.033708,0.000011,11.863576,30.883051,2.114169
VILZAT,0.233154,0.000355,140.026175,435.634869,2.187288
VILZEX,0.230068,0.000422,141.771431,497.082266,2.197214
VILZOH,0.212864,0.000360,150.810180,457.327483,2.131428
VIMBAW,0.270731,0.000506,147.728398,519.599192,2.212685
VISCAD,0.122053,0.000117,142.638523,467.680838,2.155769
VOJPAM,0.000154,0.000000,10.346893,24.142025,2.191012
VUJRIC,0.029426,0.000007,22.913771,55.069232,1.989428
WAHKEX,0.156037,0.000272,42.834832,120.078721,1.985647
WAHKEX01,0.325087,0.000906,67.550092,198.405635,2.174219
WATJEJ,0.361119,0.001053,80.516300,213.135256,2.152511
WATJEJ01,0.078088,0.000049,59.342687,167.757372,1.967029
WEKJED,0.250768,0.000650,71.753073,240.635830,1.958742
WEKJIH,0.296127,0.000879,72.149619,237.930972,1.967437
WIDGEW,0.238693,0.000347,71.878437,200.419016,2.161705
WIDGIA,0.114315,0.000102,89.106576,287.988324,2.189008
WIDGOG,0.055470,0.000021,87.737985,277.546032,2.189154
WIFZUG,0.296880,0.000605,23.749188,78.012032,2.179628
WIGBAP,0.484599,0.001527,16.020488,55.214156,2.192845
XADFEN,0.222957,0.000479,83.873758,286.509206,1.956365
XAMNII,0.016612,0.000002,29.449522,69.115025,1.958248
XAMNII01,0.025464,0.000005,28.603760,68.421753,1.968183
XECMIB01,0.371900,0.001128,90.859860,241.781389,2.172454
XECMIB02,0.200216,0.000323,57.648147,158.652959,2.021948
XECNAU,0.088008,0.000071,46.339370,134.594081,1.967120
XECNAU01,0.411812,0.001417,82.687502,219.132590,2.160365
XEFDER02,0.065835,0.000031,67.046572,148.190418,2.163603
XEFDER06,0.064642,0.000034,65.994967,147.666309,2.176401
XENBEX06,0.155550,0.000167,150.758407,496.604508,2.178685
XENBEX07,0.203188,0.000348,86.144618,281.448131,1.958329
XEVYUS,0.022846,0.000005,30.713954,72.862644,1.972308
XOCFIF,0.212207,0.000382,87.224730,289.800239,1.943251
XODCEB,0.135569,0.000165,87.511599,276.707092,1.950144
XUGGEO,0.297929,0.000647,85.870479,248.793507,2.174042
XUGGEO01,0.296509,0.000592,86.037273,248.675630,2.181393
XUGGEO02,0.160813,0.000260,55.949733,166.489082,1.985620
XUGGEO03,0.131596,0.000172,55.849131,163.578775,1.985911
XUGGIS,0.148426,0.000233,55.541816,164.269690,1.987301
XUGGIS01,0.318515,0.000677,85.407144,247.122673,2.181438
XUGGIS02,0.161856,0.000260,55.490580,165.846706,1.986070
XUGGUE,0.328381,0.000766,88.423802,294.674503,2.182910
XUGHAL,0.292143,0.000598,85.973412,249.925658,2.176914
YAGYIP,0.315693,0.000756,57.935564,149.072133,2.049275
YAGYIP01,0.014726,0.000002,21.184901,54.021447,2.222678
YAGYUB,0.361771,0.001308,12.834298,47.684130,1.962940
YAGYUB01,0.044381,0.000013,4.584947,13.618011,2.211393
YAMXAL,0.079857,0.000066,71.216034,264.828955,2.005421
YECMAW,0.026277,0.000007,24.919195,65.939809,2.000997
YELWOC,0.113719,0.000090,83.423665,280.260831,2.200892
YELWOC01,0.071300,0.000046,71.602212,226.933840,2.090901
YELWUI,0.091888,0.000053,83.161441,279.434135,2.190356
YELWUI02,0.071856,0.000055,68.356122,201.352403,1.969031
YELXAP,0.171959,0.000175,82.863076,282.920570,2.202186
YELXET,0.077980,0.000039,83.818361,277.979462,2.189095
YELXET01,0.030655,0.000010,62.547410,186.049212,2.006921
YEQKIR,0.059558,0.000028,9.586238,24.435143,2.179448
YIMYEZ,0.048276,0.000020,23.405623,57.146834,1.980332
YIMYEZ01,0.048844,0.000024,24.721912,60.589687,1.975744
YIMYEZ02,0.064363,0.000051,66.331523,155.757446,2.141979
YIMYID02,0.057223,0.000028,34.348117,86.227973,2.017959
YIMYID04,0.084009,0.000052,70.681131,168.566512,2.172782
YIMYOJ,0.113222,0.000100,24.347045,60.538218,1.966640
YIVSEB,0.241664,0.000409,86.910744,277.885108,2.191015
YUJBUB,0.058454,0.000028,26.027195,66.024651,1.992673
YUJBUB01,0.107252,0.000082,63.403988,145.628521,2.145229
YUYHOR,0.146288,0.000211,34.471389,87.045059,1.974619
YUYHOR01,0.161388,0.000194,51.331769,145.675101,2.060212
YUZTIX,0.221366,0.000412,89.213884,286.932259,1.941668
YUZTOD,0.203580,0.000344,87.127411,282.924843,1.944115
YUZTUJ,0.215491,0.000398,86.562613,309.611956,1.945478
ZEQMEP02,0.121720,0.000098,77.470622,171.070531,2.178100
ZIKKUC,0.184212,0.000284,113.684539,400.644020,2.065766
ZIKKUC04,0.298686,0.000962,126.401814,434.386108,2.133374
ZIKMAK05,0.199145,0.000385,86.780167,300.338427,1.950386
ZIKMAK09,0.280614,0.000824,112.566728,389.806621,2.047925
ZIMMAJ,0.198902,0.000327,115.991823,413.539850,2.222213
ZOKBOQ,0.016081,0.000002,60.103345,238.233666,2.181574
ZOYKUV,0.125378,0.000148,53.935096,181.373058,1.990745
ZOYKUV01,0.133093,0.000120,69.954405,264.951152,2.165174
ZUBNAO,0.066222,0.000035,39.135627,118.563372,1.971618
ZUBNAO01,0.302913,0.000648,74.732797,193.082010,2.118194
ZUBNES,0.256415,0.000492,69.979129,183.895543,2.123974
ZUBNIW01,0.066798,0.000037,37.894313,109.608267,1.964939
ZUBNOC,0.312127,0.000645,81.627661,243.284258,2.172613
ZUCROE,0.196754,0.000395,58.231872,182.000047,1.974959
ZUCROE01,0.158253,0.000233,64.297031,235.481542,2.117791
